booking_id,session_id,user_id,experience_id,booking_date,travel_date,quantity,unit_price_usd,discount,channel,device,status,gross_usd
BKG-000001,SES-000025,USR-05780,EXP-0292,2025-03-28,2025-03-31,3,96.78,0.0,affiliates,mobile,completed,290.34
BKG-000002,SES-000055,USR-05714,EXP-0081,2024-08-11,2024-09-16,2,101.07,0.08,affiliates,desktop,completed,185.97
BKG-000003,SES-000068,USR-05813,EXP-0278,2025-01-02,2025-01-05,2,53.74,0.0,paid_search,desktop,completed,107.48
BKG-000004,SES-000090,USR-05714,EXP-0197,2025-05-06,2025-05-19,2,77.86,0.16,organic,mobile,cancelled,130.8
BKG-000005,SES-000100,USR-04877,EXP-0015,2024-08-05,2024-09-02,3,31.62,0.0,paid_search,mobile,completed,94.86
BKG-000006,SES-000119,USR-05104,EXP-0138,2025-02-04,2025-02-18,5,61.09,0.16,paid_search,desktop,completed,256.58
BKG-000007,SES-000125,USR-00535,EXP-0086,2025-06-10,2025-06-19,2,31.42,0.0,paid_search,mobile,completed,62.84
BKG-000008,SES-000133,USR-02830,EXP-0060,2025-06-26,2025-07-17,2,88.11,0.0,paid_search,mobile,cancelled,176.22
BKG-000009,SES-000148,USR-00269,EXP-0181,2024-12-10,2024-12-15,2,111.47,0.0,paid_search,mobile,completed,222.94
BKG-000010,SES-000167,USR-06204,EXP-0003,2025-05-24,2025-06-10,2,99.5,0.0,referral,mobile,completed,199.0
BKG-000011,SES-000168,USR-06190,EXP-0091,2025-03-05,2025-03-16,4,110.83,0.0,social,desktop,completed,443.32
BKG-000012,SES-000173,USR-01274,EXP-0231,2024-10-06,2024-10-07,3,66.53,0.0,referral,desktop,completed,199.59
BKG-000013,SES-000186,USR-01051,EXP-0169,2024-07-22,2024-07-28,3,95.03,0.0,paid_search,mobile,completed,285.09
BKG-000014,SES-000193,USR-01359,EXP-0044,2024-11-08,2024-11-10,4,198.83,0.0,social,mobile,completed,795.32
BKG-000015,SES-000194,USR-05615,EXP-0179,2024-09-06,2024-09-15,2,37.61,0.0,affiliates,mobile,completed,75.22
BKG-000016,SES-000220,USR-04142,EXP-0021,2025-04-19,2025-06-01,3,96.54,0.0,organic,desktop,completed,289.62
BKG-000017,SES-000247,USR-05270,EXP-0033,2025-04-27,2025-05-01,3,79.68,0.0,organic,desktop,cancelled,239.04
BKG-000018,SES-000248,USR-03881,EXP-0246,2024-12-05,2024-12-15,2,129.58,0.14,organic,desktop,completed,222.88
BKG-000019,SES-000258,USR-06204,EXP-0201,2024-08-05,2024-09-11,2,72.43,0.06,organic,mobile,completed,136.17
BKG-000020,SES-000300,USR-04157,EXP-0055,2024-10-13,2024-10-24,1,64.56,0.0,email,mobile,cancelled,64.56
BKG-000021,SES-000322,USR-03882,EXP-0177,2024-07-20,2024-08-19,3,37.36,0.0,email,desktop,refunded,112.08
BKG-000022,SES-000323,USR-01362,EXP-0291,2024-11-05,2024-11-18,2,102.33,0.0,social,mobile,completed,204.66
BKG-000023,SES-000378,USR-02413,EXP-0217,2024-07-15,2024-08-18,4,53.96,0.0,paid_search,mobile,completed,215.84
BKG-000024,SES-000390,USR-06876,EXP-0247,2024-09-03,2024-09-24,2,133.97,0.0,email,desktop,completed,267.94
BKG-000025,SES-000398,USR-01051,EXP-0150,2025-06-12,2025-06-22,2,88.99,0.0,affiliates,desktop,completed,177.98
BKG-000026,SES-000430,USR-02290,EXP-0007,2025-05-21,2025-06-03,2,124.85,0.0,paid_search,mobile,completed,249.7
BKG-000027,SES-000436,USR-01210,EXP-0221,2025-03-04,2025-03-08,3,75.03,0.0,referral,mobile,completed,225.09
BKG-000028,SES-000445,USR-03092,EXP-0167,2024-08-10,2024-08-11,4,83.44,0.0,paid_search,desktop,completed,333.76
BKG-000029,SES-000490,USR-03090,EXP-0005,2024-08-08,2024-09-06,2,68.99,0.0,organic,mobile,completed,137.98
BKG-000030,SES-000497,USR-03812,EXP-0182,2024-11-29,2024-12-01,2,70.44,0.0,referral,mobile,completed,140.88
BKG-000031,SES-000513,USR-06876,EXP-0147,2025-03-14,2025-03-26,2,30.33,0.0,organic,desktop,completed,60.66
BKG-000032,SES-000531,USR-06369,EXP-0259,2025-02-23,2025-03-14,2,125.42,0.15,organic,mobile,completed,213.21
BKG-000033,SES-000537,USR-01759,EXP-0134,2025-01-18,2025-01-22,2,40.82,0.0,organic,mobile,completed,81.64
BKG-000034,SES-000545,USR-00295,EXP-0034,2025-05-15,2025-05-24,2,96.79,0.14,paid_search,desktop,completed,166.48
BKG-000035,SES-000564,USR-01604,EXP-0290,2024-12-02,2024-12-05,1,170.3,0.0,organic,mobile,completed,170.3
BKG-000036,SES-000569,USR-03881,EXP-0149,2025-04-07,2025-05-21,1,57.57,0.14,paid_search,mobile,completed,49.51
BKG-000037,SES-000582,USR-01712,EXP-0100,2025-03-04,2025-03-13,2,142.88,0.17,referral,mobile,completed,237.18
BKG-000038,SES-000593,USR-03124,EXP-0176,2024-09-28,2024-10-19,3,60.32,0.0,organic,mobile,refunded,180.96
BKG-000039,SES-000602,USR-05114,EXP-0041,2025-06-10,2025-06-29,1,29.08,0.11,organic,mobile,completed,25.88
BKG-000040,SES-000614,USR-07771,EXP-0153,2025-05-24,2025-06-03,2,50.3,0.0,referral,mobile,completed,100.6
BKG-000041,SES-000626,USR-05470,EXP-0150,2024-10-18,2024-11-06,2,93.91,0.08,referral,mobile,cancelled,172.79
BKG-000042,SES-000669,USR-06190,EXP-0089,2024-09-18,2024-10-03,2,77.94,0.16,organic,mobile,completed,130.94
BKG-000043,SES-000699,USR-05470,EXP-0223,2025-04-16,2025-04-28,2,97.32,0.0,paid_search,mobile,completed,194.64
BKG-000044,SES-000700,USR-04160,EXP-0057,2024-11-04,2024-11-09,3,86.78,0.0,paid_search,desktop,completed,260.34
BKG-000045,SES-000708,USR-03729,EXP-0119,2025-01-15,2025-01-23,3,109.83,0.0,organic,desktop,completed,329.49
BKG-000046,SES-000710,USR-07343,EXP-0100,2025-03-12,2025-03-14,2,135.03,0.18,paid_search,mobile,completed,221.45
BKG-000047,SES-000715,USR-07971,EXP-0233,2025-01-03,2025-01-06,2,194.53,0.0,paid_search,desktop,completed,389.06
BKG-000048,SES-000721,USR-01045,EXP-0165,2025-04-15,2025-05-04,1,51.69,0.0,organic,desktop,completed,51.69
BKG-000049,SES-000739,USR-01712,EXP-0020,2024-12-17,2024-12-22,4,125.67,0.08,social,mobile,completed,462.47
BKG-000050,SES-000740,USR-03461,EXP-0179,2024-11-29,2024-12-27,2,40.69,0.0,referral,mobile,completed,81.38
BKG-000051,SES-000750,USR-02067,EXP-0118,2025-01-07,2025-01-15,4,56.3,0.0,paid_search,desktop,cancelled,225.2
BKG-000052,SES-000763,USR-02290,EXP-0232,2025-01-23,2025-02-15,1,52.81,0.0,email,desktop,completed,52.81
BKG-000053,SES-000768,USR-02996,EXP-0005,2025-04-04,2025-04-05,2,81.02,0.0,paid_search,desktop,cancelled,162.04
BKG-000054,SES-000774,USR-03873,EXP-0032,2024-07-25,2024-08-08,3,85.62,0.0,paid_search,desktop,completed,256.86
BKG-000055,SES-000796,USR-01397,EXP-0076,2025-06-14,2025-06-25,2,76.27,0.0,paid_search,mobile,cancelled,152.54
BKG-000056,SES-000799,USR-07023,EXP-0148,2024-10-05,2024-10-29,1,98.15,0.0,organic,mobile,completed,98.15
BKG-000057,SES-000803,USR-07023,EXP-0104,2024-09-24,2024-10-23,2,148.09,0.0,organic,desktop,completed,296.18
BKG-000058,SES-000821,USR-02833,EXP-0036,2025-05-19,2025-05-28,1,72.92,0.0,paid_search,mobile,cancelled,72.92
BKG-000059,SES-000825,USR-06204,EXP-0225,2024-11-22,2025-01-03,3,150.33,0.0,paid_search,tablet,completed,450.99
BKG-000060,SES-000844,USR-00875,EXP-0063,2025-04-05,2025-05-25,3,95.78,0.0,organic,mobile,completed,287.34
BKG-000061,SES-000912,USR-06190,EXP-0295,2024-09-18,2024-10-06,3,50.65,0.12,social,tablet,completed,133.72
BKG-000062,SES-000918,USR-06685,EXP-0144,2025-04-29,2025-05-03,5,91.45,0.0,email,mobile,completed,457.25
BKG-000063,SES-000921,USR-04172,EXP-0155,2024-12-30,2025-01-18,2,67.81,0.0,referral,mobile,completed,135.62
BKG-000064,SES-000938,USR-05303,EXP-0222,2025-05-11,2025-05-18,2,43.14,0.0,paid_search,mobile,completed,86.28
BKG-000065,SES-000976,USR-02123,EXP-0241,2025-06-29,2025-07-11,3,120.07,0.0,referral,desktop,completed,360.21
BKG-000066,SES-000989,USR-03092,EXP-0044,2025-05-28,2025-06-07,1,211.27,0.0,affiliates,desktop,completed,211.27
BKG-000067,SES-001001,USR-00232,EXP-0205,2024-11-16,2024-12-16,2,116.77,0.0,paid_search,desktop,completed,233.54
BKG-000068,SES-001034,USR-00295,EXP-0084,2025-06-25,2025-06-26,6,70.55,0.0,organic,desktop,completed,423.3
BKG-000069,SES-001039,USR-02413,EXP-0024,2024-08-13,2024-08-30,2,101.9,0.0,paid_search,mobile,completed,203.8
BKG-000070,SES-001041,USR-01999,EXP-0137,2024-09-27,2024-10-06,1,47.88,0.0,organic,desktop,completed,47.88
BKG-000071,SES-001050,USR-05114,EXP-0246,2025-02-10,2025-05-03,1,128.24,0.12,paid_search,mobile,completed,112.85
BKG-000072,SES-001051,USR-07415,EXP-0246,2025-01-14,2025-01-25,3,122.9,0.1,organic,desktop,completed,331.83
BKG-000073,SES-001065,USR-05901,EXP-0046,2024-12-20,2024-12-24,1,176.92,0.0,referral,desktop,completed,176.92
BKG-000074,SES-001097,USR-02399,EXP-0144,2024-10-06,2024-10-17,2,97.08,0.0,paid_search,desktop,refunded,194.16
BKG-000075,SES-001122,USR-07497,EXP-0176,2025-04-15,2025-04-27,2,64.98,0.0,paid_search,desktop,completed,129.96
BKG-000076,SES-001145,USR-06190,EXP-0180,2025-05-04,2025-05-09,6,177.77,0.15,paid_search,desktop,completed,906.63
BKG-000077,SES-001147,USR-06539,EXP-0052,2025-05-05,2025-06-02,1,78.35,0.0,organic,mobile,completed,78.35
BKG-000078,SES-001151,USR-00271,EXP-0262,2024-07-30,2024-08-02,4,87.9,0.0,paid_search,desktop,completed,351.6
BKG-000079,SES-001175,USR-02207,EXP-0179,2025-06-10,2025-06-23,1,37.3,0.12,referral,mobile,completed,32.82
BKG-000080,SES-001193,USR-01712,EXP-0034,2025-06-08,2025-06-10,1,110.22,0.11,affiliates,mobile,completed,98.1
BKG-000081,SES-001196,USR-01829,EXP-0118,2025-05-21,2025-05-28,2,55.65,0.0,email,mobile,completed,111.3
BKG-000082,SES-001207,USR-06204,EXP-0221,2024-08-23,2024-09-19,5,70.21,0.0,social,desktop,completed,351.05
BKG-000083,SES-001210,USR-00269,EXP-0132,2025-05-23,2025-07-09,2,109.08,0.0,organic,mobile,completed,218.16
BKG-000084,SES-001216,USR-03904,EXP-0074,2024-09-11,2024-09-12,2,141.77,0.0,paid_search,mobile,completed,283.54
BKG-000085,SES-001259,USR-05262,EXP-0119,2025-03-09,2025-03-15,2,115.37,0.0,organic,mobile,completed,230.74
BKG-000086,SES-001262,USR-00899,EXP-0019,2024-09-09,2024-10-14,6,37.94,0.0,affiliates,desktop,cancelled,227.64
BKG-000087,SES-001265,USR-01120,EXP-0268,2024-12-23,2025-01-01,2,66.88,0.19,organic,mobile,completed,108.35
BKG-000088,SES-001271,USR-02290,EXP-0285,2024-08-25,2024-09-17,2,43.67,0.19,referral,mobile,cancelled,70.75
BKG-000089,SES-001272,USR-07160,EXP-0100,2025-06-13,2025-06-15,1,133.37,0.0,organic,desktop,completed,133.37
BKG-000090,SES-001285,USR-04849,EXP-0052,2024-09-14,2024-09-16,2,75.04,0.0,social,mobile,completed,150.08
BKG-000091,SES-001304,USR-04935,EXP-0165,2024-12-19,2025-01-04,2,55.82,0.18,email,desktop,completed,91.54
BKG-000092,SES-001328,USR-00417,EXP-0116,2024-12-06,2024-12-08,2,72.75,0.0,email,desktop,completed,145.5
BKG-000093,SES-001374,USR-07525,EXP-0137,2024-12-29,2025-01-22,1,50.79,0.0,affiliates,mobile,completed,50.79
BKG-000094,SES-001381,USR-03092,EXP-0266,2024-09-02,2024-09-12,2,63.01,0.0,affiliates,desktop,completed,126.02
BKG-000095,SES-001383,USR-05302,EXP-0208,2024-07-11,2024-07-17,2,57.47,0.0,organic,mobile,refunded,114.94
BKG-000096,SES-001432,USR-01057,EXP-0061,2025-03-23,2025-04-30,2,55.33,0.0,paid_search,desktop,completed,110.66
BKG-000097,SES-001433,USR-02067,EXP-0008,2024-07-16,2024-07-24,2,58.16,0.0,organic,mobile,completed,116.32
BKG-000098,SES-001437,USR-02067,EXP-0220,2024-07-02,2024-08-07,1,36.88,0.0,email,tablet,cancelled,36.88
BKG-000099,SES-001446,USR-07143,EXP-0099,2024-11-28,2024-12-04,3,86.66,0.0,paid_search,tablet,completed,259.98
BKG-000100,SES-001463,USR-05780,EXP-0138,2025-04-19,2025-05-08,2,54.98,0.0,paid_search,mobile,completed,109.96
BKG-000101,SES-001464,USR-01319,EXP-0070,2024-10-17,2024-11-02,3,89.43,0.09,organic,desktop,completed,244.14
BKG-000102,SES-001510,USR-00906,EXP-0239,2025-06-20,2025-07-13,2,153.55,0.0,paid_search,mobile,completed,307.1
BKG-000103,SES-001526,USR-04114,EXP-0005,2025-04-10,2025-04-24,2,66.42,0.0,referral,mobile,completed,132.84
BKG-000104,SES-001560,USR-07637,EXP-0151,2025-04-20,2025-04-24,2,58.58,0.0,email,desktop,completed,117.16
BKG-000105,SES-001598,USR-02512,EXP-0128,2025-02-23,2025-03-02,2,67.57,0.0,paid_search,mobile,completed,135.14
BKG-000106,SES-001668,USR-00769,EXP-0288,2024-09-27,2024-10-05,4,75.15,0.0,organic,desktop,completed,300.6
BKG-000107,SES-001670,USR-06417,EXP-0218,2025-03-27,2025-03-31,2,57.4,0.0,paid_search,desktop,cancelled,114.8
BKG-000108,SES-001694,USR-05425,EXP-0216,2024-09-11,2024-09-13,3,77.03,0.13,organic,desktop,completed,201.05
BKG-000109,SES-001697,USR-00031,EXP-0113,2024-07-07,2024-08-03,3,129.3,0.0,paid_search,mobile,completed,387.9
BKG-000110,SES-001708,USR-02886,EXP-0085,2024-11-10,2024-11-12,3,196.37,0.0,referral,desktop,completed,589.11
BKG-000111,SES-001763,USR-03099,EXP-0161,2024-11-15,2024-11-29,2,153.79,0.0,paid_search,desktop,completed,307.58
BKG-000112,SES-001770,USR-05108,EXP-0235,2024-10-27,2024-11-13,2,57.2,0.18,email,desktop,completed,93.81
BKG-000113,SES-001789,USR-02154,EXP-0102,2025-05-03,2025-05-18,2,46.28,0.19,organic,desktop,completed,74.97
BKG-000114,SES-001841,USR-01604,EXP-0197,2025-04-18,2025-04-22,5,78.39,0.0,paid_search,desktop,completed,391.95
BKG-000115,SES-001869,USR-03729,EXP-0182,2025-01-21,2025-01-26,4,71.44,0.0,social,desktop,completed,285.76
BKG-000116,SES-001941,USR-01359,EXP-0173,2024-12-26,2025-01-07,1,58.52,0.0,organic,mobile,completed,58.52
BKG-000117,SES-001947,USR-04363,EXP-0188,2025-02-09,2025-02-10,4,44.02,0.0,paid_search,desktop,completed,176.08
BKG-000118,SES-001948,USR-06114,EXP-0126,2025-03-14,2025-03-16,2,64.71,0.0,affiliates,mobile,completed,129.42
BKG-000119,SES-001952,USR-07023,EXP-0188,2024-08-15,2024-09-04,2,48.19,0.0,affiliates,desktop,refunded,96.38
BKG-000120,SES-001957,USR-04262,EXP-0122,2025-04-07,2025-04-11,3,98.33,0.0,referral,mobile,completed,294.99
BKG-000121,SES-001992,USR-05193,EXP-0112,2025-06-21,2025-06-22,1,52.1,0.19,paid_search,mobile,completed,42.2
BKG-000122,SES-002006,USR-02691,EXP-0060,2025-03-27,2025-04-05,4,92.84,0.0,email,mobile,completed,371.36
BKG-000123,SES-002017,USR-03957,EXP-0141,2024-10-13,2024-10-25,2,49.78,0.0,social,mobile,completed,99.56
BKG-000124,SES-002028,USR-06204,EXP-0299,2025-01-03,2025-01-08,2,115.12,0.0,paid_search,desktop,completed,230.24
BKG-000125,SES-002068,USR-00439,EXP-0284,2025-06-20,2025-06-29,3,209.9,0.09,organic,mobile,completed,573.03
BKG-000126,SES-002078,USR-00269,EXP-0257,2025-05-08,2025-05-20,1,98.39,0.18,paid_search,mobile,completed,80.68
BKG-000127,SES-002104,USR-05615,EXP-0010,2024-12-11,2025-01-04,2,45.88,0.17,paid_search,mobile,completed,76.16
BKG-000128,SES-002108,USR-00506,EXP-0234,2025-01-04,2025-02-02,3,87.06,0.14,organic,desktop,completed,224.61
BKG-000129,SES-002131,USR-03087,EXP-0066,2024-09-02,2024-10-01,2,51.98,0.0,paid_search,desktop,completed,103.96
BKG-000130,SES-002159,USR-07798,EXP-0007,2024-11-30,2024-12-18,2,122.79,0.06,paid_search,mobile,completed,230.85
BKG-000131,SES-002173,USR-06716,EXP-0067,2024-09-29,2024-11-12,2,63.91,0.13,paid_search,mobile,completed,111.2
BKG-000132,SES-002179,USR-00192,EXP-0072,2024-12-08,2024-12-17,2,94.72,0.16,organic,desktop,completed,159.13
BKG-000133,SES-002185,USR-03264,EXP-0010,2025-04-09,2025-04-28,2,49.85,0.0,referral,mobile,refunded,99.7
BKG-000134,SES-002188,USR-04114,EXP-0107,2025-05-21,2025-05-24,2,34.75,0.0,referral,mobile,completed,69.5
BKG-000135,SES-002226,USR-07020,EXP-0104,2024-10-15,2024-11-12,4,148.04,0.0,referral,desktop,completed,592.16
BKG-000136,SES-002255,USR-00232,EXP-0224,2024-07-12,2024-07-17,1,76.47,0.09,organic,desktop,completed,69.59
BKG-000137,SES-002256,USR-03984,EXP-0033,2025-05-25,2025-05-31,1,69.72,0.0,affiliates,desktop,completed,69.72
BKG-000138,SES-002263,USR-01274,EXP-0166,2025-06-18,2025-06-25,2,69.08,0.0,referral,desktop,completed,138.16
BKG-000139,SES-002291,USR-01120,EXP-0261,2025-04-14,2025-04-26,3,123.09,0.0,organic,mobile,completed,369.27
BKG-000140,SES-002294,USR-07957,EXP-0148,2024-07-01,2024-07-05,3,93.68,0.0,email,desktop,completed,281.04
BKG-000141,SES-002325,USR-00542,EXP-0177,2025-04-02,2025-05-05,3,36.35,0.0,paid_search,desktop,completed,109.05
BKG-000142,SES-002356,USR-01624,EXP-0256,2025-04-15,2025-04-17,2,37.31,0.12,organic,mobile,completed,65.67
BKG-000143,SES-002372,USR-05764,EXP-0026,2025-03-24,2025-04-16,1,28.94,0.07,email,desktop,completed,26.91
BKG-000144,SES-002377,USR-00378,EXP-0022,2024-11-06,2025-01-01,1,81.76,0.0,organic,mobile,completed,81.76
BKG-000145,SES-002383,USR-01061,EXP-0034,2025-04-30,2025-05-22,5,101.1,0.1,email,desktop,completed,454.95
BKG-000146,SES-002426,USR-04262,EXP-0248,2025-06-19,2025-07-09,3,146.61,0.0,social,desktop,completed,439.83
BKG-000147,SES-002501,USR-07637,EXP-0262,2025-04-14,2025-05-05,2,107.9,0.0,affiliates,mobile,completed,215.8
BKG-000148,SES-002521,USR-07776,EXP-0033,2025-05-26,2025-05-28,1,75.04,0.0,referral,desktop,completed,75.04
BKG-000149,SES-002564,USR-02388,EXP-0167,2025-05-03,2025-05-04,2,78.95,0.0,organic,mobile,completed,157.9
BKG-000150,SES-002574,USR-03873,EXP-0198,2024-07-12,2024-07-15,3,81.33,0.08,paid_search,desktop,completed,224.47
BKG-000151,SES-002587,USR-01367,EXP-0263,2025-03-24,2025-03-30,2,69.96,0.0,referral,desktop,completed,139.92
BKG-000152,SES-002588,USR-07776,EXP-0111,2025-02-19,2025-02-25,2,93.88,0.0,paid_search,desktop,completed,187.76
BKG-000153,SES-002616,USR-05171,EXP-0188,2025-03-22,2025-03-28,2,41.6,0.0,paid_search,mobile,completed,83.2
BKG-000154,SES-002638,USR-06425,EXP-0130,2025-06-21,2025-07-12,3,113.7,0.0,organic,desktop,completed,341.1
BKG-000155,SES-002661,USR-07832,EXP-0171,2025-04-16,2025-05-07,2,140.34,0.0,organic,desktop,completed,280.68
BKG-000156,SES-002665,USR-06560,EXP-0198,2025-04-16,2025-04-18,2,79.82,0.0,social,mobile,completed,159.64
BKG-000157,SES-002669,USR-03833,EXP-0087,2025-04-02,2025-04-25,3,134.51,0.0,social,mobile,completed,403.53
BKG-000158,SES-002672,USR-05404,EXP-0200,2024-11-07,2024-11-10,1,101.81,0.0,paid_search,mobile,completed,101.81
BKG-000159,SES-002674,USR-02399,EXP-0259,2025-03-12,2025-03-18,2,118.89,0.0,organic,mobile,cancelled,237.78
BKG-000160,SES-002675,USR-00269,EXP-0276,2024-10-31,2024-11-08,3,93.4,0.14,social,desktop,completed,240.97
BKG-000161,SES-002676,USR-06860,EXP-0148,2025-03-28,2025-04-19,2,109.43,0.08,paid_search,mobile,completed,201.35
BKG-000162,SES-002710,USR-06170,EXP-0074,2025-04-16,2025-04-20,2,139.21,0.0,paid_search,mobile,refunded,278.42
BKG-000163,SES-002717,USR-05044,EXP-0048,2024-12-17,2025-01-03,2,96.38,0.0,paid_search,mobile,cancelled,192.76
BKG-000164,SES-002727,USR-04844,EXP-0169,2024-08-10,2024-08-18,1,82.9,0.0,affiliates,mobile,completed,82.9
BKG-000165,SES-002750,USR-03729,EXP-0081,2024-08-16,2024-09-08,2,98.03,0.0,email,desktop,completed,196.06
BKG-000166,SES-002759,USR-02702,EXP-0253,2025-03-01,2025-03-17,2,53.04,0.0,referral,mobile,completed,106.08
BKG-000167,SES-002763,USR-05496,EXP-0282,2024-10-21,2024-10-31,4,194.7,0.1,email,desktop,completed,700.92
BKG-000168,SES-002783,USR-02859,EXP-0003,2024-12-06,2025-01-01,1,99.48,0.0,referral,desktop,completed,99.48
BKG-000169,SES-002797,USR-06208,EXP-0240,2024-08-03,2024-08-10,1,94.1,0.0,paid_search,desktop,completed,94.1
BKG-000170,SES-002855,USR-02512,EXP-0282,2025-05-10,2025-05-23,2,196.73,0.0,paid_search,mobile,completed,393.46
BKG-000171,SES-002859,USR-03486,EXP-0109,2024-12-12,2024-12-13,3,89.12,0.0,paid_search,desktop,refunded,267.36
BKG-000172,SES-002874,USR-06450,EXP-0257,2024-07-29,2024-08-11,2,101.02,0.06,paid_search,mobile,cancelled,189.92
BKG-000173,SES-002893,USR-05764,EXP-0145,2025-04-01,2025-04-11,1,146.34,0.15,email,desktop,completed,124.39
BKG-000174,SES-002905,USR-06209,EXP-0159,2024-07-15,2024-07-29,4,58.41,0.0,referral,desktop,completed,233.64
BKG-000175,SES-002930,USR-07095,EXP-0139,2025-02-12,2025-02-15,2,99.06,0.0,paid_search,mobile,completed,198.12
BKG-000176,SES-002952,USR-01019,EXP-0282,2024-11-22,2024-11-23,1,176.85,0.0,organic,desktop,cancelled,176.85
BKG-000177,SES-002959,USR-00159,EXP-0216,2025-03-14,2025-03-25,4,88.91,0.14,email,mobile,completed,305.85
BKG-000178,SES-002971,USR-05291,EXP-0257,2024-07-26,2024-07-30,1,99.8,0.17,social,desktop,completed,82.83
BKG-000179,SES-003005,USR-04930,EXP-0027,2024-09-19,2024-09-25,3,213.07,0.0,organic,mobile,completed,639.21
BKG-000180,SES-003009,USR-06716,EXP-0003,2024-12-06,2024-12-11,2,106.72,0.11,email,desktop,completed,189.96
BKG-000181,SES-003013,USR-02224,EXP-0004,2025-04-24,2025-05-06,4,49.64,0.0,referral,mobile,completed,198.56
BKG-000182,SES-003036,USR-06250,EXP-0153,2024-08-07,2024-08-12,1,59.02,0.0,paid_search,desktop,completed,59.02
BKG-000183,SES-003038,USR-06101,EXP-0226,2024-11-11,2025-01-11,6,140.36,0.17,email,desktop,completed,698.99
BKG-000184,SES-003056,USR-06663,EXP-0267,2024-10-25,2024-12-08,2,47.36,0.0,paid_search,desktop,cancelled,94.72
BKG-000185,SES-003065,USR-07771,EXP-0149,2025-06-29,2025-07-17,2,56.63,0.0,paid_search,mobile,completed,113.26
BKG-000186,SES-003074,USR-00943,EXP-0069,2024-08-31,2024-10-01,1,116.67,0.0,affiliates,desktop,completed,116.67
BKG-000187,SES-003125,USR-06730,EXP-0092,2024-10-23,2024-11-01,2,66.3,0.0,paid_search,mobile,completed,132.6
BKG-000188,SES-003141,USR-02032,EXP-0170,2025-05-11,2025-06-24,2,177.59,0.0,affiliates,mobile,completed,355.18
BKG-000189,SES-003174,USR-02007,EXP-0011,2024-10-07,2024-10-08,2,77.01,0.0,paid_search,mobile,completed,154.02
BKG-000190,SES-003182,USR-04051,EXP-0013,2024-08-27,2024-09-06,1,77.54,0.0,paid_search,mobile,completed,77.54
BKG-000191,SES-003196,USR-04755,EXP-0128,2025-04-06,2025-04-12,2,63.45,0.0,affiliates,desktop,completed,126.9
BKG-000192,SES-003217,USR-00785,EXP-0172,2024-09-23,2024-10-04,1,50.74,0.0,social,desktop,completed,50.74
BKG-000193,SES-003249,USR-00232,EXP-0095,2025-01-12,2025-01-13,1,125.66,0.0,social,desktop,completed,125.66
BKG-000194,SES-003257,USR-05609,EXP-0047,2024-08-07,2024-09-11,4,145.73,0.0,referral,desktop,completed,582.92
BKG-000195,SES-003277,USR-04114,EXP-0096,2024-12-20,2024-12-23,2,111.65,0.0,email,desktop,completed,223.3
BKG-000196,SES-003301,USR-01057,EXP-0119,2024-09-14,2024-09-30,2,112.28,0.0,affiliates,mobile,completed,224.56
BKG-000197,SES-003302,USR-00417,EXP-0142,2025-01-26,2025-01-27,2,83.09,0.0,organic,mobile,completed,166.18
BKG-000198,SES-003309,USR-07020,EXP-0211,2025-06-07,2025-06-11,2,84.62,0.0,email,mobile,completed,169.24
BKG-000199,SES-003370,USR-00416,EXP-0215,2024-08-02,2024-08-07,2,45.89,0.0,organic,mobile,completed,91.78
BKG-000200,SES-003412,USR-07023,EXP-0228,2025-03-24,2025-03-26,2,156.52,0.0,paid_search,mobile,completed,313.04
BKG-000201,SES-003420,USR-04967,EXP-0177,2024-09-18,2024-10-09,2,37.4,0.0,affiliates,mobile,completed,74.8
BKG-000202,SES-003427,USR-06458,EXP-0011,2025-02-03,2025-02-08,2,74.07,0.0,paid_search,desktop,completed,148.14
BKG-000203,SES-003458,USR-00480,EXP-0034,2025-02-03,2025-02-15,2,115.6,0.0,paid_search,mobile,completed,231.2
BKG-000204,SES-003467,USR-01971,EXP-0148,2024-12-23,2024-12-26,3,97.47,0.0,paid_search,desktop,completed,292.41
BKG-000205,SES-003495,USR-01051,EXP-0207,2025-06-06,2025-06-23,2,105.22,0.0,paid_search,desktop,completed,210.44
BKG-000206,SES-003496,USR-04297,EXP-0045,2025-04-03,2025-04-05,2,147.18,0.07,paid_search,mobile,cancelled,273.75
BKG-000207,SES-003502,USR-02623,EXP-0253,2025-01-25,2025-02-14,2,60.66,0.0,paid_search,mobile,completed,121.32
BKG-000208,SES-003506,USR-04114,EXP-0143,2025-01-03,2025-01-05,1,99.87,0.0,email,mobile,cancelled,99.87
BKG-000209,SES-003516,USR-02224,EXP-0288,2025-04-20,2025-04-23,2,76.37,0.0,paid_search,mobile,completed,152.74
BKG-000210,SES-003520,USR-02067,EXP-0283,2024-07-24,2024-07-26,2,152.38,0.0,paid_search,mobile,completed,304.76
BKG-000211,SES-003545,USR-07386,EXP-0120,2024-09-17,2024-10-03,4,77.45,0.0,organic,mobile,completed,309.8
BKG-000212,SES-003559,USR-07355,EXP-0284,2025-02-14,2025-03-15,6,229.05,0.0,email,desktop,cancelled,1374.3
BKG-000213,SES-003569,USR-07557,EXP-0183,2024-07-03,2024-07-05,2,25.49,0.0,organic,mobile,refunded,50.98
BKG-000214,SES-003574,USR-02092,EXP-0207,2024-09-27,2024-09-29,2,97.29,0.0,referral,mobile,completed,194.58
BKG-000215,SES-003576,USR-07939,EXP-0023,2024-11-12,2024-11-16,2,39.83,0.18,affiliates,desktop,completed,65.32
BKG-000216,SES-003593,USR-01061,EXP-0168,2025-05-29,2025-06-07,2,149.36,0.12,organic,mobile,completed,262.87
BKG-000217,SES-003605,USR-00240,EXP-0006,2024-12-07,2024-12-12,2,48.32,0.14,organic,desktop,completed,83.11
BKG-000218,SES-003619,USR-00472,EXP-0032,2024-08-04,2024-08-07,2,73.11,0.08,paid_search,mobile,completed,134.52
BKG-000219,SES-003629,USR-00930,EXP-0152,2025-02-04,2025-02-05,2,201.67,0.0,email,desktop,completed,403.34
BKG-000220,SES-003647,USR-03873,EXP-0062,2025-02-23,2025-03-02,1,123.55,0.1,paid_search,mobile,completed,111.2
BKG-000221,SES-003668,USR-05071,EXP-0222,2024-10-09,2024-11-03,2,40.8,0.0,organic,desktop,completed,81.6
BKG-000222,SES-003674,USR-07940,EXP-0214,2024-09-23,2024-10-04,2,81.44,0.19,organic,desktop,completed,131.93
BKG-000223,SES-003689,USR-04769,EXP-0116,2024-07-16,2024-08-07,3,86.52,0.1,paid_search,tablet,completed,233.6
BKG-000224,SES-003691,USR-02823,EXP-0218,2024-11-11,2024-11-20,2,54.58,0.12,email,desktop,completed,96.06
BKG-000225,SES-003701,USR-00959,EXP-0159,2024-07-13,2024-07-28,1,57.85,0.0,organic,mobile,completed,57.85
BKG-000226,SES-003717,USR-05142,EXP-0060,2025-01-10,2025-01-22,5,95.43,0.0,paid_search,mobile,cancelled,477.15
BKG-000227,SES-003724,USR-02157,EXP-0077,2024-10-22,2024-10-23,4,165.55,0.08,referral,desktop,completed,609.22
BKG-000228,SES-003734,USR-00930,EXP-0231,2024-09-01,2024-09-20,2,61.39,0.0,referral,desktop,completed,122.78
BKG-000229,SES-003738,USR-03174,EXP-0081,2024-08-17,2024-08-30,2,99.22,0.0,paid_search,mobile,completed,198.44
BKG-000230,SES-003761,USR-01196,EXP-0228,2025-04-22,2025-04-26,2,147.17,0.0,paid_search,mobile,completed,294.34
BKG-000231,SES-003772,USR-03598,EXP-0259,2025-03-19,2025-04-01,2,135.93,0.15,email,mobile,cancelled,231.08
BKG-000232,SES-003782,USR-02702,EXP-0002,2025-05-20,2025-05-27,6,31.55,0.0,referral,desktop,completed,189.3
BKG-000233,SES-003824,USR-04368,EXP-0153,2025-04-15,2025-04-17,2,53.24,0.0,organic,mobile,completed,106.48
BKG-000234,SES-003828,USR-03415,EXP-0003,2025-02-03,2025-02-28,2,105.94,0.1,referral,mobile,completed,190.69
BKG-000235,SES-003857,USR-05025,EXP-0026,2025-03-26,2025-04-30,2,26.91,0.0,email,mobile,completed,53.82
BKG-000236,SES-003861,USR-05183,EXP-0191,2025-05-27,2025-06-01,6,75.21,0.0,referral,mobile,completed,451.26
BKG-000237,SES-003871,USR-04088,EXP-0196,2025-01-14,2025-01-30,3,58.61,0.06,paid_search,desktop,completed,165.28
BKG-000238,SES-003875,USR-05071,EXP-0206,2024-11-04,2024-11-17,1,67.17,0.0,affiliates,mobile,completed,67.17
BKG-000239,SES-003911,USR-07624,EXP-0081,2025-01-01,2025-01-15,2,95.43,0.0,paid_search,desktop,completed,190.86
BKG-000240,SES-003918,USR-06114,EXP-0244,2025-01-12,2025-01-18,1,111.29,0.06,paid_search,desktop,completed,104.61
BKG-000241,SES-003952,USR-02566,EXP-0232,2025-05-05,2025-05-08,4,49.23,0.0,referral,mobile,completed,196.92
BKG-000242,SES-003991,USR-06190,EXP-0244,2024-10-27,2024-11-11,1,121.54,0.0,affiliates,mobile,completed,121.54
BKG-000243,SES-004019,USR-05784,EXP-0274,2025-05-30,2025-06-26,2,34.46,0.08,paid_search,desktop,completed,63.41
BKG-000244,SES-004024,USR-07161,EXP-0057,2024-10-22,2024-11-03,2,94.22,0.0,affiliates,desktop,completed,188.44
BKG-000245,SES-004028,USR-03762,EXP-0097,2024-11-28,2024-11-30,5,74.5,0.0,affiliates,desktop,completed,372.5
BKG-000246,SES-004031,USR-06458,EXP-0125,2025-03-17,2025-03-18,2,52.28,0.0,organic,desktop,refunded,104.56
BKG-000247,SES-004062,USR-04108,EXP-0228,2024-07-13,2024-07-18,2,172.51,0.16,paid_search,mobile,completed,289.82
BKG-000248,SES-004067,USR-05523,EXP-0171,2024-12-22,2025-01-03,2,138.09,0.14,paid_search,desktop,completed,237.51
BKG-000249,SES-004117,USR-01506,EXP-0090,2024-07-17,2024-07-22,3,135.3,0.0,paid_search,desktop,completed,405.9
BKG-000250,SES-004153,USR-07182,EXP-0216,2024-12-20,2024-12-21,1,89.88,0.0,organic,desktop,completed,89.88
BKG-000251,SES-004165,USR-01895,EXP-0037,2025-06-17,2025-06-28,2,85.55,0.1,affiliates,mobile,completed,153.99
BKG-000252,SES-004203,USR-05947,EXP-0073,2025-06-12,2025-08-31,1,86.15,0.0,organic,mobile,completed,86.15
BKG-000253,SES-004232,USR-05044,EXP-0068,2025-04-11,2025-05-19,2,98.3,0.0,organic,desktop,completed,196.6
BKG-000254,SES-004237,USR-05189,EXP-0226,2024-11-28,2024-12-15,1,119.12,0.0,email,mobile,cancelled,119.12
BKG-000255,SES-004242,USR-05811,EXP-0045,2025-01-27,2025-01-28,4,158.58,0.15,email,mobile,completed,539.17
BKG-000256,SES-004261,USR-02876,EXP-0257,2024-11-04,2024-11-10,2,90.62,0.0,paid_search,mobile,completed,181.24
BKG-000257,SES-004281,USR-01359,EXP-0120,2024-09-30,2024-10-07,2,70.46,0.12,paid_search,mobile,completed,124.01
BKG-000258,SES-004288,USR-07415,EXP-0202,2025-05-27,2025-05-28,2,48.33,0.0,organic,desktop,completed,96.66
BKG-000259,SES-004294,USR-07644,EXP-0184,2025-03-10,2025-03-15,3,74.31,0.06,organic,mobile,completed,209.55
BKG-000260,SES-004309,USR-05053,EXP-0277,2024-07-19,2024-08-04,2,115.7,0.11,organic,mobile,completed,205.95
BKG-000261,SES-004318,USR-01148,EXP-0077,2024-10-26,2024-10-27,2,145.53,0.0,paid_search,desktop,completed,291.06
BKG-000262,SES-004320,USR-02945,EXP-0158,2025-06-24,2025-06-29,4,52.21,0.0,paid_search,mobile,completed,208.84
BKG-000263,SES-004373,USR-04935,EXP-0229,2024-10-11,2024-11-05,1,96.07,0.0,paid_search,mobile,completed,96.07
BKG-000264,SES-004409,USR-00304,EXP-0261,2025-05-29,2025-06-05,5,124.67,0.0,referral,mobile,completed,623.35
BKG-000265,SES-004451,USR-07074,EXP-0108,2024-09-13,2024-09-27,6,67.5,0.0,email,mobile,completed,405.0
BKG-000266,SES-004455,USR-05839,EXP-0261,2025-02-25,2025-03-06,1,112.54,0.0,paid_search,tablet,completed,112.54
BKG-000267,SES-004515,USR-06384,EXP-0167,2024-12-30,2025-01-08,2,77.3,0.0,referral,mobile,completed,154.6
BKG-000268,SES-004558,USR-05646,EXP-0113,2025-02-15,2025-02-20,3,126.91,0.0,organic,desktop,completed,380.73
BKG-000269,SES-004600,USR-07569,EXP-0193,2024-12-18,2025-01-10,3,79.84,0.0,email,mobile,completed,239.52
BKG-000270,SES-004602,USR-07220,EXP-0258,2025-01-06,2025-01-22,2,115.17,0.12,organic,mobile,cancelled,202.7
BKG-000271,SES-004611,USR-04543,EXP-0149,2024-09-18,2024-11-15,3,63.52,0.0,social,desktop,completed,190.56
BKG-000272,SES-004624,USR-07767,EXP-0156,2025-04-06,2025-04-18,2,49.11,0.12,social,mobile,completed,86.43
BKG-000273,SES-004626,USR-03450,EXP-0189,2025-05-16,2025-05-29,2,100.2,0.0,paid_search,desktop,completed,200.4
BKG-000274,SES-004643,USR-05025,EXP-0216,2024-09-11,2024-10-09,2,95.11,0.0,paid_search,mobile,completed,190.22
BKG-000275,SES-004652,USR-02702,EXP-0083,2025-02-05,2025-02-16,4,87.08,0.0,referral,mobile,completed,348.32
BKG-000276,SES-004675,USR-01624,EXP-0269,2024-08-03,2024-08-13,2,62.44,0.0,affiliates,desktop,completed,124.88
BKG-000277,SES-004681,USR-06972,EXP-0227,2024-07-26,2024-08-28,1,86.71,0.06,paid_search,mobile,completed,81.51
BKG-000278,SES-004686,USR-02176,EXP-0176,2025-01-08,2025-01-10,2,57.04,0.0,organic,mobile,completed,114.08
BKG-000279,SES-004690,USR-00099,EXP-0220,2025-03-02,2025-03-16,3,39.98,0.0,affiliates,desktop,completed,119.94
BKG-000280,SES-004711,USR-06291,EXP-0172,2024-10-12,2024-10-14,3,61.05,0.0,social,mobile,completed,183.15
BKG-000281,SES-004746,USR-01394,EXP-0052,2025-05-02,2025-05-09,6,83.81,0.07,social,mobile,refunded,467.66
BKG-000282,SES-004762,USR-01312,EXP-0182,2024-12-19,2024-12-28,2,69.54,0.0,email,mobile,completed,139.08
BKG-000283,SES-004813,USR-06565,EXP-0013,2025-02-22,2025-03-12,3,81.92,0.0,paid_search,mobile,completed,245.76
BKG-000284,SES-004857,USR-03984,EXP-0202,2024-10-09,2024-10-21,2,45.49,0.14,paid_search,desktop,completed,78.24
BKG-000285,SES-004859,USR-06793,EXP-0242,2025-06-07,2025-06-14,2,85.27,0.0,organic,mobile,completed,170.54
BKG-000286,SES-004867,USR-01738,EXP-0182,2025-03-09,2025-03-11,2,65.55,0.0,organic,mobile,completed,131.1
BKG-000287,SES-004888,USR-02018,EXP-0056,2024-08-28,2024-09-04,5,37.77,0.0,organic,mobile,completed,188.85
BKG-000288,SES-004891,USR-03978,EXP-0127,2025-03-28,2025-04-06,1,70.22,0.0,organic,mobile,completed,70.22
BKG-000289,SES-004892,USR-06371,EXP-0083,2024-07-17,2024-07-20,2,97.79,0.0,paid_search,mobile,completed,195.58
BKG-000290,SES-004912,USR-04844,EXP-0049,2024-12-09,2024-12-16,1,114.09,0.17,paid_search,desktop,cancelled,94.69
BKG-000291,SES-004913,USR-02064,EXP-0083,2025-04-08,2025-04-15,2,83.31,0.19,organic,mobile,completed,134.96
BKG-000292,SES-004917,USR-01062,EXP-0262,2025-04-08,2025-04-13,2,103.95,0.19,paid_search,desktop,completed,168.4
BKG-000293,SES-004930,USR-03586,EXP-0112,2025-02-24,2025-03-01,2,47.04,0.15,organic,desktop,completed,79.97
BKG-000294,SES-004942,USR-06156,EXP-0234,2025-01-21,2025-02-11,3,92.07,0.0,email,desktop,completed,276.21
BKG-000295,SES-004979,USR-05576,EXP-0115,2024-11-22,2024-12-01,1,27.46,0.0,referral,mobile,completed,27.46
BKG-000296,SES-004982,USR-00882,EXP-0180,2025-03-29,2025-04-09,5,208.32,0.11,referral,desktop,completed,927.02
BKG-000297,SES-004991,USR-06217,EXP-0003,2024-07-16,2024-08-20,3,88.95,0.16,email,desktop,completed,224.15
BKG-000298,SES-004992,USR-07905,EXP-0023,2025-02-13,2025-03-02,5,42.39,0.0,affiliates,mobile,completed,211.95
BKG-000299,SES-004997,USR-01882,EXP-0247,2024-08-17,2024-08-24,3,136.5,0.14,organic,mobile,completed,352.17
BKG-000300,SES-005006,USR-02597,EXP-0184,2024-07-11,2024-07-16,1,73.47,0.07,organic,desktop,completed,68.33
BKG-000301,SES-005007,USR-05813,EXP-0072,2025-01-03,2025-01-18,2,89.65,0.16,organic,desktop,completed,150.61
BKG-000302,SES-005027,USR-01934,EXP-0157,2024-08-22,2024-08-24,1,102.28,0.17,paid_search,desktop,completed,84.89
BKG-000303,SES-005033,USR-01319,EXP-0053,2024-08-20,2024-09-09,2,36.75,0.0,social,desktop,cancelled,73.5
BKG-000304,SES-005056,USR-07905,EXP-0288,2025-05-22,2025-06-06,2,74.45,0.0,paid_search,mobile,completed,148.9
BKG-000305,SES-005080,USR-07667,EXP-0245,2025-04-19,2025-05-03,3,123.56,0.0,paid_search,mobile,completed,370.68
BKG-000306,SES-005109,USR-03703,EXP-0071,2025-02-02,2025-02-11,2,55.41,0.0,email,mobile,completed,110.82
BKG-000307,SES-005116,USR-07056,EXP-0184,2025-06-06,2025-06-07,1,71.19,0.0,paid_search,mobile,refunded,71.19
BKG-000308,SES-005144,USR-06114,EXP-0213,2025-01-09,2025-02-21,2,80.44,0.0,affiliates,mobile,completed,160.88
BKG-000309,SES-005172,USR-06208,EXP-0261,2025-04-01,2025-05-12,2,125.14,0.15,paid_search,mobile,completed,212.74
BKG-000310,SES-005173,USR-03882,EXP-0055,2024-07-31,2024-08-29,1,64.57,0.0,organic,desktop,completed,64.57
BKG-000311,SES-005178,USR-03251,EXP-0299,2024-07-10,2024-07-12,3,112.73,0.0,paid_search,desktop,completed,338.19
BKG-000312,SES-005192,USR-00802,EXP-0061,2024-12-04,2024-12-06,2,53.54,0.0,email,desktop,completed,107.08
BKG-000313,SES-005203,USR-06323,EXP-0164,2025-05-15,2025-06-15,3,71.74,0.1,referral,mobile,completed,193.7
BKG-000314,SES-005204,USR-01932,EXP-0046,2025-01-16,2025-03-01,2,174.85,0.0,organic,mobile,completed,349.7
BKG-000315,SES-005207,USR-05226,EXP-0086,2024-10-24,2024-11-08,4,32.24,0.0,social,mobile,completed,128.96
BKG-000316,SES-005213,USR-00328,EXP-0006,2024-11-28,2024-12-09,3,45.87,0.0,referral,desktop,completed,137.61
BKG-000317,SES-005214,USR-06545,EXP-0050,2025-05-10,2025-05-16,6,77.37,0.07,organic,desktop,completed,431.72
BKG-000318,SES-005227,USR-07879,EXP-0059,2024-10-20,2024-11-13,2,30.53,0.0,paid_search,mobile,completed,61.06
BKG-000319,SES-005247,USR-00240,EXP-0278,2024-07-11,2024-07-15,2,59.33,0.0,organic,mobile,completed,118.66
BKG-000320,SES-005269,USR-06977,EXP-0095,2024-08-06,2024-08-10,4,132.0,0.0,paid_search,desktop,completed,528.0
BKG-000321,SES-005302,USR-06585,EXP-0137,2025-03-24,2025-03-26,3,47.67,0.0,organic,mobile,completed,143.01
BKG-000322,SES-005312,USR-05677,EXP-0270,2025-06-01,2025-06-12,2,86.51,0.0,paid_search,mobile,completed,173.02
BKG-000323,SES-005319,USR-02719,EXP-0029,2024-09-06,2024-09-13,6,76.59,0.0,organic,mobile,completed,459.54
BKG-000324,SES-005331,USR-04066,EXP-0136,2024-07-22,2024-08-14,1,42.52,0.0,email,desktop,completed,42.52
BKG-000325,SES-005332,USR-07748,EXP-0277,2025-02-04,2025-03-11,2,109.18,0.0,affiliates,mobile,cancelled,218.36
BKG-000326,SES-005362,USR-06343,EXP-0247,2025-06-18,2025-07-17,2,131.04,0.0,organic,tablet,completed,262.08
BKG-000327,SES-005372,USR-01913,EXP-0069,2024-10-07,2024-10-26,2,109.06,0.0,referral,mobile,completed,218.12
BKG-000328,SES-005415,USR-03308,EXP-0280,2025-01-17,2025-01-25,5,117.79,0.06,paid_search,desktop,completed,553.61
BKG-000329,SES-005424,USR-03854,EXP-0144,2024-08-30,2024-08-31,4,90.85,0.16,organic,mobile,completed,305.26
BKG-000330,SES-005444,USR-03335,EXP-0151,2024-09-07,2024-09-30,3,65.49,0.18,organic,desktop,completed,161.11
BKG-000331,SES-005463,USR-03658,EXP-0205,2025-06-21,2025-06-23,1,116.46,0.0,referral,desktop,completed,116.46
BKG-000332,SES-005467,USR-01108,EXP-0026,2024-10-25,2024-10-27,2,33.12,0.12,paid_search,mobile,completed,58.29
BKG-000333,SES-005475,USR-02696,EXP-0148,2025-06-21,2025-06-26,4,95.86,0.0,email,desktop,completed,383.44
BKG-000334,SES-005518,USR-01243,EXP-0157,2024-08-05,2024-08-22,2,106.88,0.0,affiliates,desktop,completed,213.76
BKG-000335,SES-005521,USR-03169,EXP-0297,2025-05-22,2025-06-05,1,77.49,0.05,organic,desktop,completed,73.62
BKG-000336,SES-005528,USR-04108,EXP-0280,2025-04-21,2025-04-29,2,111.92,0.0,affiliates,desktop,completed,223.84
BKG-000337,SES-005550,USR-00621,EXP-0242,2024-10-31,2024-11-03,2,70.14,0.0,paid_search,mobile,refunded,140.28
BKG-000338,SES-005554,USR-06343,EXP-0104,2025-04-20,2025-05-26,3,142.76,0.0,email,mobile,completed,428.28
BKG-000339,SES-005568,USR-04152,EXP-0055,2024-11-05,2024-11-22,4,63.66,0.0,paid_search,desktop,completed,254.64
BKG-000340,SES-005572,USR-05629,EXP-0014,2024-11-28,2024-12-05,4,106.23,0.0,paid_search,mobile,completed,424.92
BKG-000341,SES-005606,USR-06860,EXP-0015,2025-04-20,2025-04-27,2,35.12,0.12,organic,mobile,completed,61.81
BKG-000342,SES-005618,USR-05244,EXP-0248,2024-12-22,2025-01-20,1,168.62,0.15,affiliates,desktop,completed,143.33
BKG-000343,SES-005620,USR-07629,EXP-0290,2024-08-23,2024-08-26,3,141.66,0.0,organic,desktop,completed,424.98
BKG-000344,SES-005630,USR-03327,EXP-0071,2024-12-26,2025-01-12,2,58.49,0.07,organic,mobile,completed,108.79
BKG-000345,SES-005660,USR-02832,EXP-0286,2025-06-25,2025-07-31,2,54.52,0.0,paid_search,mobile,cancelled,109.04
BKG-000346,SES-005668,USR-01739,EXP-0286,2025-02-03,2025-02-07,3,55.8,0.0,organic,mobile,completed,167.4
BKG-000347,SES-005689,USR-00685,EXP-0059,2024-08-14,2024-08-17,1,29.82,0.0,email,desktop,refunded,29.82
BKG-000348,SES-005697,USR-05949,EXP-0210,2024-10-21,2024-10-29,2,109.16,0.0,organic,mobile,completed,218.32
BKG-000349,SES-005703,USR-02673,EXP-0031,2024-11-05,2024-11-08,2,61.4,0.0,paid_search,desktop,completed,122.8
BKG-000350,SES-005734,USR-04240,EXP-0146,2025-05-12,2025-05-19,3,49.15,0.06,paid_search,desktop,cancelled,138.6
BKG-000351,SES-005745,USR-02097,EXP-0298,2025-01-07,2025-01-11,3,89.48,0.07,paid_search,tablet,completed,249.65
BKG-000352,SES-005747,USR-03786,EXP-0193,2024-09-10,2024-09-28,1,85.29,0.0,organic,desktop,completed,85.29
BKG-000353,SES-005777,USR-01272,EXP-0213,2024-09-08,2024-09-18,1,85.06,0.0,paid_search,mobile,completed,85.06
BKG-000354,SES-005789,USR-06426,EXP-0036,2024-10-02,2024-10-03,3,67.43,0.09,affiliates,mobile,completed,184.08
BKG-000355,SES-005795,USR-05333,EXP-0198,2025-03-13,2025-03-21,1,71.4,0.0,organic,mobile,completed,71.4
BKG-000356,SES-005798,USR-04967,EXP-0154,2025-06-18,2025-07-03,5,50.17,0.0,paid_search,mobile,completed,250.85
BKG-000357,SES-005806,USR-02027,EXP-0225,2025-03-24,2025-04-02,2,138.0,0.0,paid_search,mobile,completed,276.0
BKG-000358,SES-005816,USR-05576,EXP-0060,2025-03-02,2025-03-14,2,86.15,0.12,referral,tablet,completed,151.62
BKG-000359,SES-005837,USR-04021,EXP-0213,2025-06-17,2025-07-03,6,88.62,0.07,email,desktop,cancelled,494.5
BKG-000360,SES-005840,USR-04253,EXP-0288,2024-09-01,2024-09-07,2,72.11,0.0,social,mobile,completed,144.22
BKG-000361,SES-005949,USR-06001,EXP-0104,2025-01-30,2025-03-19,3,152.1,0.18,paid_search,tablet,completed,374.17
BKG-000362,SES-005952,USR-03461,EXP-0285,2025-04-21,2025-04-23,1,33.98,0.0,paid_search,mobile,completed,33.98
BKG-000363,SES-005966,USR-05303,EXP-0065,2024-07-21,2024-07-30,2,87.52,0.12,email,desktop,completed,154.04
BKG-000364,SES-005996,USR-07923,EXP-0080,2025-02-17,2025-02-19,1,78.0,0.0,affiliates,desktop,completed,78.0
BKG-000365,SES-006001,USR-01992,EXP-0175,2024-07-08,2024-07-27,2,82.83,0.0,paid_search,desktop,completed,165.66
BKG-000366,SES-006003,USR-03819,EXP-0258,2025-01-24,2025-01-28,4,135.05,0.0,social,desktop,completed,540.2
BKG-000367,SES-006019,USR-04420,EXP-0155,2024-07-24,2024-07-30,1,62.72,0.0,email,desktop,completed,62.72
BKG-000368,SES-006041,USR-00575,EXP-0266,2024-09-05,2024-09-18,2,56.97,0.0,paid_search,mobile,completed,113.94
BKG-000369,SES-006048,USR-07497,EXP-0196,2024-10-16,2024-10-17,2,64.36,0.15,social,desktop,completed,109.41
BKG-000370,SES-006131,USR-05345,EXP-0003,2024-12-13,2024-12-30,4,91.48,0.12,email,desktop,completed,322.01
BKG-000371,SES-006133,USR-04240,EXP-0200,2024-07-10,2024-07-19,2,102.48,0.12,paid_search,mobile,completed,180.36
BKG-000372,SES-006167,USR-07889,EXP-0228,2025-02-18,2025-02-21,2,167.64,0.0,paid_search,mobile,completed,335.28
BKG-000373,SES-006188,USR-06193,EXP-0073,2024-08-27,2024-08-28,2,86.89,0.0,organic,desktop,completed,173.78
BKG-000374,SES-006193,USR-06577,EXP-0291,2025-03-28,2025-04-23,1,104.01,0.0,referral,desktop,completed,104.01
BKG-000375,SES-006208,USR-06834,EXP-0168,2024-09-13,2024-09-20,2,162.37,0.0,referral,mobile,completed,324.74
BKG-000376,SES-006232,USR-07639,EXP-0217,2025-04-01,2025-04-15,1,48.26,0.0,organic,mobile,completed,48.26
BKG-000377,SES-006244,USR-07649,EXP-0060,2025-01-11,2025-01-12,2,99.06,0.0,paid_search,mobile,completed,198.12
BKG-000378,SES-006252,USR-03260,EXP-0096,2025-06-23,2025-07-07,6,124.22,0.0,affiliates,desktop,completed,745.32
BKG-000379,SES-006266,USR-01533,EXP-0028,2024-07-20,2024-08-05,6,66.89,0.07,paid_search,desktop,completed,373.25
BKG-000380,SES-006277,USR-02292,EXP-0119,2024-12-03,2024-12-13,2,115.72,0.16,paid_search,mobile,cancelled,194.41
BKG-000381,SES-006301,USR-00573,EXP-0278,2024-07-04,2024-07-14,2,59.24,0.1,paid_search,desktop,completed,106.63
BKG-000382,SES-006319,USR-02843,EXP-0004,2025-06-16,2025-06-20,2,58.72,0.0,referral,mobile,completed,117.44
BKG-000383,SES-006337,USR-02340,EXP-0025,2024-08-22,2024-08-25,4,46.5,0.0,organic,mobile,completed,186.0
BKG-000384,SES-006392,USR-07639,EXP-0147,2024-11-22,2024-11-26,1,34.59,0.09,paid_search,desktop,cancelled,31.48
BKG-000385,SES-006405,USR-00378,EXP-0253,2024-11-17,2024-12-13,4,53.53,0.1,affiliates,desktop,refunded,192.71
BKG-000386,SES-006413,USR-06381,EXP-0060,2025-03-26,2025-04-06,4,105.13,0.0,email,desktop,completed,420.52
BKG-000387,SES-006448,USR-07415,EXP-0034,2025-04-20,2025-04-21,3,99.02,0.19,paid_search,mobile,completed,240.62
BKG-000388,SES-006477,USR-04146,EXP-0225,2024-11-30,2024-12-13,5,139.8,0.0,referral,mobile,completed,699.0
BKG-000389,SES-006478,USR-04729,EXP-0147,2024-08-06,2024-08-13,4,34.96,0.0,organic,mobile,completed,139.84
BKG-000390,SES-006488,USR-06301,EXP-0099,2025-05-20,2025-06-04,4,85.5,0.17,organic,mobile,completed,283.86
BKG-000391,SES-006533,USR-01603,EXP-0225,2025-06-15,2025-06-26,2,146.54,0.0,paid_search,desktop,completed,293.08
BKG-000392,SES-006538,USR-05414,EXP-0207,2024-08-21,2024-08-27,1,105.13,0.0,paid_search,desktop,completed,105.13
BKG-000393,SES-006595,USR-07755,EXP-0252,2025-02-17,2025-02-22,2,84.92,0.0,organic,mobile,completed,169.84
BKG-000394,SES-006599,USR-05979,EXP-0061,2024-10-28,2024-11-09,2,48.52,0.0,organic,mobile,completed,97.04
BKG-000395,SES-006616,USR-06277,EXP-0263,2024-07-21,2024-07-25,2,62.07,0.0,affiliates,mobile,completed,124.14
BKG-000396,SES-006624,USR-07810,EXP-0153,2025-03-13,2025-03-17,5,47.92,0.0,organic,desktop,completed,239.6
BKG-000397,SES-006642,USR-07706,EXP-0082,2025-01-15,2025-01-20,1,150.24,0.0,referral,mobile,completed,150.24
BKG-000398,SES-006648,USR-01217,EXP-0098,2025-04-10,2025-04-27,2,89.73,0.09,email,mobile,completed,163.31
BKG-000399,SES-006652,USR-00338,EXP-0155,2025-03-28,2025-03-29,2,61.6,0.0,paid_search,desktop,completed,123.2
BKG-000400,SES-006670,USR-05875,EXP-0082,2024-09-13,2024-09-28,2,166.29,0.0,paid_search,desktop,completed,332.58
BKG-000401,SES-006672,USR-03997,EXP-0264,2025-03-30,2025-04-17,2,127.18,0.16,paid_search,mobile,completed,213.66
BKG-000402,SES-006679,USR-05498,EXP-0095,2024-12-15,2024-12-16,2,145.21,0.0,paid_search,desktop,refunded,290.42
BKG-000403,SES-006680,USR-03257,EXP-0125,2024-07-01,2024-07-20,6,54.15,0.17,email,desktop,completed,269.67
BKG-000404,SES-006707,USR-02467,EXP-0213,2024-12-23,2025-01-05,3,88.15,0.0,referral,mobile,completed,264.45
BKG-000405,SES-006728,USR-00710,EXP-0054,2025-02-13,2025-03-01,1,73.18,0.14,organic,tablet,completed,62.93
BKG-000406,SES-006730,USR-01577,EXP-0192,2025-02-18,2025-03-01,2,62.55,0.0,social,mobile,completed,125.1
BKG-000407,SES-006739,USR-03017,EXP-0177,2024-07-12,2024-07-17,2,34.74,0.15,paid_search,mobile,completed,59.06
BKG-000408,SES-006744,USR-06177,EXP-0191,2025-04-26,2025-05-13,2,77.99,0.0,paid_search,mobile,completed,155.98
BKG-000409,SES-006795,USR-02907,EXP-0075,2024-09-05,2024-09-08,2,99.86,0.0,paid_search,mobile,completed,199.72
BKG-000410,SES-006800,USR-03599,EXP-0271,2024-09-19,2024-10-19,3,111.57,0.0,paid_search,mobile,completed,334.71
BKG-000411,SES-006838,USR-03463,EXP-0269,2024-11-19,2024-11-22,2,58.13,0.1,organic,mobile,completed,104.63
BKG-000412,SES-006839,USR-02823,EXP-0256,2025-03-31,2025-04-09,2,35.49,0.0,organic,desktop,completed,70.98
BKG-000413,SES-006849,USR-07947,EXP-0254,2024-11-05,2024-12-01,2,179.75,0.19,paid_search,mobile,completed,291.2
BKG-000414,SES-006871,USR-05522,EXP-0198,2025-05-20,2025-05-23,2,82.65,0.0,paid_search,mobile,completed,165.3
BKG-000415,SES-006902,USR-00380,EXP-0145,2024-10-13,2024-11-05,1,136.12,0.0,organic,desktop,completed,136.12
BKG-000416,SES-006912,USR-00328,EXP-0090,2025-02-23,2025-02-25,3,118.24,0.15,email,mobile,completed,301.51
BKG-000417,SES-006920,USR-00506,EXP-0182,2025-05-07,2025-05-08,1,69.65,0.19,affiliates,desktop,completed,56.42
BKG-000418,SES-006924,USR-05615,EXP-0043,2024-08-03,2024-08-06,2,39.25,0.18,affiliates,mobile,completed,64.37
BKG-000419,SES-006978,USR-03805,EXP-0075,2025-06-29,2025-07-01,2,86.01,0.12,referral,desktop,completed,151.38
BKG-000420,SES-006980,USR-06308,EXP-0056,2024-08-15,2024-09-20,2,36.37,0.0,email,desktop,completed,72.74
BKG-000421,SES-007024,USR-04496,EXP-0103,2024-12-19,2025-01-08,2,78.64,0.0,paid_search,desktop,completed,157.28
BKG-000422,SES-007043,USR-06526,EXP-0241,2024-11-02,2024-12-30,2,122.38,0.0,referral,mobile,completed,244.76
BKG-000423,SES-007046,USR-00856,EXP-0161,2025-04-13,2025-04-16,1,163.65,0.0,organic,mobile,completed,163.65
BKG-000424,SES-007050,USR-05402,EXP-0056,2025-05-27,2025-06-30,2,35.28,0.0,organic,mobile,completed,70.56
BKG-000425,SES-007052,USR-00283,EXP-0111,2025-04-22,2025-04-23,2,103.73,0.0,organic,tablet,completed,207.46
BKG-000426,SES-007063,USR-05661,EXP-0168,2025-06-17,2025-06-18,2,160.81,0.0,paid_search,desktop,completed,321.62
BKG-000427,SES-007077,USR-00964,EXP-0043,2024-09-21,2024-10-26,2,36.88,0.0,affiliates,mobile,completed,73.76
BKG-000428,SES-007083,USR-07648,EXP-0206,2024-12-05,2024-12-20,1,63.96,0.0,referral,mobile,completed,63.96
BKG-000429,SES-007087,USR-07290,EXP-0279,2024-12-31,2025-01-09,1,90.56,0.0,social,mobile,completed,90.56
BKG-000430,SES-007100,USR-07497,EXP-0123,2025-06-11,2025-07-02,4,94.74,0.08,paid_search,mobile,cancelled,348.64
BKG-000431,SES-007112,USR-02623,EXP-0125,2024-07-12,2024-07-21,3,56.99,0.0,paid_search,desktop,completed,170.97
BKG-000432,SES-007121,USR-03812,EXP-0011,2025-05-01,2025-05-12,4,73.94,0.18,referral,mobile,completed,242.52
BKG-000433,SES-007137,USR-02016,EXP-0192,2024-09-10,2024-09-15,2,57.46,0.1,paid_search,desktop,completed,103.43
BKG-000434,SES-007181,USR-06526,EXP-0045,2025-05-24,2025-05-26,3,137.09,0.0,organic,mobile,completed,411.27
BKG-000435,SES-007215,USR-05264,EXP-0142,2024-09-25,2024-10-02,4,82.65,0.0,email,desktop,completed,330.6
BKG-000436,SES-007254,USR-07514,EXP-0194,2025-04-25,2025-04-26,4,82.36,0.0,email,desktop,completed,329.44
BKG-000437,SES-007284,USR-02180,EXP-0023,2025-01-09,2025-02-13,4,34.91,0.0,email,desktop,completed,139.64
BKG-000438,SES-007286,USR-00568,EXP-0127,2025-05-24,2025-05-29,1,59.56,0.0,paid_search,mobile,cancelled,59.56
BKG-000439,SES-007321,USR-05677,EXP-0206,2024-10-19,2024-10-24,2,72.39,0.0,referral,mobile,cancelled,144.78
BKG-000440,SES-007326,USR-00304,EXP-0176,2025-04-04,2025-04-05,2,61.81,0.0,referral,desktop,completed,123.62
BKG-000441,SES-007337,USR-01701,EXP-0242,2025-04-28,2025-05-12,2,65.93,0.0,paid_search,mobile,completed,131.86
BKG-000442,SES-007363,USR-05655,EXP-0021,2024-12-08,2024-12-17,4,97.24,0.0,paid_search,desktop,completed,388.96
BKG-000443,SES-007381,USR-06745,EXP-0073,2025-03-23,2025-03-29,2,87.93,0.17,paid_search,mobile,completed,145.96
BKG-000444,SES-007389,USR-07281,EXP-0128,2024-11-07,2024-11-17,4,66.97,0.0,email,mobile,completed,267.88
BKG-000445,SES-007392,USR-05924,EXP-0019,2024-10-02,2024-11-25,2,36.11,0.05,organic,mobile,completed,68.61
BKG-000446,SES-007417,USR-02458,EXP-0186,2024-12-08,2024-12-16,2,59.85,0.0,email,mobile,completed,119.7
BKG-000447,SES-007471,USR-05178,EXP-0086,2024-07-11,2024-08-09,3,31.66,0.13,affiliates,desktop,completed,82.63
BKG-000448,SES-007476,USR-04625,EXP-0158,2024-08-08,2024-08-15,3,51.0,0.0,affiliates,mobile,completed,153.0
BKG-000449,SES-007499,USR-05930,EXP-0202,2025-04-20,2025-04-28,5,45.94,0.12,email,mobile,completed,202.14
BKG-000450,SES-007522,USR-02191,EXP-0283,2025-05-15,2025-06-16,1,154.21,0.14,referral,mobile,completed,132.62
BKG-000451,SES-007536,USR-03039,EXP-0057,2024-12-08,2024-12-15,2,87.7,0.06,organic,desktop,completed,164.88
BKG-000452,SES-007547,USR-06137,EXP-0174,2024-10-21,2024-10-23,3,100.81,0.13,paid_search,desktop,completed,263.11
BKG-000453,SES-007548,USR-05585,EXP-0071,2024-07-18,2024-07-29,2,54.96,0.0,paid_search,mobile,completed,109.92
BKG-000454,SES-007563,USR-07507,EXP-0076,2025-01-15,2025-01-16,3,66.63,0.18,social,desktop,completed,163.91
BKG-000455,SES-007569,USR-06972,EXP-0300,2025-04-16,2025-04-17,1,67.21,0.17,organic,mobile,completed,55.78
BKG-000456,SES-007582,USR-02020,EXP-0027,2024-07-27,2024-08-04,1,211.9,0.0,paid_search,mobile,completed,211.9
BKG-000457,SES-007583,USR-03737,EXP-0137,2024-12-18,2024-12-20,2,54.18,0.0,organic,mobile,completed,108.36
BKG-000458,SES-007606,USR-03858,EXP-0217,2025-01-27,2025-02-13,3,42.97,0.0,organic,desktop,completed,128.91
BKG-000459,SES-007611,USR-01010,EXP-0115,2025-06-20,2025-07-10,2,22.62,0.0,organic,mobile,cancelled,45.24
BKG-000460,SES-007615,USR-03862,EXP-0001,2024-09-05,2024-09-09,2,63.65,0.0,referral,mobile,completed,127.3
BKG-000461,SES-007633,USR-02580,EXP-0090,2025-01-20,2025-03-01,6,110.11,0.0,paid_search,mobile,completed,660.66
BKG-000462,SES-007678,USR-04844,EXP-0138,2025-06-11,2025-07-01,4,52.54,0.0,social,desktop,completed,210.16
BKG-000463,SES-007682,USR-07115,EXP-0183,2025-06-09,2025-06-10,3,23.0,0.0,organic,mobile,completed,69.0
BKG-000464,SES-007703,USR-06834,EXP-0058,2025-02-16,2025-03-13,1,143.57,0.06,organic,mobile,cancelled,134.96
BKG-000465,SES-007720,USR-01768,EXP-0216,2025-02-27,2025-02-28,1,96.73,0.0,email,mobile,completed,96.73
BKG-000466,SES-007725,USR-07316,EXP-0276,2024-07-18,2024-07-25,3,92.97,0.0,affiliates,mobile,cancelled,278.91
BKG-000467,SES-007751,USR-05356,EXP-0125,2024-07-29,2024-08-04,4,44.67,0.0,email,desktop,completed,178.68
BKG-000468,SES-007767,USR-05053,EXP-0145,2025-04-05,2025-04-24,6,116.21,0.0,organic,mobile,completed,697.26
BKG-000469,SES-007792,USR-05017,EXP-0107,2024-10-24,2024-11-29,2,34.21,0.06,email,desktop,cancelled,64.31
BKG-000470,SES-007833,USR-06450,EXP-0203,2025-02-17,2025-03-02,5,119.75,0.0,organic,mobile,completed,598.75
BKG-000471,SES-007871,USR-00274,EXP-0059,2025-01-31,2025-02-04,1,36.01,0.0,paid_search,mobile,completed,36.01
BKG-000472,SES-007896,USR-05807,EXP-0262,2025-01-06,2025-01-21,1,107.61,0.0,referral,desktop,refunded,107.61
BKG-000473,SES-007938,USR-06269,EXP-0284,2025-01-08,2025-01-15,1,181.75,0.11,email,desktop,completed,161.76
BKG-000474,SES-007943,USR-03878,EXP-0287,2024-09-25,2024-10-01,2,96.23,0.0,social,mobile,completed,192.46
BKG-000475,SES-007967,USR-00710,EXP-0292,2024-11-06,2024-11-09,2,108.05,0.0,paid_search,mobile,completed,216.1
BKG-000476,SES-007993,USR-07585,EXP-0075,2024-09-19,2024-09-20,2,99.34,0.05,organic,desktop,completed,188.75
BKG-000477,SES-008035,USR-04347,EXP-0289,2024-10-27,2024-10-29,2,70.15,0.0,paid_search,mobile,completed,140.3
BKG-000478,SES-008062,USR-05930,EXP-0074,2024-10-26,2024-10-30,3,126.87,0.0,referral,tablet,completed,380.61
BKG-000479,SES-008066,USR-02443,EXP-0252,2025-06-26,2025-07-06,2,77.63,0.0,paid_search,mobile,completed,155.26
BKG-000480,SES-008090,USR-05544,EXP-0042,2024-08-07,2024-08-09,2,115.86,0.0,organic,tablet,completed,231.72
BKG-000481,SES-008111,USR-05118,EXP-0117,2024-07-22,2024-07-27,2,109.05,0.07,paid_search,desktop,cancelled,202.83
BKG-000482,SES-008116,USR-02162,EXP-0021,2025-05-21,2025-05-24,4,82.7,0.0,organic,mobile,completed,330.8
BKG-000483,SES-008129,USR-07936,EXP-0196,2024-11-09,2024-11-16,4,62.68,0.0,affiliates,desktop,completed,250.72
BKG-000484,SES-008198,USR-06141,EXP-0262,2024-08-08,2024-09-15,1,108.14,0.14,organic,desktop,completed,93.0
BKG-000485,SES-008201,USR-04130,EXP-0113,2024-09-27,2024-10-11,1,135.26,0.14,paid_search,desktop,completed,116.32
BKG-000486,SES-008206,USR-00904,EXP-0278,2024-12-20,2024-12-29,6,66.28,0.0,email,desktop,completed,397.68
BKG-000487,SES-008237,USR-03534,EXP-0255,2024-09-01,2024-09-05,1,82.09,0.18,organic,mobile,completed,67.31
BKG-000488,SES-008239,USR-04082,EXP-0240,2024-08-18,2024-08-24,2,95.26,0.0,organic,mobile,completed,190.52
BKG-000489,SES-008285,USR-07847,EXP-0286,2024-10-05,2024-10-07,2,59.64,0.0,social,mobile,completed,119.28
BKG-000490,SES-008321,USR-01440,EXP-0161,2024-09-06,2024-10-22,3,165.67,0.0,paid_search,mobile,cancelled,497.01
BKG-000491,SES-008357,USR-05018,EXP-0016,2025-04-16,2025-04-24,2,93.16,0.0,organic,desktop,completed,186.32
BKG-000492,SES-008466,USR-03861,EXP-0128,2024-11-15,2024-11-20,3,69.52,0.0,affiliates,mobile,completed,208.56
BKG-000493,SES-008485,USR-05345,EXP-0111,2025-03-24,2025-03-26,2,104.12,0.0,organic,mobile,completed,208.24
BKG-000494,SES-008497,USR-03511,EXP-0278,2025-02-19,2025-03-17,5,60.14,0.0,organic,desktop,completed,300.7
BKG-000495,SES-008516,USR-01906,EXP-0175,2024-11-27,2024-12-12,1,73.56,0.17,referral,mobile,completed,61.05
BKG-000496,SES-008540,USR-02929,EXP-0294,2024-12-15,2024-12-19,3,82.12,0.0,referral,desktop,completed,246.36
BKG-000497,SES-008550,USR-07462,EXP-0142,2025-05-14,2025-06-11,1,79.49,0.0,organic,mobile,completed,79.49
BKG-000498,SES-008566,USR-05875,EXP-0085,2024-08-16,2024-08-22,2,202.15,0.0,affiliates,mobile,completed,404.3
BKG-000499,SES-008579,USR-05027,EXP-0261,2025-01-29,2025-02-05,4,126.57,0.17,organic,desktop,completed,420.21
BKG-000500,SES-008581,USR-04152,EXP-0103,2025-04-19,2025-04-28,4,84.28,0.0,email,mobile,completed,337.12
BKG-000501,SES-008585,USR-05380,EXP-0286,2025-06-15,2025-06-21,5,56.62,0.0,affiliates,desktop,completed,283.1
BKG-000502,SES-008597,USR-02092,EXP-0104,2024-08-23,2024-10-16,1,135.92,0.0,organic,tablet,completed,135.92
BKG-000503,SES-008599,USR-00491,EXP-0252,2024-07-15,2024-08-07,6,87.02,0.0,email,desktop,completed,522.12
BKG-000504,SES-008625,USR-06026,EXP-0293,2025-02-20,2025-03-04,1,92.8,0.0,affiliates,mobile,completed,92.8
BKG-000505,SES-008632,USR-07395,EXP-0085,2024-11-12,2024-12-02,3,183.92,0.0,organic,tablet,completed,551.76
BKG-000506,SES-008644,USR-05260,EXP-0139,2025-02-11,2025-02-24,2,92.27,0.15,referral,mobile,completed,156.86
BKG-000507,SES-008647,USR-02959,EXP-0206,2025-05-10,2025-05-26,2,67.38,0.0,paid_search,mobile,completed,134.76
BKG-000508,SES-008648,USR-02995,EXP-0172,2024-11-03,2024-11-10,3,53.65,0.08,email,mobile,completed,148.07
BKG-000509,SES-008660,USR-02619,EXP-0051,2025-05-18,2025-06-06,6,29.08,0.12,paid_search,desktop,completed,153.54
BKG-000510,SES-008662,USR-06838,EXP-0029,2025-03-24,2025-04-16,4,82.68,0.0,affiliates,desktop,completed,330.72
BKG-000511,SES-008667,USR-03095,EXP-0295,2025-01-05,2025-01-11,1,47.75,0.0,social,mobile,completed,47.75
BKG-000512,SES-008714,USR-05302,EXP-0112,2024-07-31,2024-09-05,2,46.23,0.0,organic,desktop,cancelled,92.46
BKG-000513,SES-008738,USR-04324,EXP-0055,2024-07-23,2024-07-30,3,72.11,0.2,email,tablet,refunded,173.06
BKG-000514,SES-008747,USR-02067,EXP-0212,2025-02-16,2025-02-26,1,60.86,0.0,paid_search,desktop,completed,60.86
BKG-000515,SES-008766,USR-06011,EXP-0282,2024-11-30,2024-12-08,2,161.91,0.0,organic,desktop,completed,323.82
BKG-000516,SES-008785,USR-04832,EXP-0131,2025-03-18,2025-03-20,5,85.94,0.0,email,mobile,completed,429.7
BKG-000517,SES-008818,USR-04324,EXP-0284,2024-09-28,2024-10-12,2,228.43,0.0,paid_search,desktop,completed,456.86
BKG-000518,SES-008822,USR-05532,EXP-0255,2024-12-14,2025-01-01,1,85.05,0.0,paid_search,mobile,completed,85.05
BKG-000519,SES-008848,USR-05624,EXP-0083,2024-10-02,2024-10-11,5,92.83,0.14,social,mobile,completed,399.17
BKG-000520,SES-008865,USR-07968,EXP-0091,2025-02-06,2025-02-07,2,96.31,0.11,email,mobile,cancelled,171.43
BKG-000521,SES-008877,USR-02540,EXP-0123,2025-03-30,2025-04-16,4,89.16,0.0,paid_search,tablet,completed,356.64
BKG-000522,SES-008882,USR-05398,EXP-0043,2024-10-16,2024-10-23,2,34.84,0.0,social,desktop,completed,69.68
BKG-000523,SES-008883,USR-07491,EXP-0034,2025-02-22,2025-03-05,1,104.82,0.0,referral,desktop,completed,104.82
BKG-000524,SES-008919,USR-02180,EXP-0126,2024-08-16,2024-08-20,3,66.19,0.08,organic,desktop,cancelled,182.68
BKG-000525,SES-008924,USR-01797,EXP-0172,2024-08-07,2024-08-24,1,57.94,0.11,paid_search,mobile,completed,51.57
BKG-000526,SES-008933,USR-01712,EXP-0259,2024-07-27,2024-07-29,2,132.53,0.0,organic,desktop,cancelled,265.06
BKG-000527,SES-008937,USR-00099,EXP-0288,2024-09-05,2024-09-07,2,76.95,0.12,organic,desktop,completed,135.43
BKG-000528,SES-008941,USR-02761,EXP-0126,2024-11-21,2024-12-16,3,71.28,0.0,organic,mobile,completed,213.84
BKG-000529,SES-008946,USR-06867,EXP-0146,2025-06-26,2025-07-12,2,51.98,0.0,paid_search,desktop,completed,103.96
BKG-000530,SES-008951,USR-03898,EXP-0061,2025-02-28,2025-03-10,6,47.72,0.13,paid_search,mobile,completed,249.1
BKG-000531,SES-008960,USR-05212,EXP-0161,2025-05-04,2025-06-13,2,165.8,0.0,organic,tablet,completed,331.6
BKG-000532,SES-008983,USR-05649,EXP-0072,2025-03-06,2025-03-23,4,96.39,0.0,paid_search,mobile,completed,385.56
BKG-000533,SES-009003,USR-04280,EXP-0129,2024-11-27,2024-12-10,1,171.48,0.0,paid_search,mobile,completed,171.48
BKG-000534,SES-009042,USR-02652,EXP-0113,2024-07-31,2024-08-11,1,128.12,0.0,paid_search,mobile,cancelled,128.12
BKG-000535,SES-009095,USR-02830,EXP-0034,2024-10-03,2024-10-07,2,101.04,0.18,referral,mobile,completed,165.71
BKG-000536,SES-009140,USR-02392,EXP-0044,2024-07-11,2024-08-03,2,223.45,0.11,affiliates,mobile,completed,397.74
BKG-000537,SES-009142,USR-00472,EXP-0211,2025-05-16,2025-05-24,2,87.87,0.0,paid_search,tablet,completed,175.74
BKG-000538,SES-009146,USR-00113,EXP-0028,2025-04-04,2025-04-05,3,62.12,0.1,paid_search,desktop,completed,167.72
BKG-000539,SES-009156,USR-05917,EXP-0186,2025-02-09,2025-02-12,4,58.99,0.0,organic,desktop,completed,235.96
BKG-000540,SES-009159,USR-06969,EXP-0001,2024-07-25,2024-08-15,2,57.92,0.0,paid_search,mobile,completed,115.84
BKG-000541,SES-009183,USR-02202,EXP-0298,2025-02-17,2025-03-02,2,82.12,0.0,referral,desktop,completed,164.24
BKG-000542,SES-009184,USR-01176,EXP-0201,2024-08-27,2024-09-09,2,68.5,0.14,organic,mobile,completed,117.82
BKG-000543,SES-009221,USR-02843,EXP-0039,2024-07-17,2024-07-25,3,72.85,0.13,paid_search,tablet,completed,190.14
BKG-000544,SES-009226,USR-02796,EXP-0197,2024-08-10,2024-08-11,6,75.47,0.18,organic,mobile,completed,371.31
BKG-000545,SES-009317,USR-07126,EXP-0296,2025-02-17,2025-02-28,2,63.54,0.0,organic,mobile,refunded,127.08
BKG-000546,SES-009325,USR-00657,EXP-0194,2025-06-08,2025-06-22,4,79.64,0.08,organic,mobile,completed,293.08
BKG-000547,SES-009362,USR-05380,EXP-0174,2024-12-11,2024-12-22,3,110.38,0.0,affiliates,desktop,completed,331.14
BKG-000548,SES-009363,USR-03869,EXP-0219,2024-08-12,2024-08-22,1,215.0,0.0,paid_search,desktop,completed,215.0
BKG-000549,SES-009378,USR-02719,EXP-0163,2024-12-01,2024-12-13,4,49.07,0.0,social,desktop,completed,196.28
BKG-000550,SES-009384,USR-02881,EXP-0104,2024-11-20,2024-11-29,1,130.83,0.14,referral,desktop,completed,112.51
BKG-000551,SES-009425,USR-01385,EXP-0051,2025-03-18,2025-03-20,4,30.92,0.0,paid_search,desktop,completed,123.68
BKG-000552,SES-009430,USR-07115,EXP-0241,2025-03-01,2025-04-02,1,145.09,0.0,organic,tablet,completed,145.09
BKG-000553,SES-009433,USR-03421,EXP-0060,2024-12-07,2024-12-10,1,103.26,0.0,organic,mobile,completed,103.26
BKG-000554,SES-009443,USR-03991,EXP-0070,2024-07-27,2024-08-06,1,76.13,0.14,paid_search,mobile,completed,65.47
BKG-000555,SES-009453,USR-03858,EXP-0176,2025-03-04,2025-03-20,1,53.97,0.0,organic,desktop,completed,53.97
BKG-000556,SES-009456,USR-07685,EXP-0161,2024-08-12,2024-08-23,3,179.15,0.0,social,mobile,completed,537.45
BKG-000557,SES-009469,USR-01545,EXP-0166,2025-04-14,2025-04-30,6,80.56,0.06,social,mobile,completed,454.36
BKG-000558,SES-009470,USR-06907,EXP-0041,2025-03-16,2025-03-22,3,31.79,0.0,organic,desktop,completed,95.37
BKG-000559,SES-009509,USR-07971,EXP-0166,2025-06-09,2025-06-18,4,79.17,0.0,paid_search,desktop,refunded,316.68
BKG-000560,SES-009524,USR-06589,EXP-0093,2024-12-02,2024-12-09,2,46.29,0.15,social,desktop,completed,78.69
BKG-000561,SES-009527,USR-06244,EXP-0100,2025-03-29,2025-04-10,3,135.68,0.0,email,mobile,completed,407.04
BKG-000562,SES-009529,USR-04187,EXP-0213,2024-10-25,2024-11-13,5,89.52,0.19,affiliates,desktop,completed,362.56
BKG-000563,SES-009549,USR-05695,EXP-0193,2024-07-06,2024-07-14,2,88.99,0.0,paid_search,mobile,completed,177.98
BKG-000564,SES-009605,USR-01367,EXP-0053,2025-04-28,2025-05-14,1,37.31,0.1,paid_search,desktop,refunded,33.58
BKG-000565,SES-009610,USR-03826,EXP-0079,2024-07-04,2024-07-11,2,96.1,0.0,paid_search,mobile,completed,192.2
BKG-000566,SES-009617,USR-01148,EXP-0113,2024-09-09,2024-09-19,3,115.9,0.0,organic,mobile,completed,347.7
BKG-000567,SES-009667,USR-07581,EXP-0114,2024-11-26,2024-12-03,1,33.5,0.0,organic,mobile,cancelled,33.5
BKG-000568,SES-009682,USR-01463,EXP-0158,2025-01-20,2025-01-23,2,47.56,0.0,paid_search,desktop,completed,95.12
BKG-000569,SES-009697,USR-04211,EXP-0214,2025-04-20,2025-04-23,1,75.19,0.0,email,mobile,completed,75.19
BKG-000570,SES-009720,USR-04021,EXP-0237,2025-06-03,2025-06-17,4,62.83,0.08,referral,desktop,completed,231.21
BKG-000571,SES-009733,USR-07452,EXP-0099,2024-08-28,2024-09-22,2,80.59,0.0,organic,tablet,completed,161.18
BKG-000572,SES-009761,USR-05472,EXP-0058,2025-01-12,2025-01-15,1,170.83,0.0,email,desktop,completed,170.83
BKG-000573,SES-009770,USR-04933,EXP-0005,2025-04-12,2025-04-22,3,77.25,0.0,email,desktop,completed,231.75
BKG-000574,SES-009781,USR-07889,EXP-0112,2025-06-17,2025-06-23,2,45.8,0.0,organic,desktop,completed,91.6
BKG-000575,SES-009782,USR-02542,EXP-0283,2024-09-01,2024-11-07,4,136.02,0.0,organic,tablet,completed,544.08
BKG-000576,SES-009833,USR-03984,EXP-0077,2024-11-16,2024-11-28,1,156.65,0.0,email,desktop,completed,156.65
BKG-000577,SES-009844,USR-03758,EXP-0099,2024-11-09,2024-11-13,4,91.01,0.0,organic,mobile,completed,364.04
BKG-000578,SES-009847,USR-05034,EXP-0194,2025-03-07,2025-03-08,6,80.53,0.0,organic,desktop,completed,483.18
BKG-000579,SES-009865,USR-07507,EXP-0189,2024-10-01,2024-10-04,2,88.68,0.08,organic,mobile,cancelled,163.17
BKG-000580,SES-009877,USR-02447,EXP-0139,2025-02-27,2025-03-04,3,96.73,0.14,paid_search,mobile,completed,249.56
BKG-000581,SES-009900,USR-07767,EXP-0197,2024-12-03,2024-12-16,2,86.96,0.07,organic,mobile,completed,161.75
BKG-000582,SES-009929,USR-04930,EXP-0137,2024-07-14,2024-07-19,3,52.97,0.0,organic,desktop,completed,158.91
BKG-000583,SES-009931,USR-02318,EXP-0027,2024-10-23,2024-10-27,1,205.86,0.07,email,mobile,completed,191.45
BKG-000584,SES-009934,USR-00899,EXP-0182,2024-10-24,2024-11-19,2,68.43,0.0,paid_search,mobile,completed,136.86
BKG-000585,SES-009944,USR-05183,EXP-0210,2025-06-18,2025-07-10,1,107.07,0.2,paid_search,desktop,completed,85.66
BKG-000586,SES-009969,USR-03366,EXP-0201,2025-03-05,2025-04-13,3,67.59,0.0,paid_search,mobile,completed,202.77
BKG-000587,SES-009979,USR-04985,EXP-0217,2024-07-13,2024-07-27,4,47.83,0.0,organic,mobile,completed,191.32
BKG-000588,SES-010001,USR-07567,EXP-0197,2024-10-27,2024-11-03,1,74.49,0.0,organic,desktop,completed,74.49
BKG-000589,SES-010014,USR-05104,EXP-0151,2024-12-10,2024-12-16,2,62.43,0.07,email,desktop,completed,116.12
BKG-000590,SES-010017,USR-06516,EXP-0138,2024-10-10,2024-10-14,1,58.17,0.0,paid_search,desktop,cancelled,58.17
BKG-000591,SES-010060,USR-06640,EXP-0133,2025-06-07,2025-06-15,2,94.86,0.14,organic,desktop,completed,163.16
BKG-000592,SES-010086,USR-00597,EXP-0218,2024-10-13,2024-10-18,2,48.24,0.0,organic,desktop,completed,96.48
BKG-000593,SES-010108,USR-05012,EXP-0188,2024-09-13,2024-09-14,3,44.03,0.0,organic,desktop,completed,132.09
BKG-000594,SES-010138,USR-01944,EXP-0193,2024-12-22,2025-01-02,3,80.11,0.0,organic,desktop,completed,240.33
BKG-000595,SES-010143,USR-00310,EXP-0107,2025-03-24,2025-05-03,5,33.95,0.0,paid_search,mobile,completed,169.75
BKG-000596,SES-010155,USR-02363,EXP-0296,2025-06-23,2025-07-03,4,61.2,0.0,organic,mobile,completed,244.8
BKG-000597,SES-010179,USR-03169,EXP-0136,2025-06-15,2025-06-29,2,45.02,0.06,organic,mobile,completed,84.64
BKG-000598,SES-010184,USR-01956,EXP-0170,2025-03-12,2025-04-14,2,181.04,0.0,affiliates,desktop,completed,362.08
BKG-000599,SES-010194,USR-04870,EXP-0080,2024-11-01,2024-11-17,2,80.51,0.0,paid_search,mobile,completed,161.02
BKG-000600,SES-010211,USR-03450,EXP-0102,2024-08-13,2024-09-24,2,50.43,0.0,email,desktop,cancelled,100.86
BKG-000601,SES-010223,USR-06732,EXP-0019,2025-03-29,2025-04-21,2,35.7,0.0,email,desktop,completed,71.4
BKG-000602,SES-010247,USR-00906,EXP-0211,2024-09-15,2024-09-16,3,86.4,0.0,organic,mobile,completed,259.2
BKG-000603,SES-010268,USR-01960,EXP-0295,2024-07-23,2024-08-11,1,45.8,0.0,organic,desktop,refunded,45.8
BKG-000604,SES-010279,USR-05949,EXP-0118,2024-08-18,2024-08-30,5,54.83,0.0,organic,desktop,completed,274.15
BKG-000605,SES-010295,USR-05333,EXP-0185,2025-02-15,2025-02-23,1,88.11,0.0,paid_search,tablet,cancelled,88.11
BKG-000606,SES-010305,USR-06169,EXP-0278,2025-03-24,2025-03-27,1,59.43,0.0,paid_search,mobile,completed,59.43
BKG-000607,SES-010307,USR-04940,EXP-0184,2025-02-11,2025-03-10,2,72.12,0.08,paid_search,desktop,completed,132.7
BKG-000608,SES-010402,USR-04363,EXP-0206,2025-04-21,2025-05-01,2,66.13,0.0,organic,desktop,cancelled,132.26
BKG-000609,SES-010408,USR-06465,EXP-0221,2025-04-20,2025-06-04,3,80.21,0.16,referral,desktop,completed,202.13
BKG-000610,SES-010415,USR-05701,EXP-0235,2025-06-29,2025-07-06,5,54.93,0.0,organic,mobile,completed,274.65
BKG-000611,SES-010449,USR-01328,EXP-0197,2024-10-29,2024-11-01,2,87.6,0.06,referral,mobile,cancelled,164.69
BKG-000612,SES-010452,USR-01544,EXP-0143,2025-05-31,2025-06-26,2,100.19,0.0,organic,desktop,completed,200.38
BKG-000613,SES-010453,USR-06547,EXP-0287,2024-10-15,2024-11-02,1,93.45,0.0,organic,desktop,completed,93.45
BKG-000614,SES-010489,USR-07007,EXP-0175,2024-11-11,2024-12-04,2,80.34,0.0,organic,desktop,completed,160.68
BKG-000615,SES-010510,USR-06706,EXP-0070,2024-10-13,2024-10-31,2,72.8,0.0,affiliates,mobile,completed,145.6
BKG-000616,SES-010523,USR-07348,EXP-0057,2025-01-04,2025-01-10,2,94.48,0.0,paid_search,desktop,completed,188.96
BKG-000617,SES-010527,USR-05021,EXP-0170,2025-04-07,2025-04-14,1,197.08,0.0,referral,mobile,completed,197.08
BKG-000618,SES-010539,USR-02881,EXP-0055,2025-02-21,2025-02-28,1,69.05,0.2,email,desktop,cancelled,55.24
BKG-000619,SES-010544,USR-01001,EXP-0072,2025-05-14,2025-05-20,6,83.22,0.0,paid_search,mobile,completed,499.32
BKG-000620,SES-010559,USR-05060,EXP-0178,2024-07-29,2024-08-10,2,98.32,0.0,email,desktop,completed,196.64
BKG-000621,SES-010562,USR-04232,EXP-0214,2025-04-10,2025-04-18,6,78.61,0.17,organic,desktop,completed,391.48
BKG-000622,SES-010602,USR-02810,EXP-0227,2024-08-27,2024-08-29,4,86.54,0.11,organic,mobile,completed,308.08
BKG-000623,SES-010626,USR-04354,EXP-0273,2025-03-18,2025-03-26,1,39.16,0.0,organic,desktop,cancelled,39.16
BKG-000624,SES-010630,USR-07196,EXP-0098,2024-12-18,2025-01-09,1,88.28,0.0,organic,tablet,completed,88.28
BKG-000625,SES-010638,USR-08000,EXP-0194,2025-02-27,2025-03-07,5,89.61,0.06,organic,mobile,completed,421.17
BKG-000626,SES-010645,USR-01440,EXP-0001,2024-09-14,2024-09-30,5,58.75,0.15,affiliates,desktop,completed,249.69
BKG-000627,SES-010648,USR-01623,EXP-0106,2025-03-26,2025-04-07,1,134.95,0.11,email,mobile,completed,120.11
BKG-000628,SES-010650,USR-00978,EXP-0066,2025-04-09,2025-04-13,2,57.65,0.0,organic,mobile,completed,115.3
BKG-000629,SES-010654,USR-00887,EXP-0005,2024-10-04,2024-10-25,1,76.57,0.0,paid_search,mobile,completed,76.57
BKG-000630,SES-010728,USR-02245,EXP-0022,2025-06-16,2025-07-02,2,71.39,0.0,organic,desktop,completed,142.78
BKG-000631,SES-010763,USR-01010,EXP-0249,2024-10-13,2024-10-17,2,235.79,0.05,organic,mobile,cancelled,448.0
BKG-000632,SES-010765,USR-05576,EXP-0018,2025-03-22,2025-04-10,2,56.06,0.0,organic,mobile,completed,112.12
BKG-000633,SES-010769,USR-04273,EXP-0177,2025-01-04,2025-01-12,2,39.69,0.0,referral,mobile,completed,79.38
BKG-000634,SES-010807,USR-06217,EXP-0159,2024-09-18,2024-09-26,3,59.97,0.14,paid_search,mobile,completed,154.72
BKG-000635,SES-010834,USR-08000,EXP-0036,2025-05-04,2025-05-05,4,69.35,0.0,paid_search,mobile,completed,277.4
BKG-000636,SES-010865,USR-06707,EXP-0196,2025-06-01,2025-06-03,2,60.91,0.16,paid_search,mobile,completed,102.33
BKG-000637,SES-010876,USR-03025,EXP-0211,2024-10-24,2024-10-26,2,90.82,0.0,social,mobile,cancelled,181.64
BKG-000638,SES-010886,USR-02162,EXP-0149,2024-11-09,2024-11-30,2,54.34,0.2,organic,mobile,completed,86.94
BKG-000639,SES-010894,USR-04070,EXP-0214,2025-02-16,2025-02-19,2,84.99,0.18,organic,desktop,completed,139.38
BKG-000640,SES-010907,USR-01507,EXP-0053,2025-05-12,2025-05-21,2,41.6,0.0,paid_search,desktop,completed,83.2
BKG-000641,SES-010920,USR-00416,EXP-0020,2025-03-10,2025-03-21,2,122.8,0.0,organic,desktop,completed,245.6
BKG-000642,SES-010934,USR-02463,EXP-0214,2025-01-27,2025-01-30,2,78.0,0.0,paid_search,desktop,completed,156.0
BKG-000643,SES-010939,USR-06432,EXP-0220,2024-09-26,2024-09-27,2,36.46,0.0,paid_search,desktop,completed,72.92
BKG-000644,SES-010969,USR-01009,EXP-0298,2025-04-06,2025-04-24,1,84.53,0.0,organic,mobile,completed,84.53
BKG-000645,SES-010977,USR-00259,EXP-0197,2025-01-27,2025-02-14,1,74.06,0.0,organic,desktop,completed,74.06
BKG-000646,SES-011009,USR-04935,EXP-0291,2025-02-16,2025-03-16,4,90.21,0.0,organic,desktop,completed,360.84
BKG-000647,SES-011062,USR-07151,EXP-0231,2025-02-26,2025-04-17,3,65.55,0.0,paid_search,desktop,completed,196.65
BKG-000648,SES-011101,USR-05021,EXP-0040,2024-08-23,2024-08-24,6,164.97,0.0,affiliates,mobile,completed,989.82
BKG-000649,SES-011104,USR-00935,EXP-0144,2024-11-16,2024-11-23,3,83.89,0.0,paid_search,mobile,completed,251.67
BKG-000650,SES-011105,USR-00256,EXP-0242,2025-01-19,2025-02-01,1,75.26,0.0,referral,mobile,completed,75.26
BKG-000651,SES-011135,USR-01509,EXP-0042,2025-02-24,2025-03-29,2,116.3,0.0,paid_search,desktop,completed,232.6
BKG-000652,SES-011141,USR-02995,EXP-0243,2024-07-14,2024-08-01,2,88.58,0.0,email,desktop,completed,177.16
BKG-000653,SES-011177,USR-01934,EXP-0241,2025-02-21,2025-02-28,2,130.42,0.0,organic,desktop,completed,260.84
BKG-000654,SES-011200,USR-01932,EXP-0210,2024-09-08,2024-09-18,4,104.26,0.0,paid_search,desktop,completed,417.04
BKG-000655,SES-011247,USR-07615,EXP-0179,2025-02-12,2025-02-13,2,37.5,0.0,paid_search,desktop,completed,75.0
BKG-000656,SES-011307,USR-02926,EXP-0218,2025-03-06,2025-03-21,2,54.34,0.0,organic,desktop,cancelled,108.68
BKG-000657,SES-011313,USR-06328,EXP-0131,2025-03-21,2025-04-08,2,90.97,0.0,email,desktop,refunded,181.94
BKG-000658,SES-011349,USR-04870,EXP-0024,2024-07-31,2024-08-08,1,91.98,0.0,paid_search,mobile,completed,91.98
BKG-000659,SES-011395,USR-03997,EXP-0138,2025-04-02,2025-04-29,3,58.43,0.0,paid_search,desktop,completed,175.29
BKG-000660,SES-011398,USR-05262,EXP-0048,2024-11-21,2024-11-23,2,115.98,0.0,organic,mobile,cancelled,231.96
BKG-000661,SES-011435,USR-06455,EXP-0034,2024-07-22,2024-07-30,4,93.81,0.0,organic,desktop,completed,375.24
BKG-000662,SES-011439,USR-06084,EXP-0098,2025-04-20,2025-05-04,2,90.48,0.0,social,desktop,cancelled,180.96
BKG-000663,SES-011441,USR-07186,EXP-0099,2025-01-15,2025-01-17,1,76.92,0.0,paid_search,desktop,completed,76.92
BKG-000664,SES-011446,USR-02191,EXP-0026,2025-05-28,2025-05-30,2,25.91,0.0,paid_search,desktop,completed,51.82
BKG-000665,SES-011463,USR-07161,EXP-0215,2025-05-15,2025-05-28,2,43.06,0.0,paid_search,desktop,completed,86.12
BKG-000666,SES-011472,USR-03251,EXP-0268,2024-09-02,2024-09-06,1,70.27,0.0,organic,mobile,completed,70.27
BKG-000667,SES-011473,USR-05233,EXP-0172,2024-07-18,2024-07-21,1,57.15,0.0,organic,desktop,completed,57.15
BKG-000668,SES-011487,USR-07999,EXP-0191,2024-08-29,2024-09-11,3,73.96,0.0,affiliates,desktop,completed,221.88
BKG-000669,SES-011513,USR-00417,EXP-0297,2025-03-22,2025-04-10,1,79.98,0.0,social,mobile,completed,79.98
BKG-000670,SES-011518,USR-02087,EXP-0092,2024-09-18,2024-09-24,3,71.53,0.14,organic,desktop,completed,184.55
BKG-000671,SES-011559,USR-00843,EXP-0202,2025-06-18,2025-07-06,4,51.42,0.0,organic,mobile,completed,205.68
BKG-000672,SES-011571,USR-02676,EXP-0052,2024-11-25,2024-12-08,6,77.57,0.0,email,desktop,completed,465.42
BKG-000673,SES-011604,USR-06376,EXP-0149,2025-02-12,2025-03-06,2,63.19,0.0,social,desktop,cancelled,126.38
BKG-000674,SES-011699,USR-00229,EXP-0193,2025-01-16,2025-02-04,2,78.02,0.0,social,desktop,completed,156.04
BKG-000675,SES-011707,USR-03529,EXP-0144,2025-04-14,2025-05-17,5,80.04,0.0,affiliates,mobile,completed,400.2
BKG-000676,SES-011710,USR-06040,EXP-0057,2024-11-02,2024-12-06,2,85.87,0.0,paid_search,desktop,completed,171.74
BKG-000677,SES-011713,USR-02561,EXP-0128,2024-08-24,2024-09-06,2,72.26,0.0,paid_search,desktop,completed,144.52
BKG-000678,SES-011717,USR-03140,EXP-0189,2024-10-08,2024-10-10,2,100.03,0.0,paid_search,mobile,completed,200.06
BKG-000679,SES-011738,USR-05345,EXP-0156,2024-11-09,2024-11-14,2,48.99,0.17,email,desktop,completed,81.32
BKG-000680,SES-011742,USR-07836,EXP-0240,2025-06-22,2025-06-25,3,95.53,0.0,social,desktop,completed,286.59
BKG-000681,SES-011749,USR-03339,EXP-0230,2025-01-15,2025-02-06,2,124.7,0.0,affiliates,mobile,completed,249.4
BKG-000682,SES-011758,USR-02805,EXP-0054,2025-05-15,2025-05-30,2,69.33,0.0,email,mobile,completed,138.66
BKG-000683,SES-011776,USR-06796,EXP-0055,2024-08-06,2024-08-10,1,63.85,0.16,affiliates,desktop,cancelled,53.63
BKG-000684,SES-011782,USR-05478,EXP-0229,2025-05-11,2025-05-13,2,83.69,0.0,paid_search,tablet,completed,167.38
BKG-000685,SES-011790,USR-01956,EXP-0118,2025-06-05,2025-06-13,1,54.25,0.15,affiliates,mobile,completed,46.11
BKG-000686,SES-011794,USR-04936,EXP-0194,2024-12-10,2025-01-12,2,82.47,0.0,paid_search,tablet,completed,164.94
BKG-000687,SES-011812,USR-07764,EXP-0027,2025-04-18,2025-04-19,2,200.39,0.0,paid_search,mobile,completed,400.78
BKG-000688,SES-011836,USR-01098,EXP-0255,2025-06-22,2025-06-23,2,85.89,0.17,email,desktop,completed,142.58
BKG-000689,SES-011860,USR-02702,EXP-0067,2024-10-26,2024-11-16,4,62.62,0.0,organic,mobile,completed,250.48
BKG-000690,SES-011885,USR-06182,EXP-0135,2024-12-15,2024-12-25,4,75.49,0.13,affiliates,mobile,completed,262.71
BKG-000691,SES-011888,USR-02001,EXP-0135,2025-05-21,2025-06-01,2,73.01,0.0,email,desktop,completed,146.02
BKG-000692,SES-011894,USR-01509,EXP-0045,2025-02-04,2025-02-05,5,157.41,0.0,affiliates,mobile,completed,787.05
BKG-000693,SES-011907,USR-07694,EXP-0271,2025-04-18,2025-04-19,6,101.13,0.0,organic,mobile,completed,606.78
BKG-000694,SES-011926,USR-00025,EXP-0051,2024-07-04,2024-07-07,1,29.38,0.0,organic,mobile,refunded,29.38
BKG-000695,SES-011930,USR-01509,EXP-0015,2024-12-21,2025-01-11,2,33.15,0.08,paid_search,mobile,cancelled,61.0
BKG-000696,SES-011980,USR-03256,EXP-0040,2025-05-01,2025-05-05,6,171.09,0.0,organic,mobile,completed,1026.54
BKG-000697,SES-011994,USR-07335,EXP-0102,2025-01-14,2025-01-19,1,53.01,0.0,affiliates,desktop,cancelled,53.01
BKG-000698,SES-012002,USR-00031,EXP-0241,2024-11-05,2024-11-06,5,134.99,0.0,organic,mobile,completed,674.95
BKG-000699,SES-012071,USR-04374,EXP-0129,2024-11-27,2024-12-19,3,187.45,0.0,affiliates,tablet,completed,562.35
BKG-000700,SES-012079,USR-07676,EXP-0255,2024-12-30,2025-01-02,2,83.98,0.0,organic,desktop,completed,167.96
BKG-000701,SES-012083,USR-06965,EXP-0284,2025-03-12,2025-03-13,4,240.74,0.0,organic,mobile,cancelled,962.96
BKG-000702,SES-012087,USR-05451,EXP-0214,2025-01-11,2025-01-23,3,77.62,0.1,paid_search,desktop,completed,209.57
BKG-000703,SES-012105,USR-04239,EXP-0071,2025-04-05,2025-04-22,1,55.86,0.2,paid_search,desktop,completed,44.69
BKG-000704,SES-012129,USR-03140,EXP-0073,2024-10-14,2024-10-19,1,84.12,0.0,paid_search,desktop,completed,84.12
BKG-000705,SES-012145,USR-03690,EXP-0078,2024-11-26,2024-12-15,3,41.06,0.0,paid_search,desktop,completed,123.18
BKG-000706,SES-012163,USR-05408,EXP-0052,2024-10-27,2024-11-25,2,74.2,0.0,email,tablet,completed,148.4
BKG-000707,SES-012194,USR-01671,EXP-0204,2025-05-10,2025-05-19,2,88.56,0.13,organic,mobile,completed,154.09
BKG-000708,SES-012224,USR-03551,EXP-0140,2024-09-07,2024-09-12,2,133.29,0.0,organic,desktop,completed,266.58
BKG-000709,SES-012238,USR-04175,EXP-0011,2025-06-15,2025-06-28,2,80.75,0.11,paid_search,mobile,cancelled,143.74
BKG-000710,SES-012252,USR-06900,EXP-0248,2025-04-20,2025-04-23,1,186.79,0.0,affiliates,mobile,completed,186.79
BKG-000711,SES-012279,USR-07009,EXP-0058,2024-08-31,2024-09-19,3,140.79,0.0,paid_search,desktop,completed,422.37
BKG-000712,SES-012294,USR-01197,EXP-0146,2024-07-25,2024-07-30,5,51.42,0.0,paid_search,mobile,completed,257.1
BKG-000713,SES-012353,USR-05925,EXP-0225,2024-10-31,2024-11-08,2,164.28,0.14,affiliates,desktop,completed,282.56
BKG-000714,SES-012359,USR-00097,EXP-0188,2025-01-21,2025-02-26,2,44.32,0.19,email,mobile,cancelled,71.8
BKG-000715,SES-012368,USR-01407,EXP-0261,2025-03-25,2025-04-03,4,124.31,0.08,organic,mobile,completed,457.46
BKG-000716,SES-012377,USR-05454,EXP-0045,2024-12-22,2025-01-13,2,150.22,0.0,email,mobile,completed,300.44
BKG-000717,SES-012415,USR-07434,EXP-0286,2025-05-25,2025-06-08,2,53.85,0.0,paid_search,desktop,completed,107.7
BKG-000718,SES-012425,USR-02518,EXP-0223,2024-11-16,2024-12-07,2,95.07,0.13,paid_search,tablet,completed,165.42
BKG-000719,SES-012441,USR-07567,EXP-0237,2024-09-12,2024-09-14,2,67.86,0.0,email,desktop,completed,135.72
BKG-000720,SES-012467,USR-05769,EXP-0175,2025-06-07,2025-07-02,2,78.74,0.0,referral,mobile,completed,157.48
BKG-000721,SES-012485,USR-06379,EXP-0161,2024-08-13,2024-08-31,4,167.31,0.0,referral,desktop,completed,669.24
BKG-000722,SES-012501,USR-02805,EXP-0286,2025-06-20,2025-06-26,2,51.0,0.0,email,desktop,completed,102.0
BKG-000723,SES-012510,USR-00380,EXP-0125,2025-05-20,2025-05-21,1,49.95,0.0,paid_search,mobile,completed,49.95
BKG-000724,SES-012524,USR-03887,EXP-0009,2025-01-24,2025-01-28,1,54.08,0.14,paid_search,tablet,completed,46.51
BKG-000725,SES-012554,USR-00192,EXP-0101,2024-08-26,2024-08-28,2,30.16,0.0,social,desktop,completed,60.32
BKG-000726,SES-012558,USR-04630,EXP-0262,2025-01-29,2025-02-01,3,102.85,0.0,organic,tablet,completed,308.55
BKG-000727,SES-012591,USR-00890,EXP-0189,2024-07-07,2024-07-22,1,87.81,0.0,referral,mobile,completed,87.81
BKG-000728,SES-012617,USR-04770,EXP-0205,2024-09-03,2024-10-15,2,128.55,0.0,paid_search,mobile,completed,257.1
BKG-000729,SES-012640,USR-00238,EXP-0048,2024-08-30,2024-09-08,2,97.41,0.19,paid_search,mobile,completed,157.8
BKG-000730,SES-012644,USR-00615,EXP-0243,2024-09-20,2024-09-27,6,79.42,0.0,organic,desktop,completed,476.52
BKG-000731,SES-012657,USR-02061,EXP-0298,2024-08-28,2024-08-30,5,89.19,0.0,paid_search,mobile,completed,445.95
BKG-000732,SES-012686,USR-06824,EXP-0193,2025-02-14,2025-02-21,2,75.27,0.0,organic,mobile,completed,150.54
BKG-000733,SES-012688,USR-06012,EXP-0293,2025-04-05,2025-04-19,2,96.44,0.19,affiliates,desktop,completed,156.23
BKG-000734,SES-012706,USR-04262,EXP-0177,2025-04-10,2025-04-13,2,36.29,0.0,referral,desktop,completed,72.58
BKG-000735,SES-012708,USR-03607,EXP-0252,2025-02-20,2025-03-12,2,79.97,0.0,referral,desktop,completed,159.94
BKG-000736,SES-012709,USR-02229,EXP-0261,2025-01-08,2025-01-11,2,115.93,0.0,organic,mobile,cancelled,231.86
BKG-000737,SES-012716,USR-03854,EXP-0122,2025-04-08,2025-04-09,6,97.84,0.0,email,desktop,completed,587.04
BKG-000738,SES-012774,USR-04113,EXP-0195,2024-12-11,2025-01-10,3,75.9,0.0,affiliates,desktop,completed,227.7
BKG-000739,SES-012791,USR-07957,EXP-0245,2025-01-02,2025-01-14,3,114.87,0.0,social,desktop,completed,344.61
BKG-000740,SES-012825,USR-01357,EXP-0187,2024-09-11,2024-09-15,2,44.6,0.0,organic,desktop,completed,89.2
BKG-000741,SES-012868,USR-02824,EXP-0168,2024-07-11,2024-07-23,2,154.08,0.0,paid_search,mobile,completed,308.16
BKG-000742,SES-012882,USR-01987,EXP-0123,2025-04-11,2025-04-25,2,92.67,0.17,organic,mobile,completed,153.83
BKG-000743,SES-012899,USR-02881,EXP-0196,2024-07-03,2024-07-15,3,62.2,0.0,paid_search,desktop,completed,186.6
BKG-000744,SES-012917,USR-00229,EXP-0296,2024-09-28,2024-09-30,2,58.36,0.0,email,mobile,completed,116.72
BKG-000745,SES-013003,USR-06408,EXP-0155,2025-01-21,2025-02-03,2,70.11,0.0,paid_search,mobile,completed,140.22
BKG-000746,SES-013020,USR-02063,EXP-0230,2025-03-08,2025-03-24,2,131.5,0.0,organic,desktop,refunded,263.0
BKG-000747,SES-013065,USR-05949,EXP-0272,2024-10-14,2024-11-02,3,98.73,0.0,organic,desktop,completed,296.19
BKG-000748,SES-013091,USR-04370,EXP-0002,2025-02-11,2025-02-26,2,31.41,0.06,referral,desktop,completed,59.05
BKG-000749,SES-013110,USR-06010,EXP-0154,2024-07-17,2024-07-18,2,50.72,0.0,referral,desktop,completed,101.44
BKG-000750,SES-013129,USR-07825,EXP-0292,2025-04-29,2025-05-10,6,105.52,0.14,referral,mobile,refunded,544.48
BKG-000751,SES-013145,USR-06964,EXP-0229,2024-07-12,2024-07-23,6,86.79,0.13,social,desktop,completed,453.04
BKG-000752,SES-013153,USR-07561,EXP-0045,2025-04-02,2025-04-15,2,169.14,0.0,referral,desktop,completed,338.28
BKG-000753,SES-013157,USR-06426,EXP-0224,2024-08-17,2024-08-22,3,66.76,0.06,organic,desktop,completed,188.26
BKG-000754,SES-013199,USR-01960,EXP-0177,2024-11-30,2024-12-03,2,33.49,0.13,paid_search,mobile,completed,58.27
BKG-000755,SES-013211,USR-04927,EXP-0078,2024-09-14,2024-09-21,3,50.71,0.06,affiliates,mobile,completed,143.0
BKG-000756,SES-013233,USR-02131,EXP-0048,2024-12-03,2024-12-17,2,96.24,0.0,organic,mobile,refunded,192.48
BKG-000757,SES-013242,USR-06379,EXP-0171,2024-09-08,2024-09-09,1,133.38,0.0,organic,desktop,completed,133.38
BKG-000758,SES-013243,USR-01675,EXP-0132,2024-12-10,2024-12-17,2,100.49,0.08,paid_search,desktop,completed,184.9
BKG-000759,SES-013246,USR-03223,EXP-0083,2025-04-27,2025-05-02,4,86.51,0.0,referral,desktop,completed,346.04
BKG-000760,SES-013266,USR-06824,EXP-0290,2024-07-05,2024-07-11,2,160.68,0.11,paid_search,desktop,completed,286.01
BKG-000761,SES-013270,USR-04600,EXP-0007,2025-03-29,2025-03-30,3,121.89,0.05,email,mobile,completed,347.39
BKG-000762,SES-013274,USR-05935,EXP-0224,2025-06-07,2025-06-23,1,70.72,0.0,email,mobile,completed,70.72
BKG-000763,SES-013300,USR-03752,EXP-0286,2024-09-28,2024-10-03,1,52.36,0.0,paid_search,mobile,completed,52.36
BKG-000764,SES-013315,USR-01956,EXP-0013,2025-05-04,2025-05-18,2,86.04,0.0,paid_search,mobile,cancelled,172.08
BKG-000765,SES-013337,USR-04587,EXP-0072,2025-03-03,2025-03-05,4,82.86,0.15,email,mobile,completed,281.72
BKG-000766,SES-013360,USR-07836,EXP-0255,2025-04-17,2025-04-20,1,89.52,0.0,affiliates,mobile,completed,89.52
BKG-000767,SES-013361,USR-06718,EXP-0203,2024-08-15,2024-08-18,6,114.14,0.05,organic,desktop,completed,650.6
BKG-000768,SES-013378,USR-05855,EXP-0164,2024-07-29,2024-08-01,2,70.95,0.07,email,mobile,completed,131.97
BKG-000769,SES-013393,USR-04940,EXP-0248,2025-01-21,2025-02-10,4,180.67,0.0,paid_search,mobile,completed,722.68
BKG-000770,SES-013429,USR-00980,EXP-0259,2024-10-16,2024-11-10,2,115.96,0.13,organic,mobile,completed,201.77
BKG-000771,SES-013439,USR-04982,EXP-0204,2024-12-25,2025-01-06,4,88.36,0.09,paid_search,mobile,completed,321.63
BKG-000772,SES-013478,USR-02100,EXP-0227,2024-07-19,2024-09-25,2,84.59,0.0,organic,mobile,cancelled,169.18
BKG-000773,SES-013521,USR-06990,EXP-0295,2025-05-13,2025-05-22,2,47.35,0.13,paid_search,desktop,completed,82.39
BKG-000774,SES-013527,USR-05532,EXP-0221,2025-01-11,2025-02-06,2,76.69,0.0,organic,desktop,completed,153.38
BKG-000775,SES-013556,USR-01882,EXP-0070,2024-10-23,2024-11-22,2,80.2,0.0,email,desktop,completed,160.4
BKG-000776,SES-013581,USR-02061,EXP-0020,2024-08-15,2024-09-08,3,137.53,0.11,affiliates,mobile,completed,367.21
BKG-000777,SES-013594,USR-00584,EXP-0090,2024-08-09,2024-09-03,3,128.37,0.08,email,desktop,completed,354.3
BKG-000778,SES-013601,USR-00826,EXP-0228,2025-03-15,2025-03-23,3,141.72,0.15,affiliates,desktop,completed,361.39
BKG-000779,SES-013620,USR-02233,EXP-0152,2024-12-17,2024-12-23,1,225.37,0.0,referral,mobile,completed,225.37
BKG-000780,SES-013628,USR-04691,EXP-0239,2024-09-28,2024-10-06,3,151.13,0.0,organic,desktop,completed,453.39
BKG-000781,SES-013640,USR-04157,EXP-0171,2025-02-25,2025-02-28,3,136.89,0.0,email,desktop,completed,410.67
BKG-000782,SES-013641,USR-00374,EXP-0085,2025-05-06,2025-05-13,1,183.27,0.11,referral,desktop,completed,163.11
BKG-000783,SES-013646,USR-01375,EXP-0026,2024-07-06,2024-07-17,2,26.94,0.15,organic,desktop,completed,45.8
BKG-000784,SES-013648,USR-07283,EXP-0012,2025-04-02,2025-04-10,2,67.2,0.08,organic,tablet,completed,123.65
BKG-000785,SES-013653,USR-03779,EXP-0275,2025-01-20,2025-01-31,2,82.63,0.07,paid_search,mobile,completed,153.69
BKG-000786,SES-013690,USR-06796,EXP-0186,2024-12-21,2025-02-10,3,54.99,0.0,organic,mobile,completed,164.97
BKG-000787,SES-013722,USR-00228,EXP-0233,2025-01-14,2025-01-16,3,203.52,0.19,referral,desktop,cancelled,494.55
BKG-000788,SES-013735,USR-02475,EXP-0146,2024-10-11,2024-11-07,5,45.46,0.0,email,desktop,completed,227.3
BKG-000789,SES-013748,USR-06757,EXP-0046,2025-05-26,2025-06-15,3,181.56,0.0,paid_search,mobile,completed,544.68
BKG-000790,SES-013752,USR-07050,EXP-0002,2024-12-16,2024-12-25,2,31.35,0.0,paid_search,mobile,refunded,62.7
BKG-000791,SES-013759,USR-05233,EXP-0220,2025-02-11,2025-02-13,1,39.68,0.0,organic,mobile,completed,39.68
BKG-000792,SES-013790,USR-05116,EXP-0291,2025-04-21,2025-05-10,2,109.42,0.0,email,desktop,completed,218.84
BKG-000793,SES-013806,USR-07763,EXP-0291,2024-09-06,2024-09-07,2,105.28,0.0,organic,desktop,completed,210.56
BKG-000794,SES-013824,USR-02691,EXP-0283,2024-07-24,2024-08-10,4,146.7,0.0,paid_search,mobile,completed,586.8
BKG-000795,SES-013851,USR-01721,EXP-0040,2025-02-13,2025-02-20,2,171.53,0.18,paid_search,desktop,completed,281.31
BKG-000796,SES-013853,USR-07872,EXP-0040,2025-02-13,2025-03-05,4,168.18,0.15,referral,mobile,completed,571.81
BKG-000797,SES-013856,USR-07593,EXP-0232,2025-06-03,2025-06-08,1,49.21,0.16,paid_search,mobile,completed,41.34
BKG-000798,SES-013873,USR-02823,EXP-0080,2024-11-17,2024-11-28,3,84.07,0.0,organic,desktop,completed,252.21
BKG-000799,SES-013882,USR-03363,EXP-0183,2024-09-02,2024-09-03,5,23.62,0.0,organic,desktop,completed,118.1
BKG-000800,SES-013887,USR-07760,EXP-0079,2025-04-03,2025-04-27,2,97.01,0.0,email,tablet,completed,194.02
BKG-000801,SES-013926,USR-02568,EXP-0053,2025-06-29,2025-07-12,1,37.54,0.0,referral,desktop,completed,37.54
BKG-000802,SES-013933,USR-05585,EXP-0005,2024-11-20,2024-12-01,5,77.44,0.15,paid_search,tablet,completed,329.12
BKG-000803,SES-013966,USR-03315,EXP-0058,2025-04-26,2025-05-04,1,152.54,0.0,paid_search,desktop,completed,152.54
BKG-000804,SES-013991,USR-02130,EXP-0181,2025-05-30,2025-05-31,2,113.07,0.18,organic,mobile,completed,185.43
BKG-000805,SES-014045,USR-00888,EXP-0047,2025-05-14,2025-05-25,2,141.17,0.0,email,desktop,completed,282.34
BKG-000806,SES-014050,USR-02447,EXP-0224,2025-06-21,2025-07-06,3,65.06,0.0,organic,tablet,cancelled,195.18
BKG-000807,SES-014070,USR-02859,EXP-0136,2024-09-04,2024-09-08,1,46.49,0.0,organic,desktop,completed,46.49
BKG-000808,SES-014077,USR-02540,EXP-0122,2024-11-01,2024-11-09,2,105.22,0.0,paid_search,desktop,completed,210.44
BKG-000809,SES-014099,USR-03937,EXP-0036,2024-07-09,2024-07-28,3,69.93,0.0,paid_search,desktop,completed,209.79
BKG-000810,SES-014110,USR-07933,EXP-0077,2024-08-21,2024-08-22,2,143.45,0.0,affiliates,mobile,completed,286.9
BKG-000811,SES-014124,USR-01653,EXP-0089,2024-12-06,2024-12-13,4,76.34,0.0,paid_search,mobile,completed,305.36
BKG-000812,SES-014133,USR-06344,EXP-0222,2025-05-25,2025-05-30,3,41.3,0.16,paid_search,desktop,completed,104.08
BKG-000813,SES-014145,USR-05470,EXP-0082,2025-04-07,2025-04-17,2,190.67,0.0,affiliates,mobile,cancelled,381.34
BKG-000814,SES-014146,USR-05838,EXP-0040,2024-09-27,2024-09-28,2,180.34,0.09,referral,desktop,completed,328.22
BKG-000815,SES-014172,USR-07569,EXP-0133,2024-12-31,2025-01-02,2,98.98,0.0,affiliates,mobile,completed,197.96
BKG-000816,SES-014196,USR-03019,EXP-0072,2025-02-27,2025-02-28,2,86.51,0.0,paid_search,desktop,completed,173.02
BKG-000817,SES-014213,USR-01968,EXP-0021,2025-02-18,2025-02-23,2,84.65,0.0,paid_search,mobile,completed,169.3
BKG-000818,SES-014230,USR-05747,EXP-0284,2025-05-26,2025-07-01,1,198.19,0.11,affiliates,mobile,completed,176.39
BKG-000819,SES-014234,USR-06965,EXP-0298,2025-06-03,2025-06-12,4,80.94,0.05,affiliates,mobile,completed,307.57
BKG-000820,SES-014257,USR-01960,EXP-0099,2024-08-22,2024-08-24,2,89.12,0.0,social,desktop,completed,178.24
BKG-000821,SES-014283,USR-02038,EXP-0049,2025-03-23,2025-04-04,4,112.41,0.0,organic,mobile,completed,449.64
BKG-000822,SES-014307,USR-05113,EXP-0066,2024-11-07,2024-11-27,2,52.46,0.0,paid_search,desktop,cancelled,104.92
BKG-000823,SES-014314,USR-06055,EXP-0147,2024-12-29,2025-03-16,2,33.73,0.08,email,desktop,completed,62.06
BKG-000824,SES-014338,USR-02184,EXP-0197,2024-09-13,2024-09-27,2,83.2,0.0,organic,mobile,completed,166.4
BKG-000825,SES-014360,USR-03276,EXP-0205,2025-05-16,2025-05-17,4,123.28,0.06,email,mobile,completed,463.53
BKG-000826,SES-014363,USR-06101,EXP-0215,2025-01-22,2025-02-02,3,47.29,0.08,organic,desktop,completed,130.52
BKG-000827,SES-014370,USR-04903,EXP-0245,2024-10-11,2024-10-18,1,130.61,0.0,paid_search,mobile,cancelled,130.61
BKG-000828,SES-014371,USR-00480,EXP-0171,2024-09-04,2024-09-10,1,131.39,0.0,organic,mobile,completed,131.39
BKG-000829,SES-014379,USR-07525,EXP-0156,2025-06-16,2025-06-30,1,49.89,0.08,referral,desktop,completed,45.9
BKG-000830,SES-014390,USR-04540,EXP-0101,2025-03-07,2025-03-30,5,29.78,0.14,paid_search,mobile,completed,128.05
BKG-000831,SES-014397,USR-06191,EXP-0173,2024-10-27,2024-10-30,2,64.29,0.0,organic,desktop,completed,128.58
BKG-000832,SES-014402,USR-01084,EXP-0127,2024-10-27,2024-11-08,2,67.34,0.0,paid_search,mobile,completed,134.68
BKG-000833,SES-014412,USR-06124,EXP-0080,2025-03-05,2025-03-21,2,78.9,0.0,social,desktop,completed,157.8
BKG-000834,SES-014413,USR-02623,EXP-0114,2024-07-19,2024-07-31,3,33.12,0.08,organic,desktop,completed,91.41
BKG-000835,SES-014424,USR-01353,EXP-0281,2025-06-13,2025-06-14,2,43.47,0.0,paid_search,mobile,completed,86.94
BKG-000836,SES-014473,USR-06526,EXP-0114,2025-04-08,2025-04-25,1,35.63,0.0,paid_search,mobile,completed,35.63
BKG-000837,SES-014512,USR-04445,EXP-0167,2025-04-14,2025-05-03,5,85.06,0.0,organic,desktop,completed,425.3
BKG-000838,SES-014527,USR-06010,EXP-0071,2025-02-04,2025-02-18,2,49.95,0.0,paid_search,mobile,completed,99.9
BKG-000839,SES-014531,USR-06118,EXP-0002,2024-08-25,2024-10-08,2,32.08,0.11,organic,desktop,completed,57.1
BKG-000840,SES-014627,USR-04565,EXP-0028,2025-02-16,2025-03-03,1,63.79,0.07,paid_search,desktop,completed,59.32
BKG-000841,SES-014641,USR-05791,EXP-0247,2024-12-31,2025-01-22,5,130.07,0.0,paid_search,mobile,completed,650.35
BKG-000842,SES-014648,USR-02005,EXP-0062,2024-11-01,2024-12-02,1,108.3,0.0,paid_search,tablet,completed,108.3
BKG-000843,SES-014663,USR-06248,EXP-0082,2025-01-04,2025-01-24,3,159.15,0.0,referral,desktop,completed,477.45
BKG-000844,SES-014678,USR-01496,EXP-0120,2025-04-03,2025-04-18,4,68.62,0.0,organic,desktop,completed,274.48
BKG-000845,SES-014719,USR-02542,EXP-0119,2025-02-07,2025-02-12,5,115.57,0.0,organic,mobile,completed,577.85
BKG-000846,SES-014735,USR-03456,EXP-0017,2025-05-16,2025-05-18,2,81.3,0.1,social,desktop,completed,146.34
BKG-000847,SES-014764,USR-02064,EXP-0192,2025-04-11,2025-04-20,4,59.98,0.0,affiliates,mobile,completed,239.92
BKG-000848,SES-014770,USR-07299,EXP-0087,2024-09-19,2024-09-20,2,137.31,0.12,paid_search,mobile,completed,241.67
BKG-000849,SES-014774,USR-03527,EXP-0132,2024-07-11,2024-08-04,3,111.9,0.0,paid_search,desktop,completed,335.7
BKG-000850,SES-014809,USR-04381,EXP-0073,2025-05-13,2025-05-18,2,89.22,0.08,organic,desktop,completed,164.16
BKG-000851,SES-014820,USR-03066,EXP-0120,2024-10-04,2024-10-05,2,77.79,0.0,organic,mobile,completed,155.58
BKG-000852,SES-014834,USR-03195,EXP-0043,2025-04-25,2025-05-13,2,34.79,0.0,organic,mobile,refunded,69.58
BKG-000853,SES-014849,USR-04253,EXP-0027,2024-10-05,2024-10-08,2,207.68,0.12,affiliates,mobile,completed,365.52
BKG-000854,SES-014854,USR-02907,EXP-0214,2024-10-15,2024-10-24,3,69.16,0.0,referral,desktop,refunded,207.48
BKG-000855,SES-014880,USR-03251,EXP-0242,2025-04-27,2025-05-04,3,73.19,0.13,paid_search,mobile,completed,191.03
BKG-000856,SES-014884,USR-06134,EXP-0136,2024-07-14,2024-08-19,1,47.31,0.0,paid_search,desktop,completed,47.31
BKG-000857,SES-014902,USR-02413,EXP-0274,2024-11-08,2024-12-02,3,35.15,0.12,paid_search,desktop,cancelled,92.8
BKG-000858,SES-014903,USR-04272,EXP-0129,2025-06-22,2025-06-30,2,162.33,0.14,email,mobile,completed,279.21
BKG-000859,SES-014912,USR-02142,EXP-0278,2024-11-08,2024-11-19,2,60.67,0.17,organic,mobile,completed,100.71
BKG-000860,SES-014914,USR-05201,EXP-0221,2025-06-24,2025-07-02,3,72.3,0.0,email,desktop,completed,216.9
BKG-000861,SES-014942,USR-01048,EXP-0082,2025-05-06,2025-05-20,3,169.71,0.0,referral,mobile,completed,509.13
BKG-000862,SES-014995,USR-02993,EXP-0169,2025-03-31,2025-05-03,5,91.11,0.0,paid_search,desktop,completed,455.55
BKG-000863,SES-014998,USR-04924,EXP-0032,2025-03-18,2025-03-21,2,75.16,0.0,paid_search,mobile,completed,150.32
BKG-000864,SES-015025,USR-01384,EXP-0010,2024-10-27,2024-10-30,2,57.56,0.0,paid_search,mobile,completed,115.12
BKG-000865,SES-015026,USR-02762,EXP-0299,2024-11-08,2024-11-18,2,111.25,0.0,paid_search,desktop,completed,222.5
BKG-000866,SES-015032,USR-05288,EXP-0268,2024-09-07,2024-10-11,1,73.16,0.0,paid_search,desktop,completed,73.16
BKG-000867,SES-015056,USR-02936,EXP-0043,2024-08-18,2024-09-01,2,33.1,0.1,organic,mobile,completed,59.58
BKG-000868,SES-015064,USR-01894,EXP-0166,2024-08-01,2024-08-17,1,80.11,0.0,referral,mobile,completed,80.11
BKG-000869,SES-015080,USR-02020,EXP-0040,2025-04-06,2025-04-13,6,171.32,0.18,social,mobile,completed,842.89
BKG-000870,SES-015092,USR-03019,EXP-0212,2024-07-25,2024-08-21,2,63.31,0.09,paid_search,mobile,completed,115.22
BKG-000871,SES-015101,USR-03752,EXP-0012,2024-10-18,2024-11-08,5,68.28,0.0,email,desktop,completed,341.4
BKG-000872,SES-015159,USR-02538,EXP-0294,2025-04-08,2025-04-26,2,77.01,0.14,email,desktop,completed,132.46
BKG-000873,SES-015207,USR-06788,EXP-0213,2024-11-17,2024-11-24,3,89.17,0.14,organic,desktop,completed,230.06
BKG-000874,SES-015246,USR-00221,EXP-0216,2025-06-16,2025-06-28,2,90.6,0.0,referral,mobile,completed,181.2
BKG-000875,SES-015254,USR-06788,EXP-0200,2024-09-11,2024-09-26,2,114.07,0.0,paid_search,mobile,cancelled,228.14
BKG-000876,SES-015266,USR-01272,EXP-0104,2024-09-04,2024-09-26,6,142.19,0.06,paid_search,mobile,completed,801.95
BKG-000877,SES-015270,USR-00128,EXP-0224,2024-12-24,2025-01-09,5,72.57,0.0,affiliates,mobile,refunded,362.85
BKG-000878,SES-015283,USR-04692,EXP-0090,2025-02-05,2025-02-14,3,132.72,0.19,affiliates,desktop,completed,322.51
BKG-000879,SES-015285,USR-00769,EXP-0085,2024-10-21,2024-10-23,5,177.32,0.0,email,mobile,completed,886.6
BKG-000880,SES-015301,USR-01797,EXP-0217,2025-06-17,2025-07-12,1,47.93,0.16,referral,mobile,completed,40.26
BKG-000881,SES-015322,USR-05270,EXP-0257,2025-02-13,2025-02-14,2,96.45,0.09,organic,mobile,completed,175.54
BKG-000882,SES-015334,USR-02566,EXP-0074,2024-07-27,2024-08-09,1,144.31,0.0,paid_search,mobile,completed,144.31
BKG-000883,SES-015410,USR-06194,EXP-0049,2025-01-13,2025-01-18,2,120.52,0.0,organic,desktop,completed,241.04
BKG-000884,SES-015415,USR-06664,EXP-0123,2024-10-21,2024-11-10,2,96.51,0.0,affiliates,desktop,completed,193.02
BKG-000885,SES-015455,USR-07171,EXP-0197,2024-10-19,2024-10-20,2,81.8,0.0,paid_search,tablet,completed,163.6
BKG-000886,SES-015501,USR-04086,EXP-0068,2024-11-18,2024-12-04,2,110.75,0.0,referral,desktop,completed,221.5
BKG-000887,SES-015527,USR-06628,EXP-0044,2024-10-10,2024-10-15,5,227.81,0.0,email,mobile,completed,1139.05
BKG-000888,SES-015530,USR-00598,EXP-0290,2025-05-28,2025-05-29,2,163.47,0.0,organic,mobile,completed,326.94
BKG-000889,SES-015535,USR-01662,EXP-0192,2025-06-11,2025-06-13,5,54.48,0.18,paid_search,mobile,cancelled,223.37
BKG-000890,SES-015540,USR-06330,EXP-0293,2025-01-05,2025-01-14,4,99.69,0.0,paid_search,mobile,completed,398.76
BKG-000891,SES-015556,USR-02694,EXP-0246,2024-08-26,2024-09-04,2,133.43,0.0,social,mobile,completed,266.86
BKG-000892,SES-015558,USR-02233,EXP-0076,2025-02-03,2025-02-14,2,69.94,0.0,paid_search,mobile,completed,139.88
BKG-000893,SES-015584,USR-05925,EXP-0213,2024-09-19,2024-10-09,1,90.9,0.0,organic,desktop,completed,90.9
BKG-000894,SES-015599,USR-01882,EXP-0250,2024-08-06,2024-08-13,3,50.26,0.0,social,desktop,completed,150.78
BKG-000895,SES-015617,USR-02789,EXP-0057,2025-02-06,2025-02-08,1,89.06,0.0,paid_search,desktop,completed,89.06
BKG-000896,SES-015623,USR-01291,EXP-0156,2024-07-26,2024-08-10,1,47.37,0.18,organic,tablet,completed,38.84
BKG-000897,SES-015679,USR-03114,EXP-0096,2025-06-28,2025-07-03,2,100.17,0.0,paid_search,desktop,refunded,200.34
BKG-000898,SES-015680,USR-07295,EXP-0193,2024-12-04,2024-12-17,1,81.91,0.0,email,tablet,completed,81.91
BKG-000899,SES-015683,USR-03884,EXP-0209,2025-02-20,2025-03-09,2,80.39,0.16,organic,tablet,completed,135.06
BKG-000900,SES-015685,USR-05646,EXP-0208,2025-02-15,2025-02-18,1,70.87,0.1,organic,desktop,completed,63.78
BKG-000901,SES-015686,USR-06811,EXP-0041,2024-08-21,2024-09-04,4,31.97,0.11,organic,mobile,completed,113.81
BKG-000902,SES-015687,USR-07495,EXP-0286,2024-08-04,2024-08-11,1,55.51,0.0,paid_search,desktop,completed,55.51
BKG-000903,SES-015707,USR-00678,EXP-0219,2024-10-10,2024-10-26,3,218.53,0.2,paid_search,desktop,completed,524.47
BKG-000904,SES-015769,USR-05574,EXP-0011,2024-09-21,2024-09-29,3,69.25,0.0,paid_search,desktop,cancelled,207.75
BKG-000905,SES-015792,USR-04975,EXP-0185,2025-03-08,2025-04-07,1,102.16,0.0,referral,desktop,completed,102.16
BKG-000906,SES-015800,USR-03435,EXP-0231,2025-05-08,2025-05-20,2,67.18,0.0,referral,desktop,completed,134.36
BKG-000907,SES-015865,USR-07095,EXP-0199,2025-05-24,2025-06-03,2,71.63,0.0,paid_search,mobile,completed,143.26
BKG-000908,SES-015911,USR-06452,EXP-0218,2024-12-13,2025-01-22,2,49.51,0.0,referral,mobile,completed,99.02
BKG-000909,SES-015925,USR-06897,EXP-0221,2024-08-19,2024-08-20,2,83.25,0.12,paid_search,desktop,completed,146.52
BKG-000910,SES-015967,USR-02622,EXP-0079,2025-01-10,2025-01-19,2,103.47,0.14,email,mobile,completed,177.97
BKG-000911,SES-016022,USR-02367,EXP-0025,2024-11-22,2024-11-24,3,47.62,0.0,affiliates,mobile,completed,142.86
BKG-000912,SES-016084,USR-04057,EXP-0250,2024-11-23,2024-11-26,6,54.26,0.0,organic,desktop,completed,325.56
BKG-000913,SES-016117,USR-05046,EXP-0029,2024-08-20,2024-09-02,4,91.76,0.0,organic,mobile,completed,367.04
BKG-000914,SES-016137,USR-04281,EXP-0243,2025-02-14,2025-02-17,2,75.88,0.09,email,desktop,completed,138.1
BKG-000915,SES-016177,USR-03869,EXP-0213,2025-04-28,2025-05-01,2,91.15,0.0,affiliates,desktop,completed,182.3
BKG-000916,SES-016198,USR-03758,EXP-0205,2025-02-14,2025-02-16,2,127.02,0.0,affiliates,desktop,completed,254.04
BKG-000917,SES-016210,USR-06705,EXP-0169,2024-10-11,2024-10-18,1,76.84,0.0,affiliates,desktop,completed,76.84
BKG-000918,SES-016229,USR-07304,EXP-0011,2024-10-18,2024-11-12,5,62.82,0.11,social,desktop,completed,279.55
BKG-000919,SES-016240,USR-02253,EXP-0077,2024-09-20,2024-09-30,2,158.2,0.05,paid_search,mobile,completed,300.58
BKG-000920,SES-016251,USR-06040,EXP-0045,2024-07-10,2024-07-29,1,146.54,0.17,referral,mobile,completed,121.63
BKG-000921,SES-016258,USR-04825,EXP-0026,2025-05-24,2025-06-02,6,28.81,0.12,paid_search,desktop,completed,152.12
BKG-000922,SES-016271,USR-00731,EXP-0115,2025-05-14,2025-05-23,1,27.3,0.0,referral,mobile,completed,27.3
BKG-000923,SES-016274,USR-01367,EXP-0142,2025-05-23,2025-06-24,1,83.14,0.0,referral,mobile,completed,83.14
BKG-000924,SES-016275,USR-07783,EXP-0122,2025-03-10,2025-03-22,3,103.55,0.0,organic,tablet,completed,310.65
BKG-000925,SES-016313,USR-03582,EXP-0037,2024-08-30,2024-08-31,3,93.37,0.1,referral,mobile,completed,252.1
BKG-000926,SES-016328,USR-06217,EXP-0024,2025-04-30,2025-05-02,1,85.86,0.0,paid_search,desktop,refunded,85.86
BKG-000927,SES-016334,USR-05478,EXP-0236,2025-02-09,2025-04-09,6,116.79,0.0,paid_search,desktop,completed,700.74
BKG-000928,SES-016336,USR-07852,EXP-0111,2024-11-04,2024-11-07,4,107.52,0.0,organic,mobile,completed,430.08
BKG-000929,SES-016351,USR-05075,EXP-0181,2024-08-18,2024-09-08,3,106.31,0.0,email,mobile,completed,318.93
BKG-000930,SES-016352,USR-07764,EXP-0278,2025-03-11,2025-05-28,3,57.64,0.0,organic,mobile,cancelled,172.92
BKG-000931,SES-016375,USR-02927,EXP-0071,2025-03-19,2025-04-13,4,54.91,0.0,organic,desktop,completed,219.64
BKG-000932,SES-016377,USR-05721,EXP-0142,2024-09-20,2024-10-02,1,83.84,0.0,referral,mobile,completed,83.84
BKG-000933,SES-016413,USR-03087,EXP-0155,2025-06-22,2025-07-02,2,66.99,0.0,paid_search,desktop,completed,133.98
BKG-000934,SES-016421,USR-05470,EXP-0199,2025-06-04,2025-07-02,2,66.45,0.0,referral,mobile,completed,132.9
BKG-000935,SES-016444,USR-07146,EXP-0245,2024-08-14,2024-09-06,2,112.49,0.0,referral,desktop,completed,224.98
BKG-000936,SES-016472,USR-03114,EXP-0123,2025-01-07,2025-01-20,2,92.51,0.0,organic,mobile,refunded,185.02
BKG-000937,SES-016487,USR-07032,EXP-0251,2024-08-28,2024-09-16,1,92.18,0.0,organic,desktop,completed,92.18
BKG-000938,SES-016501,USR-04113,EXP-0268,2025-02-04,2025-02-06,3,81.59,0.0,referral,mobile,completed,244.77
BKG-000939,SES-016524,USR-01920,EXP-0259,2025-04-07,2025-05-01,1,131.26,0.0,organic,mobile,completed,131.26
BKG-000940,SES-016525,USR-03591,EXP-0183,2025-04-03,2025-04-11,2,27.37,0.0,organic,desktop,completed,54.74
BKG-000941,SES-016541,USR-01238,EXP-0023,2024-11-02,2024-11-24,2,45.17,0.13,email,tablet,completed,78.6
BKG-000942,SES-016593,USR-04944,EXP-0066,2025-04-24,2025-04-26,1,55.98,0.0,email,desktop,completed,55.98
BKG-000943,SES-016623,USR-00705,EXP-0056,2025-03-28,2025-04-09,2,37.79,0.0,paid_search,mobile,completed,75.58
BKG-000944,SES-016627,USR-01038,EXP-0248,2025-04-09,2025-05-11,2,159.14,0.0,affiliates,mobile,cancelled,318.28
BKG-000945,SES-016639,USR-00169,EXP-0275,2025-02-25,2025-03-01,2,74.1,0.15,organic,desktop,completed,125.97
BKG-000946,SES-016664,USR-07387,EXP-0008,2025-05-14,2025-05-29,2,61.27,0.0,organic,mobile,completed,122.54
BKG-000947,SES-016687,USR-05053,EXP-0041,2024-10-08,2024-10-22,4,29.86,0.19,affiliates,mobile,refunded,96.75
BKG-000948,SES-016689,USR-07096,EXP-0189,2025-04-29,2025-05-07,1,92.69,0.0,affiliates,mobile,completed,92.69
BKG-000949,SES-016698,USR-06888,EXP-0029,2025-06-03,2025-06-14,3,80.05,0.0,paid_search,mobile,completed,240.15
BKG-000950,SES-016699,USR-03328,EXP-0194,2024-12-03,2024-12-05,4,83.25,0.0,organic,mobile,completed,333.0
BKG-000951,SES-016725,USR-07179,EXP-0006,2024-10-28,2024-11-04,1,44.77,0.0,organic,desktop,completed,44.77
BKG-000952,SES-016790,USR-03111,EXP-0089,2024-07-18,2024-07-20,2,73.3,0.0,paid_search,desktop,completed,146.6
BKG-000953,SES-016808,USR-02235,EXP-0166,2025-02-27,2025-03-20,3,79.64,0.14,affiliates,tablet,completed,205.47
BKG-000954,SES-016816,USR-05876,EXP-0245,2025-06-17,2025-06-21,2,129.27,0.11,organic,mobile,completed,230.1
BKG-000955,SES-016818,USR-06957,EXP-0036,2024-08-09,2024-09-19,2,69.02,0.0,email,mobile,completed,138.04
BKG-000956,SES-016820,USR-00906,EXP-0170,2024-12-19,2024-12-26,4,180.92,0.0,organic,desktop,completed,723.68
BKG-000957,SES-016851,USR-07802,EXP-0047,2025-06-07,2025-06-17,2,140.32,0.0,affiliates,mobile,completed,280.64
BKG-000958,SES-016866,USR-01670,EXP-0061,2024-09-01,2024-09-09,1,57.99,0.14,organic,mobile,completed,49.87
BKG-000959,SES-016868,USR-00043,EXP-0011,2025-03-31,2025-05-09,3,70.75,0.0,social,mobile,completed,212.25
BKG-000960,SES-016875,USR-07146,EXP-0165,2024-10-10,2024-11-24,4,56.48,0.0,email,mobile,completed,225.92
BKG-000961,SES-016887,USR-04872,EXP-0110,2025-05-25,2025-05-29,1,126.41,0.0,affiliates,mobile,completed,126.41
BKG-000962,SES-016892,USR-00872,EXP-0098,2024-09-08,2024-09-28,2,95.78,0.0,paid_search,desktop,completed,191.56
BKG-000963,SES-016897,USR-02731,EXP-0106,2025-05-26,2025-06-02,2,127.55,0.0,paid_search,mobile,completed,255.1
BKG-000964,SES-016908,USR-06745,EXP-0131,2025-05-18,2025-06-05,3,90.51,0.0,paid_search,mobile,completed,271.53
BKG-000965,SES-016927,USR-04683,EXP-0295,2025-05-29,2025-05-31,3,46.68,0.0,email,desktop,completed,140.04
BKG-000966,SES-016946,USR-02815,EXP-0169,2025-03-12,2025-03-26,4,90.56,0.0,social,desktop,cancelled,362.24
BKG-000967,SES-017000,USR-01712,EXP-0278,2024-10-06,2024-10-21,2,57.56,0.0,organic,mobile,completed,115.12
BKG-000968,SES-017015,USR-07645,EXP-0071,2025-05-25,2025-05-31,3,56.95,0.0,paid_search,mobile,completed,170.85
BKG-000969,SES-017019,USR-00484,EXP-0224,2025-02-16,2025-03-13,2,78.11,0.0,organic,mobile,completed,156.22
BKG-000970,SES-017022,USR-03709,EXP-0288,2024-09-12,2024-09-27,2,70.53,0.0,paid_search,desktop,completed,141.06
BKG-000971,SES-017026,USR-05271,EXP-0089,2025-01-11,2025-01-20,2,67.16,0.0,affiliates,desktop,completed,134.32
BKG-000972,SES-017058,USR-07857,EXP-0226,2025-05-06,2025-05-13,2,131.13,0.0,paid_search,tablet,completed,262.26
BKG-000973,SES-017083,USR-03255,EXP-0096,2025-01-17,2025-01-24,6,114.36,0.13,paid_search,desktop,completed,596.96
BKG-000974,SES-017092,USR-07635,EXP-0051,2025-01-19,2025-01-22,3,26.16,0.0,email,mobile,completed,78.48
BKG-000975,SES-017110,USR-06899,EXP-0173,2025-04-29,2025-05-29,2,57.0,0.0,referral,desktop,cancelled,114.0
BKG-000976,SES-017129,USR-03111,EXP-0249,2025-05-04,2025-05-06,2,242.74,0.0,organic,desktop,completed,485.48
BKG-000977,SES-017150,USR-03520,EXP-0225,2024-08-27,2024-09-08,2,146.88,0.0,email,desktop,refunded,293.76
BKG-000978,SES-017189,USR-05364,EXP-0228,2025-02-21,2025-04-05,2,141.37,0.13,paid_search,mobile,completed,245.98
BKG-000979,SES-017200,USR-05285,EXP-0245,2025-05-06,2025-05-26,2,129.4,0.0,paid_search,desktop,completed,258.8
BKG-000980,SES-017259,USR-06276,EXP-0104,2025-02-19,2025-02-20,1,146.64,0.07,paid_search,tablet,completed,136.38
BKG-000981,SES-017301,USR-00283,EXP-0237,2024-11-12,2024-11-24,1,61.89,0.15,paid_search,mobile,completed,52.61
BKG-000982,SES-017342,USR-03066,EXP-0141,2024-10-01,2024-10-08,3,48.72,0.0,social,desktop,completed,146.16
BKG-000983,SES-017416,USR-05544,EXP-0093,2025-03-19,2025-03-20,3,44.8,0.0,organic,mobile,completed,134.4
BKG-000984,SES-017418,USR-02568,EXP-0042,2024-11-13,2024-11-28,2,137.83,0.0,organic,desktop,completed,275.66
BKG-000985,SES-017438,USR-00419,EXP-0281,2024-08-16,2024-09-12,4,43.46,0.0,email,mobile,completed,173.84
BKG-000986,SES-017475,USR-00328,EXP-0265,2025-03-31,2025-04-07,2,56.07,0.09,paid_search,mobile,completed,102.05
BKG-000987,SES-017477,USR-03140,EXP-0260,2025-04-05,2025-05-28,4,46.57,0.0,paid_search,mobile,completed,186.28
BKG-000988,SES-017488,USR-05979,EXP-0223,2024-09-30,2024-10-15,2,98.25,0.08,organic,mobile,cancelled,180.78
BKG-000989,SES-017494,USR-03922,EXP-0125,2025-06-18,2025-06-24,1,48.22,0.0,organic,desktop,completed,48.22
BKG-000990,SES-017510,USR-03848,EXP-0029,2025-05-12,2025-05-16,3,84.71,0.0,paid_search,desktop,completed,254.13
BKG-000991,SES-017546,USR-05649,EXP-0075,2025-05-22,2025-06-14,2,83.49,0.0,paid_search,mobile,completed,166.98
BKG-000992,SES-017553,USR-04646,EXP-0218,2025-01-15,2025-01-23,1,58.2,0.0,affiliates,mobile,completed,58.2
BKG-000993,SES-017565,USR-05427,EXP-0004,2025-05-01,2025-05-23,1,50.78,0.0,organic,desktop,completed,50.78
BKG-000994,SES-017579,USR-03245,EXP-0146,2025-04-04,2025-04-18,3,50.37,0.0,email,desktop,completed,151.11
BKG-000995,SES-017603,USR-05912,EXP-0027,2025-04-16,2025-04-17,2,200.9,0.0,email,desktop,completed,401.8
BKG-000996,SES-017627,USR-06061,EXP-0136,2024-11-06,2024-11-17,2,39.4,0.0,email,desktop,completed,78.8
BKG-000997,SES-017634,USR-03461,EXP-0240,2024-08-27,2024-08-29,1,99.62,0.06,organic,desktop,cancelled,93.64
BKG-000998,SES-017647,USR-07196,EXP-0047,2024-09-02,2024-09-03,2,133.78,0.0,paid_search,mobile,completed,267.56
BKG-000999,SES-017654,USR-00016,EXP-0121,2024-08-08,2024-08-15,2,112.81,0.0,affiliates,mobile,refunded,225.62
BKG-001000,SES-017659,USR-05408,EXP-0203,2024-07-27,2024-08-20,1,121.58,0.0,email,mobile,completed,121.58
BKG-001001,SES-017689,USR-06433,EXP-0032,2024-07-09,2024-07-12,5,76.65,0.19,referral,mobile,completed,310.43
BKG-001002,SES-017708,USR-00861,EXP-0056,2024-08-03,2024-08-04,1,35.33,0.11,paid_search,desktop,cancelled,31.44
BKG-001003,SES-017716,USR-06998,EXP-0081,2025-02-23,2025-03-04,2,95.3,0.0,referral,mobile,completed,190.6
BKG-001004,SES-017733,USR-05496,EXP-0125,2024-11-07,2024-11-30,1,53.03,0.0,affiliates,tablet,completed,53.03
BKG-001005,SES-017735,USR-03583,EXP-0139,2025-02-17,2025-03-05,2,102.28,0.19,paid_search,mobile,completed,165.69
BKG-001006,SES-017737,USR-02619,EXP-0165,2025-03-14,2025-03-15,2,49.63,0.0,paid_search,desktop,cancelled,99.26
BKG-001007,SES-017743,USR-05585,EXP-0172,2024-07-15,2024-07-29,2,61.41,0.0,paid_search,mobile,cancelled,122.82
BKG-001008,SES-017757,USR-05128,EXP-0042,2024-11-07,2024-11-15,3,132.07,0.0,affiliates,desktop,completed,396.21
BKG-001009,SES-017770,USR-03903,EXP-0079,2024-10-08,2024-10-15,3,107.69,0.19,affiliates,mobile,completed,261.69
BKG-001010,SES-017789,USR-01496,EXP-0290,2025-04-21,2025-04-27,2,165.64,0.17,paid_search,desktop,completed,274.96
BKG-001011,SES-017791,USR-03527,EXP-0035,2025-02-06,2025-02-10,1,143.24,0.0,organic,desktop,refunded,143.24
BKG-001012,SES-017797,USR-03937,EXP-0252,2024-12-26,2025-02-13,1,78.33,0.0,email,mobile,completed,78.33
BKG-001013,SES-017798,USR-04635,EXP-0248,2025-05-29,2025-06-05,4,172.88,0.0,paid_search,mobile,completed,691.52
BKG-001014,SES-017805,USR-05780,EXP-0274,2024-10-21,2024-10-25,4,33.94,0.0,referral,desktop,completed,135.76
BKG-001015,SES-017865,USR-06398,EXP-0152,2024-07-09,2024-07-15,2,192.33,0.15,paid_search,desktop,completed,326.96
BKG-001016,SES-017869,USR-04405,EXP-0293,2024-08-11,2024-08-29,1,95.23,0.0,referral,mobile,completed,95.23
BKG-001017,SES-017878,USR-07911,EXP-0115,2024-09-15,2024-10-08,5,28.52,0.0,paid_search,desktop,completed,142.6
BKG-001018,SES-017905,USR-02018,EXP-0118,2024-12-14,2024-12-16,3,59.64,0.0,email,tablet,completed,178.92
BKG-001019,SES-017918,USR-03752,EXP-0164,2024-08-15,2024-09-06,4,70.77,0.09,organic,desktop,completed,257.6
BKG-001020,SES-017925,USR-04691,EXP-0054,2024-08-29,2024-08-31,2,76.94,0.0,paid_search,mobile,completed,153.88
BKG-001021,SES-017946,USR-06245,EXP-0153,2024-10-18,2024-11-01,2,51.94,0.13,paid_search,desktop,completed,90.38
BKG-001022,SES-017950,USR-03260,EXP-0128,2025-02-13,2025-02-21,3,77.51,0.0,paid_search,mobile,completed,232.53
BKG-001023,SES-017951,USR-00890,EXP-0022,2025-02-07,2025-02-15,1,81.66,0.0,affiliates,mobile,completed,81.66
BKG-001024,SES-017965,USR-01564,EXP-0195,2025-02-18,2025-03-15,2,73.79,0.16,organic,desktop,completed,123.97
BKG-001025,SES-017972,USR-02728,EXP-0002,2025-02-24,2025-03-04,2,31.05,0.1,email,mobile,completed,55.89
BKG-001026,SES-017986,USR-07415,EXP-0210,2025-06-04,2025-06-05,1,107.44,0.0,affiliates,mobile,completed,107.44
BKG-001027,SES-017994,USR-04434,EXP-0007,2024-09-21,2024-09-28,2,135.34,0.0,affiliates,desktop,completed,270.68
BKG-001028,SES-018003,USR-07552,EXP-0132,2025-06-23,2025-07-05,3,115.65,0.17,paid_search,desktop,completed,287.97
BKG-001029,SES-018062,USR-04444,EXP-0129,2025-03-06,2025-03-11,3,186.82,0.0,email,mobile,cancelled,560.46
BKG-001030,SES-018065,USR-07553,EXP-0141,2025-03-11,2025-03-17,1,47.84,0.0,paid_search,desktop,completed,47.84
BKG-001031,SES-018102,USR-06192,EXP-0147,2024-11-03,2024-11-12,1,36.87,0.05,email,mobile,completed,35.03
BKG-001032,SES-018124,USR-05543,EXP-0201,2025-03-29,2025-05-04,6,80.19,0.0,paid_search,desktop,completed,481.14
BKG-001033,SES-018127,USR-06628,EXP-0234,2024-07-19,2024-07-20,1,97.09,0.0,paid_search,desktop,completed,97.09
BKG-001034,SES-018170,USR-06001,EXP-0296,2024-08-31,2024-09-08,2,68.72,0.0,paid_search,mobile,completed,137.44
BKG-001035,SES-018185,USR-00903,EXP-0159,2025-04-30,2025-05-06,6,55.41,0.11,paid_search,desktop,completed,295.89
BKG-001036,SES-018203,USR-07090,EXP-0054,2025-02-06,2025-02-10,5,71.96,0.0,organic,mobile,completed,359.8
BKG-001037,SES-018208,USR-02792,EXP-0284,2024-12-23,2024-12-24,2,207.77,0.13,organic,mobile,completed,361.52
BKG-001038,SES-018217,USR-05753,EXP-0105,2024-09-14,2024-09-22,1,66.91,0.0,organic,desktop,refunded,66.91
BKG-001039,SES-018253,USR-00221,EXP-0214,2024-12-27,2024-12-29,3,81.01,0.0,social,mobile,completed,243.03
BKG-001040,SES-018257,USR-05162,EXP-0021,2025-01-01,2025-02-08,5,87.83,0.0,organic,mobile,completed,439.15
BKG-001041,SES-018306,USR-02332,EXP-0285,2025-06-21,2025-06-22,4,40.14,0.0,paid_search,desktop,completed,160.56
BKG-001042,SES-018313,USR-00592,EXP-0255,2025-03-22,2025-03-27,2,82.72,0.0,referral,mobile,completed,165.44
BKG-001043,SES-018318,USR-01359,EXP-0227,2024-10-28,2024-11-20,1,90.54,0.0,email,desktop,completed,90.54
BKG-001044,SES-018335,USR-00959,EXP-0261,2024-08-17,2024-08-19,2,117.02,0.0,referral,mobile,completed,234.04
BKG-001045,SES-018348,USR-05639,EXP-0060,2025-05-09,2025-05-16,4,89.76,0.0,affiliates,mobile,completed,359.04
BKG-001046,SES-018374,USR-02405,EXP-0194,2025-03-29,2025-04-11,4,91.38,0.12,referral,desktop,completed,321.66
BKG-001047,SES-018402,USR-05690,EXP-0200,2025-06-04,2025-06-27,4,105.26,0.0,paid_search,desktop,cancelled,421.04
BKG-001048,SES-018407,USR-07365,EXP-0142,2025-02-04,2025-02-07,1,79.56,0.0,social,mobile,cancelled,79.56
BKG-001049,SES-018415,USR-01144,EXP-0007,2025-01-17,2025-01-30,1,123.59,0.0,organic,desktop,completed,123.59
BKG-001050,SES-018429,USR-06163,EXP-0096,2025-01-27,2025-02-04,2,121.5,0.0,paid_search,desktop,completed,243.0
BKG-001051,SES-018433,USR-04543,EXP-0210,2025-06-12,2025-07-07,2,105.93,0.11,paid_search,desktop,completed,188.56
BKG-001052,SES-018453,USR-01367,EXP-0186,2025-02-02,2025-02-10,2,62.02,0.0,social,desktop,completed,124.04
BKG-001053,SES-018476,USR-00798,EXP-0279,2024-12-22,2025-01-13,3,100.92,0.0,paid_search,mobile,completed,302.76
BKG-001054,SES-018477,USR-07954,EXP-0043,2025-04-13,2025-04-25,4,35.0,0.18,paid_search,desktop,completed,114.8
BKG-001055,SES-018495,USR-05270,EXP-0101,2025-06-12,2025-06-15,6,28.46,0.0,paid_search,mobile,completed,170.76
BKG-001056,SES-018514,USR-02120,EXP-0110,2025-05-26,2025-06-04,2,120.44,0.0,paid_search,mobile,completed,240.88
BKG-001057,SES-018520,USR-02972,EXP-0186,2024-10-26,2024-10-29,2,60.65,0.0,organic,tablet,completed,121.3
BKG-001058,SES-018521,USR-06403,EXP-0063,2025-02-05,2025-02-22,3,100.47,0.0,organic,desktop,completed,301.41
BKG-001059,SES-018532,USR-02794,EXP-0020,2025-04-12,2025-04-20,3,132.18,0.19,referral,desktop,completed,321.2
BKG-001060,SES-018567,USR-02347,EXP-0175,2024-07-16,2024-07-19,2,78.72,0.0,organic,mobile,completed,157.44
BKG-001061,SES-018574,USR-04194,EXP-0097,2025-06-06,2025-06-20,2,80.85,0.18,email,mobile,completed,132.59
BKG-001062,SES-018575,USR-07151,EXP-0271,2025-02-27,2025-03-04,3,99.09,0.0,paid_search,desktop,completed,297.27
BKG-001063,SES-018590,USR-06403,EXP-0264,2025-01-31,2025-03-01,1,125.0,0.13,email,mobile,completed,108.75
BKG-001064,SES-018606,USR-05423,EXP-0114,2024-11-13,2024-11-28,3,32.73,0.1,referral,desktop,completed,88.37
BKG-001065,SES-018636,USR-07220,EXP-0130,2025-02-02,2025-02-15,2,100.82,0.0,paid_search,mobile,completed,201.64
BKG-001066,SES-018681,USR-06697,EXP-0296,2024-12-20,2024-12-26,2,60.17,0.0,referral,desktop,completed,120.34
BKG-001067,SES-018692,USR-05199,EXP-0251,2024-08-05,2024-08-21,2,89.49,0.0,organic,mobile,completed,178.98
BKG-001068,SES-018712,USR-05206,EXP-0026,2024-12-26,2024-12-29,2,31.6,0.0,referral,mobile,completed,63.2
BKG-001069,SES-018758,USR-04366,EXP-0187,2024-11-10,2024-12-19,2,50.0,0.0,organic,mobile,completed,100.0
BKG-001070,SES-018762,USR-03882,EXP-0279,2025-06-04,2025-06-06,1,98.12,0.0,social,mobile,completed,98.12
BKG-001071,SES-018776,USR-04178,EXP-0125,2024-12-18,2025-01-01,4,50.47,0.0,organic,desktop,completed,201.88
BKG-001072,SES-018796,USR-04780,EXP-0246,2025-04-29,2025-05-01,2,143.42,0.12,paid_search,mobile,completed,252.42
BKG-001073,SES-018827,USR-03867,EXP-0248,2025-03-29,2025-04-22,1,165.42,0.11,paid_search,mobile,completed,147.22
BKG-001074,SES-018858,USR-01475,EXP-0060,2024-07-02,2024-07-14,1,90.69,0.18,paid_search,mobile,completed,74.37
BKG-001075,SES-018932,USR-02908,EXP-0101,2025-03-14,2025-03-25,2,29.82,0.0,paid_search,mobile,completed,59.64
BKG-001076,SES-018984,USR-04703,EXP-0263,2024-11-11,2024-11-19,4,63.44,0.0,organic,mobile,completed,253.76
BKG-001077,SES-019001,USR-01497,EXP-0264,2024-07-19,2024-07-25,2,131.43,0.05,affiliates,mobile,completed,249.72
BKG-001078,SES-019024,USR-03272,EXP-0020,2024-10-31,2024-11-04,2,123.51,0.0,affiliates,tablet,completed,247.02
BKG-001079,SES-019025,USR-00959,EXP-0212,2024-11-26,2024-12-16,3,59.58,0.0,paid_search,mobile,completed,178.74
BKG-001080,SES-019045,USR-03124,EXP-0007,2025-06-26,2025-07-03,2,137.03,0.0,paid_search,mobile,completed,274.06
BKG-001081,SES-019048,USR-04013,EXP-0289,2025-02-02,2025-02-18,3,65.9,0.16,referral,mobile,completed,166.07
BKG-001082,SES-019080,USR-07552,EXP-0286,2024-10-12,2024-11-10,3,56.62,0.05,social,desktop,completed,161.37
BKG-001083,SES-019093,USR-01788,EXP-0029,2024-11-02,2024-11-14,2,76.75,0.0,organic,mobile,completed,153.5
BKG-001084,SES-019098,USR-04759,EXP-0116,2024-08-09,2024-09-09,2,74.52,0.0,organic,mobile,completed,149.04
BKG-001085,SES-019148,USR-07772,EXP-0122,2024-11-23,2024-12-03,2,101.39,0.0,paid_search,desktop,completed,202.78
BKG-001086,SES-019153,USR-01238,EXP-0007,2024-12-24,2025-01-11,2,132.37,0.0,social,mobile,completed,264.74
BKG-001087,SES-019168,USR-04198,EXP-0174,2024-12-02,2024-12-22,6,95.33,0.0,paid_search,mobile,completed,571.98
BKG-001088,SES-019201,USR-00928,EXP-0129,2024-12-17,2024-12-27,1,172.82,0.0,paid_search,desktop,completed,172.82
BKG-001089,SES-019235,USR-01935,EXP-0286,2024-11-22,2024-12-07,2,49.56,0.11,paid_search,mobile,completed,88.22
BKG-001090,SES-019279,USR-04374,EXP-0098,2024-11-07,2024-11-14,2,78.13,0.0,email,mobile,cancelled,156.26
BKG-001091,SES-019290,USR-01805,EXP-0189,2024-10-22,2024-11-11,2,96.94,0.0,paid_search,mobile,completed,193.88
BKG-001092,SES-019329,USR-00554,EXP-0073,2024-07-28,2024-08-02,3,89.4,0.0,paid_search,mobile,completed,268.2
BKG-001093,SES-019352,USR-07755,EXP-0081,2024-10-02,2024-10-03,2,97.23,0.0,organic,desktop,completed,194.46
BKG-001094,SES-019355,USR-06009,EXP-0056,2024-08-11,2024-08-18,2,39.18,0.0,organic,mobile,cancelled,78.36
BKG-001095,SES-019378,USR-06472,EXP-0122,2025-02-23,2025-02-26,3,101.63,0.0,paid_search,mobile,completed,304.89
BKG-001096,SES-019381,USR-07338,EXP-0072,2025-02-10,2025-02-11,3,103.11,0.14,referral,mobile,completed,266.02
BKG-001097,SES-019391,USR-00372,EXP-0012,2025-06-22,2025-06-23,4,69.54,0.0,referral,desktop,completed,278.16
BKG-001098,SES-019397,USR-06746,EXP-0088,2025-05-14,2025-05-15,1,64.75,0.0,paid_search,mobile,completed,64.75
BKG-001099,SES-019401,USR-06848,EXP-0127,2024-10-03,2024-10-23,2,71.89,0.0,email,desktop,completed,143.78
BKG-001100,SES-019438,USR-05769,EXP-0079,2024-07-05,2024-07-11,2,91.13,0.0,paid_search,desktop,completed,182.26
BKG-001101,SES-019439,USR-03599,EXP-0134,2024-11-13,2024-11-24,2,41.45,0.18,email,mobile,completed,67.98
BKG-001102,SES-019441,USR-05071,EXP-0280,2024-08-01,2024-08-03,2,134.33,0.0,affiliates,mobile,cancelled,268.66
BKG-001103,SES-019448,USR-04540,EXP-0273,2024-12-21,2025-01-02,2,36.3,0.0,organic,desktop,completed,72.6
BKG-001104,SES-019451,USR-06788,EXP-0165,2025-06-26,2025-06-28,2,54.09,0.0,organic,desktop,completed,108.18
BKG-001105,SES-019465,USR-05035,EXP-0004,2024-07-29,2024-07-31,1,56.87,0.07,paid_search,mobile,completed,52.89
BKG-001106,SES-019478,USR-00400,EXP-0215,2025-05-18,2025-05-24,6,45.58,0.0,organic,mobile,completed,273.48
BKG-001107,SES-019515,USR-07496,EXP-0212,2025-05-15,2025-05-17,2,65.73,0.0,referral,desktop,completed,131.46
BKG-001108,SES-019522,USR-04588,EXP-0297,2025-06-01,2025-06-13,2,84.08,0.18,paid_search,mobile,completed,137.89
BKG-001109,SES-019528,USR-07546,EXP-0011,2024-12-17,2024-12-28,2,82.63,0.09,paid_search,mobile,completed,150.39
BKG-001110,SES-019568,USR-05018,EXP-0194,2025-02-04,2025-02-10,3,84.87,0.0,referral,mobile,completed,254.61
BKG-001111,SES-019571,USR-06625,EXP-0086,2025-02-21,2025-03-20,2,31.96,0.0,social,mobile,cancelled,63.92
BKG-001112,SES-019594,USR-00025,EXP-0251,2025-01-29,2025-02-09,4,93.62,0.17,affiliates,mobile,completed,310.82
BKG-001113,SES-019615,USR-01754,EXP-0133,2025-02-26,2025-03-01,1,99.2,0.0,referral,mobile,completed,99.2
BKG-001114,SES-019628,USR-05292,EXP-0020,2025-01-18,2025-01-20,5,142.49,0.0,affiliates,desktop,cancelled,712.45
BKG-001115,SES-019633,USR-02925,EXP-0165,2025-04-19,2025-04-21,3,50.72,0.0,social,mobile,completed,152.16
BKG-001116,SES-019634,USR-02785,EXP-0001,2024-07-11,2024-07-20,2,61.69,0.0,organic,mobile,cancelled,123.38
BKG-001117,SES-019638,USR-04956,EXP-0173,2025-03-20,2025-03-28,1,70.76,0.0,affiliates,desktop,completed,70.76
BKG-001118,SES-019653,USR-02180,EXP-0122,2024-10-12,2024-11-22,2,102.17,0.0,referral,desktop,completed,204.34
BKG-001119,SES-019662,USR-04489,EXP-0238,2025-04-24,2025-04-27,3,66.3,0.0,paid_search,mobile,cancelled,198.9
BKG-001120,SES-019714,USR-00993,EXP-0272,2025-05-18,2025-05-23,1,95.75,0.15,organic,mobile,refunded,81.39
BKG-001121,SES-019742,USR-02815,EXP-0175,2024-07-07,2024-07-10,6,87.99,0.1,paid_search,mobile,completed,475.15
BKG-001122,SES-019743,USR-06344,EXP-0110,2024-08-10,2024-09-05,2,115.18,0.0,social,desktop,completed,230.36
BKG-001123,SES-019744,USR-03180,EXP-0017,2024-12-24,2025-01-01,5,84.41,0.0,paid_search,desktop,completed,422.05
BKG-001124,SES-019759,USR-07543,EXP-0155,2024-08-19,2024-08-25,5,67.95,0.17,paid_search,mobile,completed,281.99
BKG-001125,SES-019794,USR-06325,EXP-0154,2024-09-17,2024-10-17,2,44.25,0.19,social,mobile,completed,71.68
BKG-001126,SES-019868,USR-03021,EXP-0246,2025-06-04,2025-07-18,3,145.56,0.0,paid_search,desktop,completed,436.68
BKG-001127,SES-019891,USR-06134,EXP-0172,2024-09-17,2024-09-27,2,61.17,0.0,referral,mobile,completed,122.34
BKG-001128,SES-019949,USR-07146,EXP-0009,2024-12-15,2025-01-06,2,58.42,0.0,paid_search,mobile,completed,116.84
BKG-001129,SES-019985,USR-01557,EXP-0059,2024-11-13,2024-11-23,1,35.26,0.0,paid_search,desktop,completed,35.26
BKG-001130,SES-020014,USR-07026,EXP-0173,2024-12-06,2024-12-14,4,64.39,0.0,referral,mobile,completed,257.56
BKG-001131,SES-020022,USR-03251,EXP-0147,2024-12-10,2024-12-11,1,35.81,0.0,organic,mobile,completed,35.81
BKG-001132,SES-020041,USR-07205,EXP-0009,2024-09-02,2024-09-25,1,54.2,0.0,affiliates,desktop,completed,54.2
BKG-001133,SES-020049,USR-07095,EXP-0067,2024-10-08,2024-11-03,4,67.25,0.0,referral,mobile,completed,269.0
BKG-001134,SES-020077,USR-00526,EXP-0300,2025-01-02,2025-01-08,1,63.57,0.0,email,mobile,completed,63.57
BKG-001135,SES-020149,USR-03584,EXP-0011,2024-09-14,2024-09-30,5,72.11,0.0,paid_search,mobile,completed,360.55
BKG-001136,SES-020197,USR-04957,EXP-0057,2025-06-11,2025-06-26,4,86.78,0.0,paid_search,mobile,completed,347.12
BKG-001137,SES-020218,USR-03079,EXP-0043,2024-11-27,2024-11-29,1,34.68,0.0,referral,desktop,completed,34.68
BKG-001138,SES-020226,USR-03008,EXP-0214,2024-10-15,2024-10-22,3,82.16,0.0,paid_search,mobile,completed,246.48
BKG-001139,SES-020258,USR-00955,EXP-0041,2024-09-12,2024-09-16,4,30.88,0.0,paid_search,desktop,completed,123.52
BKG-001140,SES-020259,USR-06089,EXP-0253,2024-10-27,2024-10-31,2,55.64,0.0,paid_search,mobile,completed,111.28
BKG-001141,SES-020320,USR-07811,EXP-0186,2025-06-14,2025-07-02,2,53.83,0.0,organic,mobile,completed,107.66
BKG-001142,SES-020321,USR-04363,EXP-0184,2025-02-27,2025-03-06,3,70.96,0.0,email,desktop,completed,212.88
BKG-001143,SES-020351,USR-03332,EXP-0195,2025-04-12,2025-05-05,1,74.66,0.0,email,mobile,completed,74.66
BKG-001144,SES-020354,USR-03226,EXP-0167,2025-05-30,2025-06-05,2,89.07,0.11,social,desktop,completed,158.54
BKG-001145,SES-020401,USR-07126,EXP-0270,2025-05-10,2025-05-18,1,92.96,0.0,email,desktop,completed,92.96
BKG-001146,SES-020411,USR-03332,EXP-0102,2025-01-16,2025-02-01,6,50.52,0.0,organic,desktop,completed,303.12
BKG-001147,SES-020420,USR-05048,EXP-0181,2025-02-12,2025-03-01,1,98.86,0.0,organic,mobile,completed,98.86
BKG-001148,SES-020441,USR-06331,EXP-0186,2024-10-04,2024-10-19,2,59.11,0.12,referral,mobile,completed,104.03
BKG-001149,SES-020453,USR-00900,EXP-0015,2025-02-05,2025-03-20,4,33.73,0.0,organic,tablet,completed,134.92
BKG-001150,SES-020469,USR-02702,EXP-0203,2025-03-20,2025-03-23,2,131.78,0.09,paid_search,desktop,completed,239.84
BKG-001151,SES-020494,USR-05400,EXP-0053,2024-09-04,2024-09-20,1,36.2,0.0,referral,mobile,completed,36.2
BKG-001152,SES-020522,USR-06346,EXP-0160,2024-12-21,2025-01-01,4,76.55,0.0,organic,mobile,completed,306.2
BKG-001153,SES-020533,USR-07815,EXP-0246,2025-06-12,2025-06-15,2,138.58,0.1,organic,mobile,completed,249.44
BKG-001154,SES-020583,USR-07764,EXP-0176,2025-06-15,2025-06-18,2,61.81,0.06,organic,tablet,completed,116.2
BKG-001155,SES-020594,USR-03426,EXP-0196,2024-08-02,2024-08-28,1,60.93,0.0,paid_search,desktop,completed,60.93
BKG-001156,SES-020610,USR-00917,EXP-0048,2025-04-28,2025-05-01,3,100.75,0.0,organic,mobile,completed,302.25
BKG-001157,SES-020634,USR-01389,EXP-0246,2024-10-21,2024-10-29,3,121.89,0.13,paid_search,mobile,completed,318.13
BKG-001158,SES-020657,USR-01690,EXP-0219,2024-11-04,2024-11-13,2,190.82,0.0,paid_search,desktop,completed,381.64
BKG-001159,SES-020690,USR-04197,EXP-0096,2025-01-24,2025-01-31,3,117.67,0.0,organic,mobile,completed,353.01
BKG-001160,SES-020734,USR-01691,EXP-0250,2024-08-30,2024-09-22,2,57.06,0.0,paid_search,desktop,completed,114.12
BKG-001161,SES-020738,USR-01357,EXP-0293,2024-11-18,2024-12-07,1,82.43,0.07,paid_search,mobile,completed,76.66
BKG-001162,SES-020743,USR-04065,EXP-0137,2025-04-23,2025-05-31,1,55.32,0.0,social,desktop,completed,55.32
BKG-001163,SES-020763,USR-05915,EXP-0263,2024-08-05,2024-08-23,6,62.82,0.0,email,desktop,completed,376.92
BKG-001164,SES-020764,USR-07036,EXP-0154,2024-11-30,2024-12-18,4,44.84,0.1,paid_search,mobile,completed,161.42
BKG-001165,SES-020773,USR-02807,EXP-0029,2024-09-23,2024-09-24,6,75.64,0.0,paid_search,mobile,completed,453.84
BKG-001166,SES-020781,USR-05469,EXP-0056,2025-01-01,2025-01-10,4,34.32,0.0,email,mobile,completed,137.28
BKG-001167,SES-020793,USR-03690,EXP-0188,2024-10-23,2024-10-31,2,40.89,0.0,paid_search,desktop,completed,81.78
BKG-001168,SES-020797,USR-03839,EXP-0005,2025-02-20,2025-03-14,2,75.11,0.0,paid_search,mobile,refunded,150.22
BKG-001169,SES-020816,USR-01971,EXP-0032,2025-01-02,2025-01-05,2,78.58,0.0,affiliates,mobile,cancelled,157.16
BKG-001170,SES-020853,USR-07240,EXP-0238,2024-08-08,2024-08-19,2,70.18,0.0,affiliates,mobile,completed,140.36
BKG-001171,SES-020888,USR-00995,EXP-0030,2024-09-13,2024-09-17,2,117.07,0.0,social,desktop,completed,234.14
BKG-001172,SES-020924,USR-03111,EXP-0117,2024-07-17,2024-07-23,5,104.85,0.0,paid_search,mobile,completed,524.25
BKG-001173,SES-020933,USR-04942,EXP-0242,2024-10-29,2024-11-24,5,85.85,0.15,organic,mobile,completed,364.86
BKG-001174,SES-020942,USR-04954,EXP-0076,2025-01-19,2025-02-15,2,75.05,0.0,organic,desktop,cancelled,150.1
BKG-001175,SES-021010,USR-06357,EXP-0164,2024-08-16,2024-08-21,6,75.9,0.0,organic,mobile,completed,455.4
BKG-001176,SES-021042,USR-07435,EXP-0205,2024-11-18,2024-12-23,2,144.5,0.0,organic,desktop,completed,289.0
BKG-001177,SES-021043,USR-05719,EXP-0250,2025-05-07,2025-05-13,1,50.1,0.18,organic,desktop,completed,41.08
BKG-001178,SES-021088,USR-05345,EXP-0229,2025-01-01,2025-01-03,2,81.84,0.13,paid_search,tablet,completed,142.4
BKG-001179,SES-021105,USR-03326,EXP-0067,2025-06-25,2025-06-28,3,70.38,0.1,affiliates,mobile,completed,190.03
BKG-001180,SES-021129,USR-07417,EXP-0247,2025-01-01,2025-01-22,1,140.47,0.06,paid_search,desktop,completed,132.04
BKG-001181,SES-021135,USR-06821,EXP-0195,2024-09-13,2024-10-04,2,76.39,0.0,paid_search,mobile,completed,152.78
BKG-001182,SES-021139,USR-03904,EXP-0165,2025-01-25,2025-01-27,2,50.63,0.0,organic,desktop,refunded,101.26
BKG-001183,SES-021160,USR-01955,EXP-0170,2025-02-18,2025-02-23,3,177.99,0.1,referral,desktop,completed,480.57
BKG-001184,SES-021161,USR-06114,EXP-0266,2024-10-10,2024-11-01,4,62.65,0.0,paid_search,desktop,completed,250.6
BKG-001185,SES-021169,USR-07667,EXP-0068,2025-01-07,2025-01-11,2,96.51,0.0,organic,desktop,completed,193.02
BKG-001186,SES-021187,USR-00403,EXP-0275,2024-12-10,2024-12-15,4,84.23,0.0,referral,mobile,completed,336.92
BKG-001187,SES-021205,USR-06550,EXP-0040,2024-08-17,2024-08-27,3,181.45,0.2,paid_search,mobile,completed,435.48
BKG-001188,SES-021220,USR-03947,EXP-0037,2024-12-30,2025-01-15,1,82.04,0.0,paid_search,mobile,completed,82.04
BKG-001189,SES-021232,USR-07311,EXP-0155,2025-05-12,2025-05-14,2,62.0,0.0,organic,mobile,completed,124.0
BKG-001190,SES-021251,USR-06890,EXP-0293,2025-05-15,2025-05-30,1,99.88,0.2,affiliates,mobile,completed,79.9
BKG-001191,SES-021265,USR-00638,EXP-0273,2025-03-10,2025-03-19,4,38.97,0.15,email,mobile,completed,132.5
BKG-001192,SES-021281,USR-05649,EXP-0199,2025-01-15,2025-01-17,3,72.97,0.0,organic,mobile,completed,218.91
BKG-001193,SES-021287,USR-01643,EXP-0253,2025-04-24,2025-05-10,2,49.59,0.0,referral,desktop,completed,99.18
BKG-001194,SES-021303,USR-04850,EXP-0148,2024-11-19,2024-11-29,5,107.38,0.0,paid_search,desktop,completed,536.9
BKG-001195,SES-021327,USR-01706,EXP-0038,2025-06-25,2025-06-26,3,173.99,0.0,email,mobile,completed,521.97
BKG-001196,SES-021332,USR-07864,EXP-0293,2024-12-17,2025-01-17,1,99.73,0.0,organic,mobile,cancelled,99.73
BKG-001197,SES-021334,USR-03090,EXP-0065,2025-03-20,2025-03-26,4,96.43,0.0,referral,desktop,refunded,385.72
BKG-001198,SES-021342,USR-06097,EXP-0187,2024-08-08,2024-08-15,2,48.17,0.0,organic,desktop,completed,96.34
BKG-001199,SES-021348,USR-01468,EXP-0204,2024-12-06,2024-12-09,2,79.83,0.0,paid_search,desktop,refunded,159.66
BKG-001200,SES-021353,USR-00622,EXP-0147,2024-08-11,2024-09-15,6,35.1,0.09,referral,mobile,cancelled,191.65
BKG-001201,SES-021359,USR-02995,EXP-0044,2025-05-19,2025-05-28,1,220.28,0.0,organic,mobile,refunded,220.28
BKG-001202,SES-021388,USR-00992,EXP-0276,2024-11-01,2024-12-06,4,98.97,0.06,paid_search,mobile,cancelled,372.13
BKG-001203,SES-021418,USR-01009,EXP-0107,2024-09-19,2024-10-10,5,35.1,0.08,email,mobile,completed,161.46
BKG-001204,SES-021420,USR-05596,EXP-0110,2024-10-06,2024-10-14,3,139.77,0.0,referral,mobile,completed,419.31
BKG-001205,SES-021468,USR-03231,EXP-0172,2025-01-03,2025-01-04,1,59.88,0.0,paid_search,mobile,completed,59.88
BKG-001206,SES-021526,USR-06769,EXP-0276,2024-11-01,2024-12-08,3,81.14,0.0,paid_search,tablet,completed,243.42
BKG-001207,SES-021532,USR-01581,EXP-0045,2024-12-23,2025-01-24,3,150.12,0.0,organic,mobile,completed,450.36
BKG-001208,SES-021533,USR-00097,EXP-0293,2025-06-27,2025-07-11,1,90.17,0.0,email,mobile,completed,90.17
BKG-001209,SES-021605,USR-02748,EXP-0278,2024-10-04,2024-10-05,2,65.66,0.16,paid_search,mobile,completed,110.31
BKG-001210,SES-021614,USR-04302,EXP-0084,2024-10-23,2024-10-26,4,68.71,0.15,email,mobile,completed,233.61
BKG-001211,SES-021624,USR-02125,EXP-0139,2024-12-17,2024-12-18,2,93.74,0.0,paid_search,desktop,completed,187.48
BKG-001212,SES-021636,USR-01678,EXP-0115,2025-01-08,2025-01-10,4,25.55,0.0,affiliates,mobile,completed,102.2
BKG-001213,SES-021638,USR-03729,EXP-0069,2025-06-10,2025-07-05,6,108.89,0.0,email,desktop,completed,653.34
BKG-001214,SES-021655,USR-07936,EXP-0029,2024-09-07,2024-09-11,2,77.82,0.0,paid_search,desktop,cancelled,155.64
BKG-001215,SES-021677,USR-00060,EXP-0084,2024-10-08,2024-10-14,2,65.2,0.0,paid_search,desktop,completed,130.4
BKG-001216,SES-021685,USR-07407,EXP-0023,2024-11-20,2025-01-02,3,35.24,0.2,email,mobile,completed,84.58
BKG-001217,SES-021735,USR-01880,EXP-0217,2024-10-08,2024-10-18,2,50.27,0.0,organic,mobile,completed,100.54
BKG-001218,SES-021739,USR-01715,EXP-0071,2025-03-28,2025-04-05,5,54.6,0.0,social,mobile,completed,273.0
BKG-001219,SES-021762,USR-02709,EXP-0034,2024-08-05,2024-09-10,2,106.29,0.07,paid_search,desktop,completed,197.7
BKG-001220,SES-021765,USR-03605,EXP-0290,2025-03-25,2025-04-12,1,161.93,0.0,organic,desktop,completed,161.93
BKG-001221,SES-021775,USR-07146,EXP-0088,2024-09-26,2024-10-21,2,55.89,0.0,referral,mobile,cancelled,111.78
BKG-001222,SES-021783,USR-00950,EXP-0035,2024-11-08,2024-11-13,2,131.31,0.0,paid_search,mobile,completed,262.62
BKG-001223,SES-021796,USR-07495,EXP-0070,2024-10-01,2024-10-08,2,88.8,0.0,organic,mobile,completed,177.6
BKG-001224,SES-021798,USR-01512,EXP-0116,2025-05-04,2025-05-06,2,74.94,0.0,organic,desktop,completed,149.88
BKG-001225,SES-021800,USR-06343,EXP-0171,2025-05-11,2025-05-28,4,122.5,0.0,referral,mobile,completed,490.0
BKG-001226,SES-021817,USR-01749,EXP-0215,2024-11-14,2024-11-23,1,48.37,0.14,organic,mobile,completed,41.6
BKG-001227,SES-021820,USR-07652,EXP-0264,2024-10-11,2024-10-16,1,134.84,0.18,affiliates,desktop,completed,110.57
BKG-001228,SES-021821,USR-02682,EXP-0265,2025-03-03,2025-03-07,3,54.3,0.0,paid_search,desktop,completed,162.9
BKG-001229,SES-021842,USR-01433,EXP-0125,2025-06-05,2025-06-08,3,56.79,0.0,paid_search,desktop,completed,170.37
BKG-001230,SES-021855,USR-03381,EXP-0201,2025-03-02,2025-03-04,2,68.56,0.11,affiliates,desktop,completed,122.04
BKG-001231,SES-021864,USR-00134,EXP-0199,2024-11-03,2024-11-06,2,73.29,0.09,organic,mobile,completed,133.39
BKG-001232,SES-021868,USR-04591,EXP-0165,2025-01-21,2025-02-14,2,51.36,0.0,paid_search,desktop,completed,102.72
BKG-001233,SES-021874,USR-01448,EXP-0178,2024-11-18,2024-11-21,1,92.63,0.0,paid_search,mobile,completed,92.63
BKG-001234,SES-021887,USR-04684,EXP-0136,2025-05-23,2025-06-05,2,41.72,0.0,organic,mobile,completed,83.44
BKG-001235,SES-021888,USR-01386,EXP-0135,2025-02-02,2025-02-10,2,77.83,0.0,paid_search,mobile,completed,155.66
BKG-001236,SES-021889,USR-01144,EXP-0047,2024-10-01,2024-10-07,2,152.88,0.0,paid_search,desktop,completed,305.76
BKG-001237,SES-021924,USR-05712,EXP-0183,2024-07-01,2024-07-05,2,22.33,0.0,organic,desktop,completed,44.66
BKG-001238,SES-021936,USR-07415,EXP-0080,2024-11-04,2024-11-07,1,77.05,0.0,organic,desktop,completed,77.05
BKG-001239,SES-021956,USR-02538,EXP-0035,2025-03-04,2025-03-08,3,144.24,0.0,social,desktop,completed,432.72
BKG-001240,SES-021987,USR-02313,EXP-0070,2025-01-08,2025-01-25,4,68.4,0.12,email,mobile,completed,240.77
BKG-001241,SES-021991,USR-01314,EXP-0055,2024-12-10,2024-12-28,1,64.2,0.0,social,tablet,completed,64.2
BKG-001242,SES-022002,USR-02342,EXP-0028,2025-04-03,2025-04-11,1,54.18,0.0,referral,desktop,completed,54.18
BKG-001243,SES-022016,USR-06189,EXP-0054,2025-06-28,2025-07-03,3,67.58,0.09,paid_search,desktop,completed,184.49
BKG-001244,SES-022054,USR-05485,EXP-0299,2025-01-02,2025-01-23,4,116.45,0.16,email,mobile,completed,391.27
BKG-001245,SES-022061,USR-07684,EXP-0206,2025-05-29,2025-06-05,3,67.3,0.0,referral,tablet,completed,201.9
BKG-001246,SES-022071,USR-07760,EXP-0074,2025-01-23,2025-02-26,4,146.61,0.0,affiliates,mobile,cancelled,586.44
BKG-001247,SES-022075,USR-02061,EXP-0100,2024-12-04,2024-12-07,2,133.27,0.0,referral,desktop,completed,266.54
BKG-001248,SES-022081,USR-06811,EXP-0247,2025-02-22,2025-03-13,2,149.38,0.13,affiliates,mobile,completed,259.92
BKG-001249,SES-022082,USR-00099,EXP-0265,2024-07-30,2024-08-05,3,54.29,0.14,social,desktop,completed,140.07
BKG-001250,SES-022098,USR-04738,EXP-0080,2024-11-06,2024-11-10,3,82.56,0.0,paid_search,desktop,completed,247.68
BKG-001251,SES-022123,USR-01432,EXP-0010,2024-07-11,2024-07-12,3,55.74,0.0,paid_search,tablet,completed,167.22
BKG-001252,SES-022144,USR-01509,EXP-0165,2024-07-06,2024-07-13,2,53.86,0.0,affiliates,mobile,completed,107.72
BKG-001253,SES-022162,USR-03328,EXP-0263,2025-04-14,2025-04-18,3,56.62,0.16,organic,desktop,completed,142.68
BKG-001254,SES-022173,USR-00926,EXP-0043,2025-06-12,2025-06-21,2,36.33,0.15,organic,desktop,completed,61.76
BKG-001255,SES-022175,USR-03494,EXP-0088,2024-11-30,2024-12-15,2,56.39,0.0,paid_search,desktop,completed,112.78
BKG-001256,SES-022195,USR-02695,EXP-0131,2024-12-19,2024-12-29,2,88.35,0.11,paid_search,desktop,completed,157.26
BKG-001257,SES-022202,USR-07905,EXP-0193,2024-11-29,2024-12-28,1,74.99,0.15,referral,mobile,refunded,63.74
BKG-001258,SES-022221,USR-03819,EXP-0109,2024-09-03,2024-09-16,2,79.23,0.15,paid_search,mobile,completed,134.69
BKG-001259,SES-022228,USR-04488,EXP-0081,2025-01-20,2025-01-28,2,85.35,0.0,organic,mobile,completed,170.7
BKG-001260,SES-022251,USR-04413,EXP-0167,2024-11-30,2024-12-31,3,89.99,0.13,organic,desktop,completed,234.87
BKG-001261,SES-022252,USR-05949,EXP-0031,2024-12-30,2025-01-17,2,60.44,0.0,email,mobile,completed,120.88
BKG-001262,SES-022267,USR-01144,EXP-0053,2024-12-18,2025-01-23,2,38.72,0.0,referral,mobile,cancelled,77.44
BKG-001263,SES-022290,USR-04976,EXP-0274,2025-03-13,2025-03-18,2,34.09,0.0,affiliates,mobile,completed,68.18
BKG-001264,SES-022301,USR-01255,EXP-0142,2024-09-09,2024-09-26,1,86.17,0.0,organic,desktop,completed,86.17
BKG-001265,SES-022347,USR-04188,EXP-0147,2025-06-22,2025-06-23,2,37.57,0.09,paid_search,desktop,completed,68.38
BKG-001266,SES-022351,USR-06452,EXP-0158,2025-01-18,2025-02-24,1,48.83,0.0,paid_search,mobile,completed,48.83
BKG-001267,SES-022356,USR-00769,EXP-0181,2024-09-25,2024-10-07,2,120.96,0.08,affiliates,tablet,completed,222.57
BKG-001268,SES-022363,USR-07060,EXP-0078,2025-06-19,2025-07-06,2,44.33,0.0,organic,desktop,completed,88.66
BKG-001269,SES-022390,USR-02728,EXP-0096,2024-12-20,2025-01-16,2,119.85,0.15,paid_search,desktop,completed,203.74
BKG-001270,SES-022410,USR-01503,EXP-0147,2025-05-07,2025-06-03,2,36.29,0.0,organic,desktop,completed,72.58
BKG-001271,SES-022425,USR-03656,EXP-0027,2024-08-12,2024-08-14,2,221.68,0.0,affiliates,mobile,completed,443.36
BKG-001272,SES-022466,USR-05444,EXP-0056,2024-12-03,2024-12-18,2,35.81,0.0,organic,desktop,completed,71.62
BKG-001273,SES-022502,USR-01113,EXP-0292,2025-03-01,2025-04-21,1,102.45,0.0,organic,desktop,completed,102.45
BKG-001274,SES-022507,USR-03381,EXP-0241,2024-11-29,2024-12-05,1,144.75,0.0,organic,mobile,completed,144.75
BKG-001275,SES-022541,USR-02414,EXP-0026,2025-04-01,2025-04-12,2,29.48,0.0,paid_search,mobile,cancelled,58.96
BKG-001276,SES-022547,USR-06450,EXP-0165,2024-10-04,2024-10-08,3,46.7,0.12,organic,desktop,completed,123.29
BKG-001277,SES-022552,USR-00526,EXP-0221,2024-12-15,2024-12-16,1,80.35,0.06,paid_search,mobile,completed,75.53
BKG-001278,SES-022554,USR-03066,EXP-0205,2024-11-23,2024-12-10,2,126.89,0.0,paid_search,mobile,completed,253.78
BKG-001279,SES-022569,USR-04275,EXP-0017,2025-03-20,2025-04-04,2,83.25,0.0,paid_search,mobile,completed,166.5
BKG-001280,SES-022590,USR-06950,EXP-0048,2024-09-01,2024-09-26,3,91.68,0.0,paid_search,mobile,completed,275.04
BKG-001281,SES-022600,USR-01653,EXP-0295,2025-01-13,2025-01-25,2,46.19,0.0,affiliates,desktop,cancelled,92.38
BKG-001282,SES-022616,USR-02079,EXP-0152,2025-03-03,2025-03-23,5,229.13,0.0,organic,desktop,completed,1145.65
BKG-001283,SES-022646,USR-07283,EXP-0065,2025-03-27,2025-04-04,5,87.56,0.0,email,desktop,completed,437.8
BKG-001284,SES-022652,USR-06391,EXP-0082,2024-11-18,2024-11-27,1,168.41,0.09,paid_search,desktop,cancelled,153.25
BKG-001285,SES-022658,USR-03092,EXP-0226,2024-11-06,2024-11-10,3,128.82,0.0,organic,mobile,completed,386.46
BKG-001286,SES-022682,USR-07594,EXP-0206,2024-11-03,2024-11-22,1,71.32,0.0,paid_search,mobile,completed,71.32
BKG-001287,SES-022683,USR-03390,EXP-0065,2024-11-29,2024-12-14,2,78.19,0.0,paid_search,mobile,completed,156.38
BKG-001288,SES-022698,USR-03262,EXP-0176,2024-12-01,2024-12-22,4,63.01,0.0,paid_search,desktop,completed,252.04
BKG-001289,SES-022716,USR-06764,EXP-0073,2025-02-13,2025-03-08,2,95.01,0.0,paid_search,desktop,completed,190.02
BKG-001290,SES-022720,USR-01614,EXP-0217,2024-11-11,2024-11-12,2,51.55,0.0,email,mobile,completed,103.1
BKG-001291,SES-022737,USR-06076,EXP-0298,2025-02-07,2025-02-11,6,85.26,0.0,organic,mobile,completed,511.56
BKG-001292,SES-022751,USR-04956,EXP-0158,2025-04-16,2025-05-02,3,52.0,0.0,paid_search,mobile,completed,156.0
BKG-001293,SES-022768,USR-07004,EXP-0264,2024-07-09,2024-08-05,2,131.31,0.1,paid_search,mobile,completed,236.36
BKG-001294,SES-022803,USR-01954,EXP-0214,2024-08-19,2024-08-28,2,75.19,0.0,paid_search,desktop,completed,150.38
BKG-001295,SES-022811,USR-06040,EXP-0142,2024-08-06,2024-08-10,1,91.85,0.0,referral,mobile,completed,91.85
BKG-001296,SES-022837,USR-01010,EXP-0265,2025-03-10,2025-03-16,2,55.57,0.0,paid_search,mobile,completed,111.14
BKG-001297,SES-022851,USR-04585,EXP-0088,2025-03-29,2025-04-01,1,59.47,0.13,paid_search,desktop,completed,51.74
BKG-001298,SES-022898,USR-05989,EXP-0164,2024-11-04,2024-11-16,6,74.31,0.14,paid_search,mobile,completed,383.44
BKG-001299,SES-022932,USR-03781,EXP-0234,2024-07-24,2024-08-06,2,91.89,0.14,paid_search,tablet,completed,158.05
BKG-001300,SES-022940,USR-06217,EXP-0267,2024-07-06,2024-07-07,1,48.04,0.0,organic,tablet,completed,48.04
BKG-001301,SES-022953,USR-06450,EXP-0042,2024-12-05,2024-12-08,1,143.5,0.0,email,desktop,completed,143.5
BKG-001302,SES-022959,USR-05142,EXP-0121,2025-05-13,2025-05-20,2,110.46,0.0,organic,mobile,completed,220.92
BKG-001303,SES-022962,USR-05140,EXP-0053,2025-03-27,2025-04-03,2,40.98,0.0,organic,desktop,completed,81.96
BKG-001304,SES-022966,USR-07869,EXP-0101,2024-12-29,2025-01-01,2,27.79,0.0,paid_search,desktop,completed,55.58
BKG-001305,SES-023013,USR-03100,EXP-0088,2025-03-19,2025-04-11,3,59.24,0.13,referral,desktop,completed,154.62
BKG-001306,SES-023033,USR-05892,EXP-0248,2025-04-06,2025-05-04,2,196.4,0.0,organic,desktop,completed,392.8
BKG-001307,SES-023041,USR-07748,EXP-0201,2025-03-08,2025-03-13,2,77.11,0.11,paid_search,mobile,completed,137.26
BKG-001308,SES-023053,USR-07728,EXP-0236,2025-05-02,2025-05-06,5,118.71,0.0,referral,mobile,completed,593.55
BKG-001309,SES-023073,USR-04956,EXP-0169,2024-08-23,2024-08-26,2,93.37,0.0,email,mobile,completed,186.74
BKG-001310,SES-023081,USR-07303,EXP-0268,2025-03-05,2025-03-22,2,77.37,0.08,referral,tablet,cancelled,142.36
BKG-001311,SES-023091,USR-05758,EXP-0209,2024-10-26,2024-11-09,1,78.26,0.0,paid_search,mobile,completed,78.26
BKG-001312,SES-023103,USR-03335,EXP-0174,2024-12-11,2024-12-23,2,102.07,0.0,email,desktop,completed,204.14
BKG-001313,SES-023121,USR-02047,EXP-0104,2025-03-27,2025-05-09,3,146.46,0.0,referral,tablet,completed,439.38
BKG-001314,SES-023124,USR-00978,EXP-0131,2025-01-15,2025-01-16,2,85.3,0.0,paid_search,desktop,completed,170.6
BKG-001315,SES-023131,USR-00283,EXP-0044,2025-06-21,2025-07-07,1,228.81,0.0,email,mobile,completed,228.81
BKG-001316,SES-023145,USR-06262,EXP-0165,2025-04-04,2025-04-06,5,55.68,0.13,paid_search,desktop,cancelled,242.21
BKG-001317,SES-023150,USR-03147,EXP-0195,2025-03-10,2025-03-14,2,71.56,0.0,organic,mobile,completed,143.12
BKG-001318,SES-023184,USR-03113,EXP-0149,2024-11-01,2024-11-04,2,59.2,0.19,organic,desktop,completed,95.9
BKG-001319,SES-023225,USR-01468,EXP-0166,2025-06-12,2025-06-21,5,76.25,0.07,organic,desktop,completed,354.56
BKG-001320,SES-023233,USR-03478,EXP-0194,2025-03-10,2025-03-25,3,89.7,0.0,social,mobile,completed,269.1
BKG-001321,SES-023250,USR-00346,EXP-0279,2024-08-11,2024-08-15,6,91.67,0.0,referral,mobile,completed,550.02
BKG-001322,SES-023257,USR-00517,EXP-0246,2025-06-12,2025-07-03,6,119.92,0.0,affiliates,mobile,completed,719.52
BKG-001323,SES-023262,USR-05303,EXP-0112,2025-01-06,2025-01-14,3,46.24,0.0,organic,mobile,completed,138.72
BKG-001324,SES-023271,USR-06362,EXP-0183,2024-09-23,2024-09-28,6,23.48,0.0,email,mobile,completed,140.88
BKG-001325,SES-023300,USR-07305,EXP-0190,2024-08-27,2024-09-18,2,71.76,0.0,affiliates,mobile,completed,143.52
BKG-001326,SES-023308,USR-07607,EXP-0192,2025-06-28,2025-07-08,1,60.95,0.0,referral,desktop,completed,60.95
BKG-001327,SES-023320,USR-07339,EXP-0138,2024-11-21,2024-12-02,2,59.84,0.0,paid_search,mobile,completed,119.68
BKG-001328,SES-023322,USR-02793,EXP-0292,2025-06-25,2025-07-04,1,102.27,0.0,organic,desktop,completed,102.27
BKG-001329,SES-023340,USR-00897,EXP-0241,2025-04-20,2025-04-22,3,127.56,0.0,organic,desktop,completed,382.68
BKG-001330,SES-023350,USR-01148,EXP-0289,2025-01-04,2025-01-09,2,64.48,0.0,paid_search,mobile,completed,128.96
BKG-001331,SES-023351,USR-00054,EXP-0240,2024-10-14,2024-10-29,2,98.21,0.05,email,mobile,completed,186.6
BKG-001332,SES-023367,USR-01023,EXP-0123,2024-12-03,2024-12-04,1,83.51,0.0,paid_search,mobile,cancelled,83.51
BKG-001333,SES-023379,USR-07416,EXP-0260,2025-04-06,2025-05-19,2,49.04,0.12,referral,mobile,cancelled,86.31
BKG-001334,SES-023454,USR-06752,EXP-0165,2024-09-12,2024-10-19,6,52.56,0.15,email,desktop,completed,268.06
BKG-001335,SES-023457,USR-07645,EXP-0001,2024-07-08,2024-08-15,2,58.47,0.0,organic,desktop,completed,116.94
BKG-001336,SES-023466,USR-03819,EXP-0187,2025-01-13,2025-01-15,2,48.51,0.0,social,mobile,cancelled,97.02
BKG-001337,SES-023467,USR-00270,EXP-0260,2025-04-16,2025-05-11,2,44.01,0.0,organic,mobile,completed,88.02
BKG-001338,SES-023481,USR-03426,EXP-0181,2025-04-21,2025-04-24,4,110.21,0.0,referral,desktop,completed,440.84
BKG-001339,SES-023483,USR-04225,EXP-0082,2025-01-13,2025-01-19,3,154.37,0.0,organic,mobile,completed,463.11
BKG-001340,SES-023497,USR-03389,EXP-0170,2025-01-22,2025-02-07,2,178.94,0.0,organic,mobile,completed,357.88
BKG-001341,SES-023508,USR-06529,EXP-0009,2025-01-13,2025-01-19,1,56.75,0.14,organic,desktop,completed,48.8
BKG-001342,SES-023511,USR-01440,EXP-0275,2025-06-08,2025-06-09,4,90.16,0.0,paid_search,mobile,refunded,360.64
BKG-001343,SES-023537,USR-03776,EXP-0170,2025-03-05,2025-04-11,2,183.14,0.13,organic,mobile,completed,318.66
BKG-001344,SES-023571,USR-03539,EXP-0270,2024-11-13,2024-12-05,2,89.39,0.0,referral,desktop,completed,178.78
BKG-001345,SES-023614,USR-05139,EXP-0047,2025-01-21,2025-01-23,2,135.36,0.18,paid_search,mobile,completed,221.99
BKG-001346,SES-023620,USR-02543,EXP-0214,2024-09-15,2024-09-17,6,73.21,0.08,affiliates,mobile,completed,404.12
BKG-001347,SES-023628,USR-04874,EXP-0029,2025-01-10,2025-01-24,1,83.01,0.0,organic,desktop,completed,83.01
BKG-001348,SES-023630,USR-05375,EXP-0196,2024-10-12,2024-10-15,2,56.01,0.0,paid_search,mobile,completed,112.02
BKG-001349,SES-023639,USR-04693,EXP-0032,2024-10-18,2024-10-23,2,84.51,0.0,paid_search,mobile,completed,169.02
BKG-001350,SES-023648,USR-04134,EXP-0077,2024-08-28,2024-09-09,4,155.66,0.0,paid_search,mobile,completed,622.64
BKG-001351,SES-023660,USR-00869,EXP-0214,2024-10-31,2024-11-21,4,80.02,0.0,paid_search,desktop,completed,320.08
BKG-001352,SES-023667,USR-07290,EXP-0161,2024-10-07,2024-11-16,4,159.27,0.17,email,mobile,completed,528.78
BKG-001353,SES-023681,USR-06244,EXP-0079,2025-06-26,2025-07-13,2,102.53,0.0,social,desktop,completed,205.06
BKG-001354,SES-023695,USR-01748,EXP-0173,2024-11-30,2024-12-02,2,66.26,0.11,referral,desktop,completed,117.94
BKG-001355,SES-023707,USR-01120,EXP-0273,2024-10-20,2024-10-30,2,39.39,0.17,referral,mobile,cancelled,65.39
BKG-001356,SES-023725,USR-05270,EXP-0221,2025-01-06,2025-01-14,2,75.57,0.0,paid_search,desktop,completed,151.14
BKG-001357,SES-023732,USR-03759,EXP-0209,2024-08-06,2024-08-10,2,77.56,0.15,organic,mobile,completed,131.85
BKG-001358,SES-023734,USR-00088,EXP-0079,2024-10-05,2024-10-13,2,98.31,0.0,paid_search,mobile,completed,196.62
BKG-001359,SES-023744,USR-06308,EXP-0093,2025-05-26,2025-06-15,2,50.24,0.0,paid_search,desktop,refunded,100.48
BKG-001360,SES-023745,USR-03862,EXP-0244,2024-12-14,2024-12-19,2,116.77,0.18,paid_search,mobile,refunded,191.5
BKG-001361,SES-023768,USR-05353,EXP-0035,2025-02-13,2025-04-01,1,146.09,0.07,referral,mobile,completed,135.86
BKG-001362,SES-023769,USR-07227,EXP-0270,2025-06-21,2025-07-04,2,82.73,0.17,paid_search,mobile,completed,137.33
BKG-001363,SES-023804,USR-05361,EXP-0232,2024-09-29,2024-10-23,2,55.16,0.0,email,desktop,completed,110.32
BKG-001364,SES-023816,USR-01622,EXP-0082,2024-09-20,2024-10-04,1,160.52,0.0,affiliates,desktop,completed,160.52
BKG-001365,SES-023869,USR-01512,EXP-0097,2025-01-28,2025-02-02,1,82.26,0.05,organic,mobile,completed,78.15
BKG-001366,SES-023873,USR-03008,EXP-0017,2025-06-23,2025-07-21,2,76.36,0.0,paid_search,desktop,completed,152.72
BKG-001367,SES-023875,USR-00621,EXP-0299,2024-10-21,2024-10-26,1,122.4,0.0,paid_search,desktop,completed,122.4
BKG-001368,SES-023887,USR-03461,EXP-0090,2025-01-24,2025-01-30,5,131.62,0.0,organic,mobile,completed,658.1
BKG-001369,SES-023921,USR-01743,EXP-0051,2025-03-01,2025-03-11,2,28.98,0.0,paid_search,mobile,completed,57.96
BKG-001370,SES-023931,USR-02340,EXP-0193,2024-08-10,2024-08-22,2,90.62,0.0,paid_search,mobile,completed,181.24
BKG-001371,SES-023952,USR-06725,EXP-0221,2024-11-09,2024-11-15,2,79.14,0.0,paid_search,mobile,completed,158.28
BKG-001372,SES-023983,USR-06417,EXP-0228,2025-03-26,2025-04-12,1,141.59,0.0,organic,mobile,completed,141.59
BKG-001373,SES-024007,USR-01258,EXP-0157,2025-04-20,2025-04-23,1,93.75,0.12,paid_search,mobile,completed,82.5
BKG-001374,SES-024051,USR-06194,EXP-0229,2025-05-31,2025-06-05,6,97.62,0.0,affiliates,desktop,completed,585.72
BKG-001375,SES-024060,USR-07776,EXP-0202,2025-06-07,2025-06-14,2,51.46,0.0,organic,mobile,refunded,102.92
BKG-001376,SES-024100,USR-06888,EXP-0035,2024-07-08,2024-07-17,1,127.23,0.0,referral,desktop,completed,127.23
BKG-001377,SES-024157,USR-07107,EXP-0038,2025-04-11,2025-05-02,2,173.58,0.15,paid_search,tablet,completed,295.09
BKG-001378,SES-024161,USR-03143,EXP-0258,2025-05-16,2025-05-28,2,114.9,0.0,referral,mobile,completed,229.8
BKG-001379,SES-024169,USR-05775,EXP-0298,2025-02-18,2025-02-26,2,86.81,0.0,referral,mobile,cancelled,173.62
BKG-001380,SES-024180,USR-00642,EXP-0068,2025-03-25,2025-03-26,3,99.87,0.07,organic,mobile,completed,278.64
BKG-001381,SES-024188,USR-02317,EXP-0036,2025-04-26,2025-05-05,1,69.07,0.0,referral,tablet,completed,69.07
BKG-001382,SES-024196,USR-04690,EXP-0205,2025-06-12,2025-06-19,2,114.77,0.05,affiliates,mobile,completed,218.06
BKG-001383,SES-024201,USR-01240,EXP-0033,2025-05-18,2025-06-03,1,76.93,0.0,paid_search,mobile,completed,76.93
BKG-001384,SES-024217,USR-07526,EXP-0230,2025-03-15,2025-03-17,5,129.41,0.19,organic,desktop,cancelled,524.11
BKG-001385,SES-024219,USR-07186,EXP-0068,2024-09-23,2024-09-25,4,109.91,0.11,referral,desktop,completed,391.28
BKG-001386,SES-024282,USR-02694,EXP-0106,2024-12-12,2024-12-16,3,142.55,0.0,email,desktop,completed,427.65
BKG-001387,SES-024329,USR-04975,EXP-0244,2024-08-23,2024-08-24,3,124.0,0.09,paid_search,desktop,completed,338.52
BKG-001388,SES-024337,USR-01688,EXP-0113,2025-05-24,2025-06-06,1,130.51,0.0,paid_search,desktop,completed,130.51
BKG-001389,SES-024340,USR-00325,EXP-0209,2024-08-11,2024-08-17,2,83.78,0.0,organic,desktop,cancelled,167.56
BKG-001390,SES-024362,USR-05543,EXP-0141,2024-12-17,2024-12-31,2,45.87,0.0,paid_search,desktop,completed,91.74
BKG-001391,SES-024367,USR-02945,EXP-0155,2024-10-25,2024-11-04,3,66.7,0.0,email,desktop,completed,200.1
BKG-001392,SES-024382,USR-07336,EXP-0275,2025-03-05,2025-03-31,1,90.34,0.17,paid_search,desktop,completed,74.98
BKG-001393,SES-024404,USR-05818,EXP-0161,2025-03-25,2025-04-17,5,160.84,0.0,affiliates,mobile,completed,804.2
BKG-001394,SES-024453,USR-02005,EXP-0243,2025-06-11,2025-06-13,3,84.1,0.05,affiliates,mobile,completed,239.68
BKG-001395,SES-024469,USR-02458,EXP-0037,2024-09-05,2024-10-14,3,86.81,0.0,organic,mobile,completed,260.43
BKG-001396,SES-024523,USR-01773,EXP-0046,2025-05-03,2025-05-04,1,173.93,0.12,organic,mobile,cancelled,153.06
BKG-001397,SES-024546,USR-05877,EXP-0153,2025-03-03,2025-03-09,3,48.37,0.0,affiliates,mobile,completed,145.11
BKG-001398,SES-024556,USR-04289,EXP-0095,2025-06-10,2025-07-14,4,135.47,0.08,referral,mobile,completed,498.53
BKG-001399,SES-024558,USR-04480,EXP-0203,2024-12-13,2024-12-22,2,123.69,0.0,paid_search,desktop,completed,247.38
BKG-001400,SES-024614,USR-04145,EXP-0297,2024-07-25,2024-08-24,1,87.86,0.0,social,tablet,cancelled,87.86
BKG-001401,SES-024628,USR-01691,EXP-0042,2025-03-14,2025-03-29,5,147.73,0.13,social,desktop,completed,642.63
BKG-001402,SES-024655,USR-05876,EXP-0097,2024-08-08,2024-08-17,1,76.9,0.0,affiliates,desktop,completed,76.9
BKG-001403,SES-024663,USR-04587,EXP-0254,2024-09-05,2024-09-09,1,198.56,0.16,paid_search,desktop,completed,166.79
BKG-001404,SES-024675,USR-07606,EXP-0244,2024-11-30,2024-12-07,3,120.8,0.0,affiliates,mobile,completed,362.4
BKG-001405,SES-024683,USR-03606,EXP-0212,2024-08-11,2024-08-12,2,54.6,0.0,email,desktop,completed,109.2
BKG-001406,SES-024689,USR-06642,EXP-0295,2024-08-20,2024-08-30,1,45.56,0.12,paid_search,desktop,completed,40.09
BKG-001407,SES-024694,USR-06555,EXP-0030,2025-04-30,2025-05-04,6,108.51,0.13,paid_search,mobile,completed,566.42
BKG-001408,SES-024702,USR-06971,EXP-0066,2024-07-20,2024-08-17,3,56.03,0.0,referral,desktop,completed,168.09
BKG-001409,SES-024712,USR-04147,EXP-0084,2025-01-05,2025-02-20,1,74.88,0.17,paid_search,mobile,completed,62.15
BKG-001410,SES-024725,USR-05401,EXP-0248,2024-11-17,2024-11-22,2,178.73,0.0,organic,desktop,cancelled,357.46
BKG-001411,SES-024733,USR-04180,EXP-0198,2024-12-11,2024-12-27,2,78.12,0.15,referral,mobile,completed,132.8
BKG-001412,SES-024741,USR-00754,EXP-0117,2025-06-29,2025-07-10,1,109.98,0.16,email,mobile,completed,92.38
BKG-001413,SES-024756,USR-07948,EXP-0087,2024-07-13,2024-07-17,2,136.85,0.0,organic,mobile,completed,273.7
BKG-001414,SES-024794,USR-02686,EXP-0254,2024-07-08,2024-07-14,2,187.74,0.0,paid_search,desktop,refunded,375.48
BKG-001415,SES-024797,USR-02575,EXP-0205,2024-11-30,2024-12-02,3,127.91,0.0,organic,desktop,completed,383.73
BKG-001416,SES-024803,USR-00935,EXP-0043,2024-08-17,2024-08-18,2,30.59,0.0,organic,mobile,cancelled,61.18
BKG-001417,SES-024807,USR-05764,EXP-0267,2024-10-13,2024-10-19,2,46.86,0.0,affiliates,desktop,completed,93.72
BKG-001418,SES-024824,USR-04689,EXP-0280,2024-11-08,2024-11-12,2,129.67,0.0,organic,desktop,completed,259.34
BKG-001419,SES-024826,USR-02970,EXP-0061,2025-04-18,2025-04-20,1,57.65,0.0,organic,mobile,completed,57.65
BKG-001420,SES-024842,USR-05272,EXP-0069,2024-08-26,2024-09-11,2,99.55,0.19,email,mobile,completed,161.27
BKG-001421,SES-024867,USR-03448,EXP-0015,2025-02-26,2025-02-28,4,38.24,0.0,referral,desktop,completed,152.96
BKG-001422,SES-024882,USR-05233,EXP-0260,2024-12-27,2025-01-07,4,50.17,0.0,paid_search,mobile,completed,200.68
BKG-001423,SES-024908,USR-04839,EXP-0026,2025-04-18,2025-05-09,2,29.81,0.0,paid_search,mobile,completed,59.62
BKG-001424,SES-024931,USR-03043,EXP-0061,2025-04-18,2025-05-09,1,54.96,0.0,organic,mobile,completed,54.96
BKG-001425,SES-024970,USR-04641,EXP-0018,2024-08-24,2024-09-12,3,54.96,0.0,paid_search,mobile,completed,164.88
BKG-001426,SES-025017,USR-04792,EXP-0256,2024-10-18,2024-10-25,5,38.68,0.0,organic,desktop,completed,193.4
BKG-001427,SES-025043,USR-07151,EXP-0017,2025-06-27,2025-07-08,2,75.69,0.0,organic,mobile,completed,151.38
BKG-001428,SES-025058,USR-07956,EXP-0066,2025-03-05,2025-03-09,2,61.33,0.0,paid_search,mobile,completed,122.66
BKG-001429,SES-025086,USR-00229,EXP-0178,2025-01-13,2025-01-19,2,103.74,0.0,organic,desktop,completed,207.48
BKG-001430,SES-025126,USR-03326,EXP-0181,2024-11-24,2024-11-27,2,108.5,0.0,paid_search,mobile,completed,217.0
BKG-001431,SES-025188,USR-00705,EXP-0238,2024-12-10,2024-12-16,3,72.43,0.0,paid_search,mobile,completed,217.29
BKG-001432,SES-025189,USR-00657,EXP-0206,2024-08-20,2024-08-29,1,67.2,0.07,organic,mobile,completed,62.5
BKG-001433,SES-025246,USR-02119,EXP-0068,2024-08-01,2024-08-10,1,117.76,0.17,paid_search,mobile,completed,97.74
BKG-001434,SES-025272,USR-02658,EXP-0222,2025-02-02,2025-02-05,2,34.86,0.19,organic,mobile,completed,56.47
BKG-001435,SES-025296,USR-00772,EXP-0252,2025-06-17,2025-07-13,3,81.04,0.11,organic,desktop,completed,216.38
BKG-001436,SES-025298,USR-02342,EXP-0285,2024-12-22,2025-01-06,2,40.13,0.0,social,mobile,completed,80.26
BKG-001437,SES-025334,USR-06687,EXP-0235,2025-02-05,2025-02-11,3,61.38,0.1,affiliates,mobile,cancelled,165.73
BKG-001438,SES-025366,USR-01468,EXP-0001,2025-04-29,2025-06-01,2,64.75,0.0,paid_search,desktop,completed,129.5
BKG-001439,SES-025400,USR-06971,EXP-0184,2024-10-11,2024-10-14,2,68.35,0.15,paid_search,mobile,completed,116.2
BKG-001440,SES-025402,USR-06139,EXP-0076,2024-07-13,2024-07-23,2,69.8,0.0,organic,mobile,refunded,139.6
BKG-001441,SES-025444,USR-04138,EXP-0267,2024-11-23,2024-11-26,2,47.94,0.2,referral,desktop,refunded,76.7
BKG-001442,SES-025457,USR-05225,EXP-0141,2024-07-28,2024-08-01,2,51.32,0.0,organic,mobile,cancelled,102.64
BKG-001443,SES-025461,USR-07673,EXP-0232,2024-11-15,2024-12-16,6,52.78,0.0,referral,mobile,completed,316.68
BKG-001444,SES-025470,USR-05331,EXP-0009,2025-03-06,2025-03-26,4,58.79,0.17,paid_search,mobile,completed,195.18
BKG-001445,SES-025474,USR-05702,EXP-0230,2025-02-24,2025-03-19,6,130.33,0.1,affiliates,mobile,completed,703.78
BKG-001446,SES-025478,USR-05264,EXP-0172,2024-10-22,2024-10-27,2,59.14,0.1,organic,mobile,completed,106.45
BKG-001447,SES-025487,USR-00742,EXP-0290,2024-09-07,2024-09-13,2,162.84,0.09,organic,desktop,completed,296.37
BKG-001448,SES-025499,USR-07462,EXP-0234,2025-06-19,2025-07-15,1,98.57,0.0,affiliates,mobile,completed,98.57
BKG-001449,SES-025548,USR-05690,EXP-0156,2025-02-07,2025-02-09,5,57.97,0.13,email,desktop,cancelled,252.17
BKG-001450,SES-025573,USR-07983,EXP-0208,2024-07-09,2024-07-10,2,58.3,0.0,organic,desktop,completed,116.6
BKG-001451,SES-025590,USR-06243,EXP-0198,2024-09-13,2024-09-19,2,81.5,0.0,organic,desktop,completed,163.0
BKG-001452,SES-025601,USR-01960,EXP-0294,2025-06-23,2025-06-29,4,86.76,0.0,paid_search,mobile,completed,347.04
BKG-001453,SES-025629,USR-04021,EXP-0063,2024-10-27,2024-11-15,1,104.17,0.0,paid_search,desktop,completed,104.17
BKG-001454,SES-025634,USR-02727,EXP-0203,2024-11-30,2024-12-06,6,125.17,0.0,referral,tablet,completed,751.02
BKG-001455,SES-025645,USR-03503,EXP-0125,2025-01-24,2025-03-13,2,53.68,0.1,organic,desktop,completed,96.62
BKG-001456,SES-025661,USR-01246,EXP-0262,2025-05-31,2025-06-30,3,104.91,0.09,social,desktop,refunded,286.4
BKG-001457,SES-025664,USR-00819,EXP-0144,2025-01-21,2025-02-06,2,82.57,0.0,referral,desktop,completed,165.14
BKG-001458,SES-025728,USR-02633,EXP-0082,2024-08-25,2024-09-25,2,170.97,0.0,social,desktop,completed,341.94
BKG-001459,SES-025730,USR-03968,EXP-0041,2024-08-04,2024-08-06,2,28.81,0.0,paid_search,mobile,completed,57.62
BKG-001460,SES-025735,USR-07605,EXP-0067,2024-07-04,2024-07-16,2,67.91,0.0,referral,mobile,completed,135.82
BKG-001461,SES-025740,USR-05515,EXP-0107,2025-05-24,2025-06-06,2,34.31,0.0,paid_search,mobile,completed,68.62
BKG-001462,SES-025742,USR-03941,EXP-0070,2025-01-03,2025-01-11,2,88.38,0.0,affiliates,desktop,completed,176.76
BKG-001463,SES-025761,USR-01503,EXP-0136,2024-09-30,2024-10-04,5,40.59,0.0,organic,tablet,completed,202.95
BKG-001464,SES-025768,USR-05125,EXP-0247,2025-01-11,2025-01-24,2,140.46,0.16,paid_search,mobile,completed,235.97
BKG-001465,SES-025777,USR-01602,EXP-0232,2024-12-21,2024-12-26,1,54.98,0.0,social,desktop,completed,54.98
BKG-001466,SES-025782,USR-02028,EXP-0156,2024-07-07,2024-07-14,6,57.5,0.19,referral,mobile,cancelled,279.45
BKG-001467,SES-025826,USR-03939,EXP-0035,2024-10-19,2024-10-20,1,125.87,0.0,email,desktop,refunded,125.87
BKG-001468,SES-025833,USR-06687,EXP-0071,2024-12-28,2025-01-03,3,56.67,0.18,organic,desktop,completed,139.41
BKG-001469,SES-025856,USR-00228,EXP-0100,2024-12-06,2024-12-16,2,129.27,0.0,organic,mobile,completed,258.54
BKG-001470,SES-025858,USR-05865,EXP-0037,2025-04-17,2025-04-30,3,84.94,0.05,paid_search,desktop,completed,242.08
BKG-001471,SES-025872,USR-06685,EXP-0135,2024-08-10,2024-08-14,2,74.95,0.0,organic,mobile,completed,149.9
BKG-001472,SES-025896,USR-06400,EXP-0290,2024-08-04,2024-08-07,3,181.67,0.0,paid_search,mobile,completed,545.01
BKG-001473,SES-025928,USR-05591,EXP-0248,2024-12-24,2024-12-27,1,161.6,0.0,email,mobile,completed,161.6
BKG-001474,SES-025954,USR-06000,EXP-0044,2025-04-30,2025-05-08,1,212.89,0.07,organic,mobile,completed,197.99
BKG-001475,SES-025966,USR-06303,EXP-0287,2025-02-07,2025-02-13,1,89.69,0.0,social,desktop,completed,89.69
BKG-001476,SES-025974,USR-07270,EXP-0083,2025-01-29,2025-01-30,2,90.25,0.15,email,mobile,completed,153.42
BKG-001477,SES-025981,USR-00757,EXP-0007,2024-09-22,2024-09-23,1,134.82,0.0,email,mobile,completed,134.82
BKG-001478,SES-025992,USR-03322,EXP-0149,2025-01-26,2025-02-13,6,64.16,0.0,affiliates,desktop,completed,384.96
BKG-001479,SES-026044,USR-01546,EXP-0257,2024-08-18,2024-08-22,2,94.14,0.16,organic,desktop,refunded,158.16
BKG-001480,SES-026045,USR-05329,EXP-0233,2024-12-15,2025-02-08,3,202.74,0.07,paid_search,mobile,completed,565.64
BKG-001481,SES-026079,USR-07747,EXP-0183,2024-11-04,2024-11-07,2,24.59,0.19,organic,desktop,cancelled,39.84
BKG-001482,SES-026089,USR-00970,EXP-0018,2025-04-11,2025-04-18,1,51.95,0.0,paid_search,mobile,completed,51.95
BKG-001483,SES-026129,USR-01767,EXP-0291,2025-05-20,2025-06-02,2,99.46,0.0,paid_search,desktop,completed,198.92
BKG-001484,SES-026131,USR-01941,EXP-0151,2024-09-06,2024-09-16,4,60.67,0.17,organic,mobile,completed,201.42
BKG-001485,SES-026144,USR-00816,EXP-0062,2025-06-20,2025-06-23,2,109.55,0.19,organic,desktop,completed,177.47
BKG-001486,SES-026194,USR-07143,EXP-0290,2024-10-30,2024-11-02,2,168.16,0.0,organic,desktop,completed,336.32
BKG-001487,SES-026198,USR-04134,EXP-0220,2024-08-20,2024-09-20,5,33.81,0.15,organic,desktop,completed,143.69
BKG-001488,SES-026204,USR-07957,EXP-0285,2024-11-12,2024-11-21,2,41.68,0.0,affiliates,mobile,completed,83.36
BKG-001489,SES-026215,USR-06803,EXP-0240,2025-05-14,2025-05-15,2,94.63,0.0,social,mobile,completed,189.26
BKG-001490,SES-026236,USR-07587,EXP-0014,2025-06-16,2025-06-21,3,115.45,0.0,paid_search,mobile,completed,346.35
BKG-001491,SES-026237,USR-03297,EXP-0293,2025-04-21,2025-04-28,1,92.19,0.16,referral,mobile,completed,77.44
BKG-001492,SES-026245,USR-03161,EXP-0223,2025-04-21,2025-04-24,2,84.14,0.07,paid_search,desktop,completed,156.5
BKG-001493,SES-026287,USR-03282,EXP-0015,2024-12-06,2025-01-02,3,30.99,0.05,organic,desktop,completed,88.32
BKG-001494,SES-026314,USR-00890,EXP-0180,2024-12-09,2024-12-25,1,181.77,0.0,email,mobile,completed,181.77
BKG-001495,SES-026319,USR-07331,EXP-0193,2025-01-03,2025-01-08,3,86.59,0.1,paid_search,mobile,refunded,233.79
BKG-001496,SES-026333,USR-05272,EXP-0076,2025-05-15,2025-05-21,4,84.85,0.2,paid_search,mobile,completed,271.52
BKG-001497,SES-026345,USR-01151,EXP-0113,2024-07-18,2024-07-27,2,144.33,0.0,paid_search,mobile,completed,288.66
BKG-001498,SES-026405,USR-00257,EXP-0123,2024-09-18,2024-09-20,6,89.57,0.0,organic,desktop,completed,537.42
BKG-001499,SES-026409,USR-02550,EXP-0271,2025-06-03,2025-06-16,5,107.13,0.18,email,mobile,completed,439.23
BKG-001500,SES-026412,USR-03257,EXP-0220,2025-03-19,2025-03-26,2,42.12,0.0,email,mobile,completed,84.24
BKG-001501,SES-026428,USR-02550,EXP-0186,2025-02-02,2025-02-06,2,59.39,0.17,paid_search,mobile,completed,98.59
BKG-001502,SES-026441,USR-05212,EXP-0052,2024-11-16,2024-11-18,6,75.77,0.0,organic,desktop,completed,454.62
BKG-001503,SES-026477,USR-03838,EXP-0034,2024-12-11,2024-12-14,2,93.62,0.15,organic,desktop,completed,159.15
BKG-001504,SES-026499,USR-02879,EXP-0270,2024-12-20,2024-12-21,4,78.48,0.0,paid_search,desktop,completed,313.92
BKG-001505,SES-026579,USR-05925,EXP-0261,2025-01-14,2025-02-23,1,109.65,0.0,paid_search,desktop,completed,109.65
BKG-001506,SES-026594,USR-07649,EXP-0227,2024-09-11,2024-09-16,1,94.62,0.0,affiliates,mobile,completed,94.62
BKG-001507,SES-026598,USR-07432,EXP-0007,2025-01-06,2025-02-11,2,149.39,0.0,referral,mobile,completed,298.78
BKG-001508,SES-026620,USR-02208,EXP-0279,2025-02-06,2025-02-16,1,87.24,0.0,paid_search,mobile,completed,87.24
BKG-001509,SES-026628,USR-05888,EXP-0054,2025-05-30,2025-06-07,2,71.11,0.0,referral,mobile,refunded,142.22
BKG-001510,SES-026630,USR-02871,EXP-0097,2025-05-03,2025-05-05,2,86.1,0.07,organic,mobile,completed,160.15
BKG-001511,SES-026635,USR-03285,EXP-0140,2024-07-04,2024-07-21,1,139.46,0.0,email,mobile,completed,139.46
BKG-001512,SES-026644,USR-06234,EXP-0209,2025-02-22,2025-03-20,2,70.83,0.12,referral,desktop,completed,124.66
BKG-001513,SES-026678,USR-02837,EXP-0107,2024-08-12,2024-08-22,2,32.99,0.0,organic,desktop,completed,65.98
BKG-001514,SES-026694,USR-05112,EXP-0083,2025-06-25,2025-07-11,2,93.79,0.0,referral,mobile,completed,187.58
BKG-001515,SES-026723,USR-01574,EXP-0236,2024-12-20,2025-01-03,2,120.17,0.0,paid_search,mobile,completed,240.34
BKG-001516,SES-026760,USR-07740,EXP-0232,2024-10-12,2024-10-14,2,49.63,0.0,referral,mobile,cancelled,99.26
BKG-001517,SES-026779,USR-01102,EXP-0092,2024-09-02,2024-09-07,2,63.52,0.0,paid_search,mobile,completed,127.04
BKG-001518,SES-026803,USR-07816,EXP-0201,2024-12-06,2024-12-11,3,71.35,0.0,paid_search,desktop,completed,214.05
BKG-001519,SES-026807,USR-05271,EXP-0101,2025-05-24,2025-06-06,2,29.45,0.0,referral,mobile,completed,58.9
BKG-001520,SES-026819,USR-04114,EXP-0164,2025-04-08,2025-04-10,4,74.38,0.0,organic,mobile,completed,297.52
BKG-001521,SES-026844,USR-00576,EXP-0099,2024-10-25,2024-11-06,3,82.19,0.0,organic,mobile,cancelled,246.57
BKG-001522,SES-026847,USR-07725,EXP-0071,2024-12-29,2025-01-06,4,47.83,0.0,organic,desktop,completed,191.32
BKG-001523,SES-026857,USR-01144,EXP-0212,2025-04-22,2025-04-29,2,62.56,0.14,paid_search,desktop,refunded,107.6
BKG-001524,SES-026860,USR-03357,EXP-0038,2024-12-23,2025-01-31,3,148.1,0.0,organic,desktop,completed,444.3
BKG-001525,SES-026898,USR-04412,EXP-0015,2024-07-05,2024-07-07,2,33.21,0.0,affiliates,mobile,completed,66.42
BKG-001526,SES-026933,USR-07629,EXP-0093,2025-05-02,2025-05-30,2,49.89,0.0,referral,mobile,completed,99.78
BKG-001527,SES-026949,USR-00319,EXP-0015,2025-05-27,2025-06-16,4,32.18,0.0,paid_search,desktop,completed,128.72
BKG-001528,SES-026956,USR-04614,EXP-0045,2025-02-13,2025-02-17,2,151.1,0.0,organic,desktop,completed,302.2
BKG-001529,SES-026957,USR-03829,EXP-0210,2025-05-21,2025-05-25,3,116.0,0.12,organic,mobile,completed,306.24
BKG-001530,SES-026962,USR-02868,EXP-0159,2024-12-06,2024-12-30,3,60.64,0.0,paid_search,desktop,completed,181.92
BKG-001531,SES-026975,USR-06239,EXP-0233,2025-06-24,2025-07-09,1,198.14,0.0,organic,mobile,completed,198.14
BKG-001532,SES-026988,USR-05140,EXP-0226,2024-12-31,2025-01-14,2,138.78,0.13,referral,mobile,completed,241.48
BKG-001533,SES-027001,USR-06740,EXP-0205,2024-10-22,2024-11-13,2,137.71,0.0,affiliates,mobile,completed,275.42
BKG-001534,SES-027013,USR-03026,EXP-0142,2024-07-11,2024-07-15,2,91.46,0.0,referral,desktop,completed,182.92
BKG-001535,SES-027018,USR-06020,EXP-0111,2024-12-28,2025-01-08,1,94.91,0.13,paid_search,desktop,completed,82.57
BKG-001536,SES-027029,USR-00493,EXP-0070,2025-02-27,2025-03-04,6,83.58,0.0,paid_search,mobile,cancelled,501.48
BKG-001537,SES-027041,USR-05068,EXP-0016,2025-04-22,2025-04-25,2,86.34,0.18,referral,mobile,completed,141.6
BKG-001538,SES-027067,USR-05320,EXP-0185,2024-11-12,2024-11-30,6,103.01,0.0,social,mobile,completed,618.06
BKG-001539,SES-027068,USR-04350,EXP-0050,2024-07-12,2024-07-14,6,76.98,0.13,social,tablet,completed,401.84
BKG-001540,SES-027122,USR-00011,EXP-0269,2025-03-24,2025-04-04,6,61.58,0.0,organic,desktop,completed,369.48
BKG-001541,SES-027149,USR-05358,EXP-0040,2024-12-19,2025-01-01,5,173.54,0.16,paid_search,desktop,completed,728.87
BKG-001542,SES-027169,USR-01570,EXP-0263,2025-03-22,2025-04-04,2,60.32,0.11,organic,mobile,completed,107.37
BKG-001543,SES-027171,USR-01871,EXP-0240,2024-11-09,2024-11-20,4,90.8,0.0,paid_search,desktop,completed,363.2
BKG-001544,SES-027189,USR-01130,EXP-0186,2024-10-07,2024-10-16,1,59.52,0.0,social,mobile,completed,59.52
BKG-001545,SES-027190,USR-06291,EXP-0268,2025-05-05,2025-05-06,2,74.36,0.0,organic,desktop,completed,148.72
BKG-001546,SES-027197,USR-07278,EXP-0008,2025-01-06,2025-01-10,3,60.93,0.0,organic,desktop,completed,182.79
BKG-001547,SES-027201,USR-03772,EXP-0171,2025-04-16,2025-06-12,3,124.12,0.1,paid_search,mobile,completed,335.12
BKG-001548,SES-027205,USR-03884,EXP-0010,2025-04-03,2025-04-14,2,52.4,0.09,referral,mobile,completed,95.37
BKG-001549,SES-027227,USR-07036,EXP-0092,2024-07-06,2024-07-08,4,63.79,0.0,paid_search,desktop,completed,255.16
BKG-001550,SES-027256,USR-07861,EXP-0286,2024-10-27,2024-10-31,4,48.43,0.18,referral,mobile,completed,158.85
BKG-001551,SES-027272,USR-05956,EXP-0238,2024-07-23,2024-08-08,2,73.62,0.15,paid_search,desktop,completed,125.15
BKG-001552,SES-027277,USR-06674,EXP-0072,2025-01-10,2025-01-18,2,83.89,0.0,referral,desktop,completed,167.78
BKG-001553,SES-027283,USR-00825,EXP-0140,2025-01-13,2025-01-29,4,139.79,0.0,organic,mobile,completed,559.16
BKG-001554,SES-027304,USR-02926,EXP-0295,2025-03-31,2025-04-02,4,47.35,0.0,organic,desktop,refunded,189.4
BKG-001555,SES-027309,USR-02300,EXP-0229,2024-10-21,2024-10-30,2,84.69,0.0,paid_search,mobile,completed,169.38
BKG-001556,SES-027311,USR-00449,EXP-0051,2024-12-09,2024-12-12,2,30.09,0.0,organic,desktop,completed,60.18
BKG-001557,SES-027346,USR-01197,EXP-0029,2024-10-28,2024-11-22,2,74.81,0.0,organic,mobile,completed,149.62
BKG-001558,SES-027351,USR-01968,EXP-0056,2024-07-06,2024-07-09,2,38.09,0.0,paid_search,mobile,completed,76.18
BKG-001559,SES-027368,USR-02415,EXP-0123,2025-05-16,2025-05-19,2,90.85,0.0,referral,mobile,completed,181.7
BKG-001560,SES-027385,USR-07574,EXP-0153,2025-02-10,2025-02-18,3,51.57,0.0,email,mobile,completed,154.71
BKG-001561,SES-027456,USR-07729,EXP-0202,2025-06-27,2025-06-28,2,50.23,0.0,paid_search,mobile,completed,100.46
BKG-001562,SES-027485,USR-04152,EXP-0084,2024-12-12,2024-12-14,3,61.23,0.0,paid_search,desktop,completed,183.69
BKG-001563,SES-027504,USR-02936,EXP-0213,2025-04-15,2025-05-02,2,85.58,0.0,organic,tablet,completed,171.16
BKG-001564,SES-027527,USR-07242,EXP-0204,2024-08-30,2024-10-04,2,84.3,0.12,paid_search,mobile,completed,148.37
BKG-001565,SES-027539,USR-05515,EXP-0248,2025-02-07,2025-02-24,2,166.05,0.0,organic,desktop,completed,332.1
BKG-001566,SES-027545,USR-07045,EXP-0059,2024-07-09,2024-08-05,2,31.63,0.0,email,desktop,completed,63.26
BKG-001567,SES-027599,USR-02779,EXP-0137,2025-01-13,2025-01-30,1,55.35,0.0,paid_search,mobile,completed,55.35
BKG-001568,SES-027617,USR-06101,EXP-0100,2025-02-15,2025-02-21,3,121.4,0.0,social,desktop,completed,364.2
BKG-001569,SES-027646,USR-07528,EXP-0238,2024-09-17,2024-10-29,1,74.19,0.0,email,desktop,completed,74.19
BKG-001570,SES-027659,USR-05973,EXP-0164,2025-05-03,2025-05-12,3,77.76,0.0,paid_search,mobile,completed,233.28
BKG-001571,SES-027693,USR-07259,EXP-0068,2025-06-20,2025-06-22,2,108.78,0.0,organic,mobile,completed,217.56
BKG-001572,SES-027736,USR-05288,EXP-0101,2025-01-27,2025-03-03,2,29.14,0.0,affiliates,mobile,cancelled,58.28
BKG-001573,SES-027760,USR-05169,EXP-0245,2025-05-11,2025-06-05,1,134.51,0.0,paid_search,mobile,completed,134.51
BKG-001574,SES-027768,USR-05523,EXP-0209,2025-05-09,2025-05-11,2,78.42,0.0,email,mobile,completed,156.84
BKG-001575,SES-027783,USR-05562,EXP-0169,2024-09-25,2024-09-28,3,82.01,0.0,organic,tablet,completed,246.03
BKG-001576,SES-027813,USR-00419,EXP-0165,2024-10-24,2024-11-04,2,49.35,0.0,paid_search,desktop,refunded,98.7
BKG-001577,SES-027872,USR-01743,EXP-0099,2024-10-05,2024-10-08,6,87.58,0.19,referral,mobile,completed,425.64
BKG-001578,SES-027883,USR-02686,EXP-0057,2025-02-22,2025-04-03,3,89.92,0.17,affiliates,desktop,completed,223.9
BKG-001579,SES-027899,USR-00588,EXP-0258,2024-12-23,2024-12-30,2,128.11,0.06,affiliates,mobile,completed,240.85
BKG-001580,SES-027903,USR-01062,EXP-0134,2025-04-07,2025-04-08,1,45.04,0.0,paid_search,desktop,completed,45.04
BKG-001581,SES-027918,USR-03426,EXP-0300,2025-06-25,2025-06-26,2,58.68,0.0,paid_search,desktop,completed,117.36
BKG-001582,SES-027922,USR-07056,EXP-0109,2025-01-06,2025-01-21,2,76.32,0.0,paid_search,mobile,completed,152.64
BKG-001583,SES-027941,USR-06769,EXP-0155,2024-12-02,2024-12-28,1,62.16,0.2,email,tablet,completed,49.73
BKG-001584,SES-027948,USR-05591,EXP-0255,2024-09-09,2024-09-30,2,86.96,0.0,organic,mobile,completed,173.92
BKG-001585,SES-027952,USR-00177,EXP-0041,2024-08-15,2024-08-20,2,29.08,0.05,email,desktop,completed,55.25
BKG-001586,SES-027955,USR-00646,EXP-0119,2025-03-02,2025-03-07,2,114.67,0.0,organic,mobile,completed,229.34
BKG-001587,SES-027980,USR-07524,EXP-0202,2024-07-09,2024-07-16,4,47.5,0.0,organic,mobile,completed,190.0
BKG-001588,SES-027998,USR-01468,EXP-0080,2025-03-04,2025-04-04,3,85.11,0.17,referral,mobile,completed,211.92
BKG-001589,SES-028045,USR-00576,EXP-0032,2025-06-08,2025-06-13,2,69.4,0.0,email,tablet,completed,138.8
BKG-001590,SES-028050,USR-00929,EXP-0161,2025-02-28,2025-03-09,6,166.29,0.0,affiliates,desktop,completed,997.74
BKG-001591,SES-028106,USR-01996,EXP-0042,2024-09-22,2024-09-30,1,130.07,0.0,paid_search,desktop,completed,130.07
BKG-001592,SES-028128,USR-05183,EXP-0045,2024-08-25,2024-09-02,2,148.98,0.0,paid_search,tablet,completed,297.96
BKG-001593,SES-028133,USR-02739,EXP-0243,2025-02-06,2025-02-07,3,78.16,0.0,organic,mobile,completed,234.48
BKG-001594,SES-028143,USR-05949,EXP-0114,2024-12-02,2024-12-14,3,37.97,0.0,organic,desktop,completed,113.91
BKG-001595,SES-028146,USR-07892,EXP-0166,2025-05-17,2025-05-20,2,83.17,0.0,paid_search,desktop,completed,166.34
BKG-001596,SES-028156,USR-03210,EXP-0041,2025-04-27,2025-05-11,2,29.07,0.0,organic,desktop,completed,58.14
BKG-001597,SES-028166,USR-05839,EXP-0132,2025-06-21,2025-06-23,1,113.0,0.0,social,desktop,completed,113.0
BKG-001598,SES-028173,USR-01048,EXP-0079,2024-10-22,2024-11-25,3,107.38,0.0,paid_search,mobile,completed,322.14
BKG-001599,SES-028180,USR-03993,EXP-0040,2024-12-17,2024-12-21,2,183.09,0.13,organic,mobile,completed,318.58
BKG-001600,SES-028193,USR-00734,EXP-0224,2024-10-09,2024-10-12,3,76.71,0.0,referral,tablet,completed,230.13
BKG-001601,SES-028225,USR-05159,EXP-0099,2025-04-25,2025-05-04,2,81.98,0.13,affiliates,mobile,completed,142.65
BKG-001602,SES-028240,USR-02020,EXP-0086,2024-11-20,2024-11-26,3,31.81,0.0,organic,desktop,cancelled,95.43
BKG-001603,SES-028243,USR-02929,EXP-0282,2024-10-20,2024-10-24,2,171.44,0.0,paid_search,mobile,completed,342.88
BKG-001604,SES-028260,USR-07156,EXP-0029,2024-07-09,2024-07-25,6,78.71,0.15,paid_search,desktop,completed,401.42
BKG-001605,SES-028301,USR-03328,EXP-0226,2024-11-20,2024-12-05,4,131.67,0.0,social,mobile,completed,526.68
BKG-001606,SES-028324,USR-02212,EXP-0059,2024-10-19,2024-10-21,2,34.49,0.0,email,mobile,completed,68.98
BKG-001607,SES-028329,USR-02794,EXP-0018,2025-05-07,2025-05-11,6,58.63,0.0,organic,desktop,completed,351.78
BKG-001608,SES-028344,USR-02309,EXP-0206,2024-09-28,2024-10-03,3,64.92,0.16,paid_search,mobile,completed,163.6
BKG-001609,SES-028350,USR-05240,EXP-0148,2025-01-22,2025-02-24,4,97.25,0.0,organic,mobile,completed,389.0
BKG-001610,SES-028368,USR-05320,EXP-0240,2025-05-07,2025-06-21,1,94.29,0.0,affiliates,mobile,completed,94.29
BKG-001611,SES-028394,USR-06841,EXP-0258,2024-09-26,2024-10-01,2,140.2,0.0,social,mobile,cancelled,280.4
BKG-001612,SES-028409,USR-07108,EXP-0094,2024-09-28,2024-10-08,1,88.08,0.0,paid_search,mobile,completed,88.08
BKG-001613,SES-028429,USR-01216,EXP-0021,2024-07-04,2024-07-17,2,87.57,0.0,social,mobile,completed,175.14
BKG-001614,SES-028450,USR-02818,EXP-0061,2024-12-30,2025-01-19,2,53.18,0.1,email,desktop,completed,95.72
BKG-001615,SES-028460,USR-03983,EXP-0138,2025-04-10,2025-04-26,6,53.42,0.0,organic,desktop,completed,320.52
BKG-001616,SES-028547,USR-05609,EXP-0102,2024-10-15,2024-11-10,1,50.15,0.0,organic,mobile,completed,50.15
BKG-001617,SES-028579,USR-07714,EXP-0074,2025-01-15,2025-01-19,1,141.42,0.0,referral,mobile,completed,141.42
BKG-001618,SES-028603,USR-03066,EXP-0159,2025-02-17,2025-02-19,3,53.34,0.0,organic,desktop,completed,160.02
BKG-001619,SES-028610,USR-01414,EXP-0239,2025-01-23,2025-02-19,1,166.52,0.0,paid_search,mobile,completed,166.52
BKG-001620,SES-028612,USR-06230,EXP-0257,2024-09-21,2024-09-26,2,96.24,0.0,social,desktop,completed,192.48
BKG-001621,SES-028649,USR-02334,EXP-0174,2025-04-09,2025-04-12,3,101.14,0.1,paid_search,mobile,cancelled,273.08
BKG-001622,SES-028688,USR-03551,EXP-0066,2025-02-16,2025-02-21,4,53.39,0.18,organic,mobile,completed,175.12
BKG-001623,SES-028692,USR-05734,EXP-0139,2025-01-12,2025-01-16,2,92.2,0.1,paid_search,desktop,completed,165.96
BKG-001624,SES-028702,USR-01375,EXP-0049,2025-05-16,2025-05-26,6,122.2,0.0,organic,tablet,completed,733.2
BKG-001625,SES-028726,USR-05931,EXP-0149,2025-01-04,2025-01-09,4,55.05,0.0,organic,desktop,completed,220.2
BKG-001626,SES-028745,USR-07331,EXP-0077,2024-09-21,2024-10-01,6,151.58,0.0,affiliates,mobile,completed,909.48
BKG-001627,SES-028759,USR-06725,EXP-0129,2025-05-21,2025-05-30,6,176.89,0.0,paid_search,desktop,completed,1061.34
BKG-001628,SES-028765,USR-02674,EXP-0234,2025-03-05,2025-03-11,3,89.87,0.0,referral,tablet,completed,269.61
BKG-001629,SES-028770,USR-03638,EXP-0287,2024-08-28,2024-08-30,2,83.99,0.0,affiliates,mobile,completed,167.98
BKG-001630,SES-028798,USR-01998,EXP-0073,2025-01-01,2025-01-22,6,85.31,0.0,organic,desktop,completed,511.86
BKG-001631,SES-028799,USR-00811,EXP-0214,2025-06-02,2025-06-16,2,80.84,0.17,organic,desktop,completed,134.19
BKG-001632,SES-028800,USR-02676,EXP-0058,2024-10-10,2024-11-03,1,166.15,0.0,organic,mobile,completed,166.15
BKG-001633,SES-028804,USR-04447,EXP-0278,2025-02-21,2025-03-11,2,63.39,0.0,paid_search,mobile,completed,126.78
BKG-001634,SES-028817,USR-06986,EXP-0253,2024-09-24,2024-09-25,2,51.34,0.0,paid_search,mobile,completed,102.68
BKG-001635,SES-028832,USR-00090,EXP-0274,2024-12-23,2025-01-10,3,31.98,0.17,paid_search,mobile,cancelled,79.63
BKG-001636,SES-028847,USR-02915,EXP-0099,2025-04-06,2025-05-01,1,85.29,0.0,paid_search,desktop,completed,85.29
BKG-001637,SES-028868,USR-06001,EXP-0082,2025-06-29,2025-07-13,1,173.2,0.13,referral,mobile,completed,150.68
BKG-001638,SES-028890,USR-01384,EXP-0271,2024-12-01,2025-01-06,2,101.33,0.0,paid_search,desktop,completed,202.66
BKG-001639,SES-028898,USR-04408,EXP-0061,2024-08-31,2024-09-01,6,55.71,0.0,organic,desktop,completed,334.26
BKG-001640,SES-028911,USR-01938,EXP-0239,2024-07-09,2024-07-29,2,160.77,0.0,paid_search,mobile,completed,321.54
BKG-001641,SES-028914,USR-03394,EXP-0266,2025-02-10,2025-03-08,1,63.32,0.0,affiliates,desktop,cancelled,63.32
BKG-001642,SES-028916,USR-06090,EXP-0225,2024-09-01,2024-09-03,3,134.27,0.0,paid_search,tablet,completed,402.81
BKG-001643,SES-028944,USR-07524,EXP-0052,2024-08-22,2024-08-23,5,80.07,0.0,referral,desktop,completed,400.35
BKG-001644,SES-028979,USR-03389,EXP-0005,2025-01-11,2025-01-20,1,79.35,0.0,paid_search,desktop,completed,79.35
BKG-001645,SES-028995,USR-02193,EXP-0005,2025-01-31,2025-02-19,3,76.67,0.05,affiliates,mobile,completed,218.51
BKG-001646,SES-029036,USR-02814,EXP-0063,2024-09-25,2024-10-05,3,106.72,0.07,referral,desktop,completed,297.75
BKG-001647,SES-029045,USR-02830,EXP-0159,2024-09-18,2024-09-25,2,63.0,0.0,paid_search,desktop,cancelled,126.0
BKG-001648,SES-029056,USR-03022,EXP-0214,2025-02-16,2025-02-21,2,81.68,0.06,affiliates,mobile,completed,153.56
BKG-001649,SES-029059,USR-00364,EXP-0276,2024-10-19,2024-10-20,2,98.94,0.2,referral,desktop,completed,158.3
BKG-001650,SES-029194,USR-06415,EXP-0206,2025-01-28,2025-01-30,2,65.35,0.19,paid_search,mobile,cancelled,105.87
BKG-001651,SES-029204,USR-05692,EXP-0184,2024-12-10,2024-12-18,6,69.17,0.0,email,mobile,completed,415.02
BKG-001652,SES-029209,USR-03776,EXP-0269,2025-02-11,2025-02-18,2,62.86,0.0,paid_search,mobile,completed,125.72
BKG-001653,SES-029228,USR-06797,EXP-0253,2024-07-04,2024-08-09,2,52.14,0.0,paid_search,tablet,completed,104.28
BKG-001654,SES-029255,USR-00259,EXP-0126,2024-08-01,2024-08-21,2,64.75,0.0,social,mobile,completed,129.5
BKG-001655,SES-029273,USR-07259,EXP-0192,2025-06-15,2025-06-29,2,64.2,0.0,social,desktop,completed,128.4
BKG-001656,SES-029279,USR-01356,EXP-0028,2025-02-22,2025-03-03,1,59.17,0.1,social,mobile,completed,53.25
BKG-001657,SES-029322,USR-07608,EXP-0125,2024-07-31,2024-08-25,1,52.95,0.12,affiliates,desktop,completed,46.6
BKG-001658,SES-029363,USR-05914,EXP-0213,2025-06-01,2025-06-06,1,87.36,0.0,paid_search,mobile,refunded,87.36
BKG-001659,SES-029379,USR-01366,EXP-0220,2025-03-29,2025-04-26,1,33.47,0.0,organic,desktop,completed,33.47
BKG-001660,SES-029382,USR-04079,EXP-0044,2024-08-22,2024-08-27,3,208.98,0.0,organic,mobile,completed,626.94
BKG-001661,SES-029425,USR-03408,EXP-0142,2024-12-27,2024-12-29,2,87.05,0.11,affiliates,mobile,completed,154.95
BKG-001662,SES-029428,USR-07183,EXP-0149,2025-01-19,2025-01-31,2,61.99,0.17,organic,desktop,completed,102.9
BKG-001663,SES-029444,USR-04332,EXP-0224,2025-01-06,2025-01-09,3,77.03,0.0,paid_search,mobile,completed,231.09
BKG-001664,SES-029462,USR-03858,EXP-0057,2025-05-14,2025-05-19,2,97.84,0.12,organic,mobile,completed,172.2
BKG-001665,SES-029500,USR-07765,EXP-0118,2025-04-29,2025-05-01,2,52.6,0.18,affiliates,desktop,completed,86.26
BKG-001666,SES-029503,USR-01992,EXP-0242,2024-11-17,2024-11-23,4,75.94,0.08,paid_search,mobile,cancelled,279.46
BKG-001667,SES-029561,USR-07469,EXP-0222,2024-10-23,2024-10-30,1,39.03,0.0,organic,desktop,completed,39.03
BKG-001668,SES-029569,USR-05892,EXP-0211,2024-10-10,2024-10-11,2,89.23,0.19,referral,mobile,completed,144.55
BKG-001669,SES-029600,USR-05108,EXP-0289,2024-08-13,2024-09-27,1,60.5,0.0,paid_search,mobile,completed,60.5
BKG-001670,SES-029613,USR-06465,EXP-0214,2024-08-12,2024-08-15,2,83.22,0.0,organic,desktop,completed,166.44
BKG-001671,SES-029627,USR-04062,EXP-0289,2025-03-26,2025-05-13,1,65.11,0.0,paid_search,tablet,completed,65.11
BKG-001672,SES-029641,USR-02619,EXP-0089,2024-09-02,2024-09-09,2,73.07,0.0,paid_search,desktop,completed,146.14
BKG-001673,SES-029671,USR-03483,EXP-0112,2025-05-23,2025-05-28,5,48.0,0.08,organic,mobile,completed,220.8
BKG-001674,SES-029675,USR-00693,EXP-0072,2024-10-26,2024-12-09,2,92.83,0.2,organic,mobile,completed,148.53
BKG-001675,SES-029679,USR-02871,EXP-0132,2025-06-10,2025-06-25,2,122.43,0.0,organic,mobile,completed,244.86
BKG-001676,SES-029686,USR-07388,EXP-0174,2025-01-31,2025-02-19,2,98.41,0.0,paid_search,mobile,completed,196.82
BKG-001677,SES-029692,USR-07991,EXP-0058,2025-02-07,2025-02-12,2,143.42,0.0,paid_search,desktop,completed,286.84
BKG-001678,SES-029706,USR-01996,EXP-0004,2025-04-02,2025-05-02,5,52.99,0.0,referral,desktop,completed,264.95
BKG-001679,SES-029709,USR-01853,EXP-0144,2025-01-08,2025-01-09,3,90.27,0.07,paid_search,mobile,completed,251.85
BKG-001680,SES-029750,USR-01975,EXP-0269,2025-04-05,2025-04-18,6,61.08,0.11,paid_search,mobile,cancelled,326.17
BKG-001681,SES-029754,USR-01620,EXP-0291,2024-12-08,2024-12-22,2,104.96,0.13,organic,desktop,completed,182.63
BKG-001682,SES-029763,USR-03566,EXP-0146,2024-12-23,2024-12-26,1,46.83,0.17,paid_search,tablet,cancelled,38.87
BKG-001683,SES-029796,USR-07591,EXP-0144,2025-04-20,2025-04-27,2,82.53,0.0,organic,mobile,completed,165.06
BKG-001684,SES-029797,USR-00445,EXP-0089,2025-01-25,2025-02-13,1,77.75,0.19,affiliates,mobile,refunded,62.98
BKG-001685,SES-029820,USR-05046,EXP-0084,2025-01-22,2025-01-29,1,67.99,0.0,organic,mobile,completed,67.99
BKG-001686,SES-029851,USR-07452,EXP-0046,2024-11-22,2024-11-24,2,178.49,0.07,email,desktop,completed,331.99
BKG-001687,SES-029855,USR-06751,EXP-0293,2024-10-27,2024-11-12,2,96.58,0.14,paid_search,tablet,completed,166.12
BKG-001688,SES-029859,USR-00058,EXP-0003,2025-05-08,2025-06-02,2,101.66,0.0,affiliates,mobile,completed,203.32
BKG-001689,SES-029895,USR-03869,EXP-0131,2024-12-04,2024-12-29,4,85.99,0.08,organic,mobile,completed,316.44
BKG-001690,SES-029897,USR-06970,EXP-0153,2024-10-10,2024-10-14,1,53.98,0.09,referral,mobile,completed,49.12
BKG-001691,SES-029909,USR-01618,EXP-0224,2025-02-05,2025-02-14,2,68.8,0.0,social,tablet,completed,137.6
BKG-001692,SES-029918,USR-00637,EXP-0122,2024-10-17,2024-10-29,2,107.88,0.0,affiliates,mobile,completed,215.76
BKG-001693,SES-029930,USR-03502,EXP-0292,2024-09-09,2024-10-07,3,100.79,0.2,paid_search,desktop,completed,241.9
BKG-001694,SES-029934,USR-05965,EXP-0066,2025-05-15,2025-05-22,4,57.23,0.0,affiliates,mobile,completed,228.92
BKG-001695,SES-029939,USR-00382,EXP-0196,2024-10-17,2024-11-05,4,58.23,0.0,affiliates,desktop,completed,232.92
BKG-001696,SES-029959,USR-05849,EXP-0251,2025-06-28,2025-07-13,2,79.91,0.0,organic,mobile,completed,159.82
BKG-001697,SES-029969,USR-05169,EXP-0212,2025-02-09,2025-02-22,6,62.66,0.0,paid_search,desktop,completed,375.96
BKG-001698,SES-029986,USR-00367,EXP-0080,2025-05-14,2025-05-23,2,76.0,0.0,email,desktop,refunded,152.0
BKG-001699,SES-029990,USR-05329,EXP-0045,2025-04-15,2025-04-20,6,140.95,0.0,referral,mobile,completed,845.7
BKG-001700,SES-029994,USR-04538,EXP-0253,2024-12-27,2025-01-02,2,58.41,0.0,organic,mobile,completed,116.82
BKG-001701,SES-030036,USR-01339,EXP-0061,2025-01-07,2025-01-08,2,51.62,0.07,paid_search,mobile,completed,96.01
BKG-001702,SES-030059,USR-05164,EXP-0071,2024-10-26,2024-11-05,3,55.29,0.0,paid_search,mobile,completed,165.87
BKG-001703,SES-030067,USR-00228,EXP-0004,2024-08-07,2024-08-13,3,52.28,0.0,referral,mobile,completed,156.84
BKG-001704,SES-030074,USR-05012,EXP-0246,2025-05-13,2025-05-18,2,138.04,0.0,referral,mobile,completed,276.08
BKG-001705,SES-030081,USR-01241,EXP-0069,2025-06-16,2025-07-03,2,105.45,0.0,affiliates,mobile,completed,210.9
BKG-001706,SES-030118,USR-03468,EXP-0188,2024-11-26,2024-12-03,2,41.92,0.05,organic,mobile,completed,79.65
BKG-001707,SES-030156,USR-07644,EXP-0292,2024-08-18,2024-08-25,2,98.89,0.0,organic,desktop,cancelled,197.78
BKG-001708,SES-030162,USR-01356,EXP-0150,2025-02-23,2025-03-01,2,87.32,0.0,organic,mobile,completed,174.64
BKG-001709,SES-030188,USR-06725,EXP-0263,2024-07-03,2024-07-15,1,60.57,0.0,organic,mobile,completed,60.57
BKG-001710,SES-030195,USR-00025,EXP-0069,2024-08-31,2024-09-15,5,95.33,0.0,email,mobile,completed,476.65
BKG-001711,SES-030206,USR-06454,EXP-0009,2024-10-25,2024-10-27,2,60.4,0.0,referral,mobile,completed,120.8
BKG-001712,SES-030224,USR-04782,EXP-0071,2025-01-23,2025-02-14,3,54.01,0.0,paid_search,mobile,completed,162.03
BKG-001713,SES-030230,USR-07099,EXP-0189,2024-11-23,2024-12-02,2,89.62,0.0,paid_search,mobile,completed,179.24
BKG-001714,SES-030246,USR-07074,EXP-0081,2024-07-26,2024-08-01,2,90.58,0.08,organic,mobile,completed,166.67
BKG-001715,SES-030311,USR-03015,EXP-0017,2025-03-28,2025-05-15,1,87.46,0.16,referral,desktop,completed,73.47
BKG-001716,SES-030330,USR-06042,EXP-0014,2024-07-04,2024-07-17,2,115.76,0.0,affiliates,mobile,completed,231.52
BKG-001717,SES-030341,USR-03694,EXP-0033,2025-02-15,2025-02-25,1,78.44,0.0,paid_search,mobile,completed,78.44
BKG-001718,SES-030364,USR-04956,EXP-0291,2025-03-27,2025-04-13,2,96.85,0.0,paid_search,desktop,completed,193.7
BKG-001719,SES-030367,USR-01481,EXP-0286,2024-10-11,2024-10-15,6,56.71,0.0,organic,desktop,completed,340.26
BKG-001720,SES-030373,USR-01009,EXP-0150,2025-05-10,2025-06-11,2,92.56,0.0,email,mobile,completed,185.12
BKG-001721,SES-030420,USR-04870,EXP-0070,2025-01-09,2025-01-16,2,79.97,0.0,email,desktop,completed,159.94
BKG-001722,SES-030452,USR-02393,EXP-0217,2025-03-06,2025-03-13,1,48.8,0.0,organic,mobile,completed,48.8
BKG-001723,SES-030465,USR-04478,EXP-0117,2024-12-30,2025-01-22,2,99.98,0.19,affiliates,tablet,completed,161.97
BKG-001724,SES-030477,USR-02682,EXP-0160,2024-08-09,2024-08-11,1,82.97,0.14,referral,mobile,completed,71.35
BKG-001725,SES-030498,USR-06010,EXP-0048,2024-11-11,2024-11-14,2,94.74,0.16,paid_search,mobile,completed,159.16
BKG-001726,SES-030503,USR-00517,EXP-0243,2024-08-29,2024-09-09,1,85.17,0.0,social,desktop,cancelled,85.17
BKG-001727,SES-030516,USR-03682,EXP-0003,2025-05-22,2025-06-03,3,98.81,0.0,organic,desktop,cancelled,296.43
BKG-001728,SES-030518,USR-00020,EXP-0176,2024-10-08,2024-10-10,2,57.46,0.0,paid_search,mobile,completed,114.92
BKG-001729,SES-030521,USR-07086,EXP-0127,2024-08-04,2024-08-27,2,67.17,0.0,email,desktop,completed,134.34
BKG-001730,SES-030540,USR-06795,EXP-0199,2025-05-26,2025-06-01,3,70.85,0.0,organic,mobile,completed,212.55
BKG-001731,SES-030555,USR-02193,EXP-0214,2025-04-18,2025-05-12,3,86.31,0.13,organic,desktop,completed,225.27
BKG-001732,SES-030565,USR-03534,EXP-0078,2025-06-25,2025-06-28,4,49.33,0.0,organic,desktop,completed,197.32
BKG-001733,SES-030585,USR-00493,EXP-0103,2024-12-24,2025-01-10,3,84.9,0.0,organic,mobile,completed,254.7
BKG-001734,SES-030600,USR-04514,EXP-0010,2025-04-18,2025-05-30,1,57.06,0.08,paid_search,tablet,completed,52.5
BKG-001735,SES-030607,USR-07187,EXP-0144,2024-12-08,2024-12-19,3,80.95,0.0,paid_search,desktop,completed,242.85
BKG-001736,SES-030623,USR-03384,EXP-0049,2025-04-03,2025-04-13,1,115.17,0.18,organic,mobile,cancelled,94.44
BKG-001737,SES-030625,USR-04740,EXP-0045,2024-11-23,2024-11-24,3,155.66,0.0,organic,desktop,completed,466.98
BKG-001738,SES-030662,USR-00904,EXP-0250,2025-03-15,2025-03-24,3,53.16,0.0,email,desktop,completed,159.48
BKG-001739,SES-030664,USR-00210,EXP-0272,2025-06-09,2025-06-13,3,88.01,0.0,paid_search,mobile,cancelled,264.03
BKG-001740,SES-030667,USR-00307,EXP-0027,2025-02-18,2025-02-21,4,205.83,0.0,paid_search,mobile,completed,823.32
BKG-001741,SES-030673,USR-02372,EXP-0176,2025-05-07,2025-05-13,4,66.75,0.0,paid_search,desktop,completed,267.0
BKG-001742,SES-030674,USR-07219,EXP-0069,2024-08-17,2024-08-29,2,101.6,0.07,organic,mobile,completed,188.98
BKG-001743,SES-030687,USR-02326,EXP-0093,2025-03-23,2025-04-06,1,48.97,0.16,affiliates,desktop,completed,41.13
BKG-001744,SES-030706,USR-04189,EXP-0057,2024-08-02,2024-08-03,2,92.3,0.0,email,desktop,completed,184.6
BKG-001745,SES-030711,USR-06205,EXP-0109,2024-10-15,2024-11-06,2,96.42,0.0,referral,desktop,completed,192.84
BKG-001746,SES-030725,USR-03614,EXP-0264,2024-08-23,2024-09-29,1,122.05,0.0,affiliates,mobile,completed,122.05
BKG-001747,SES-030739,USR-04388,EXP-0261,2024-10-31,2024-11-10,2,113.85,0.0,email,desktop,completed,227.7
BKG-001748,SES-030752,USR-02442,EXP-0084,2025-01-24,2025-01-31,2,69.13,0.0,social,mobile,completed,138.26
BKG-001749,SES-030764,USR-05627,EXP-0187,2024-12-30,2025-01-13,1,46.11,0.0,affiliates,desktop,completed,46.11
BKG-001750,SES-030769,USR-05776,EXP-0142,2024-09-21,2024-09-24,2,86.17,0.2,organic,mobile,completed,137.87
BKG-001751,SES-030777,USR-02566,EXP-0097,2025-06-04,2025-07-07,4,81.17,0.16,organic,mobile,completed,272.73
BKG-001752,SES-030790,USR-03275,EXP-0271,2024-07-06,2024-09-04,2,113.67,0.0,paid_search,desktop,completed,227.34
BKG-001753,SES-030829,USR-06470,EXP-0047,2025-01-22,2025-01-31,1,141.87,0.0,email,tablet,completed,141.87
BKG-001754,SES-030852,USR-01858,EXP-0153,2025-01-01,2025-01-03,2,58.38,0.0,email,tablet,completed,116.76
BKG-001755,SES-030896,USR-02782,EXP-0165,2024-10-27,2024-10-29,1,57.07,0.09,email,mobile,cancelled,51.93
BKG-001756,SES-030901,USR-07171,EXP-0027,2024-10-24,2024-10-26,3,209.72,0.0,organic,mobile,completed,629.16
BKG-001757,SES-030935,USR-06767,EXP-0264,2025-06-15,2025-06-16,3,123.15,0.0,organic,mobile,completed,369.45
BKG-001758,SES-030941,USR-05320,EXP-0086,2024-12-30,2025-01-04,2,33.2,0.0,referral,desktop,refunded,66.4
BKG-001759,SES-030972,USR-06867,EXP-0188,2025-06-18,2025-06-19,2,44.0,0.15,email,desktop,completed,74.8
BKG-001760,SES-030974,USR-07287,EXP-0090,2025-05-15,2025-06-08,2,140.46,0.0,referral,desktop,completed,280.92
BKG-001761,SES-030981,USR-03710,EXP-0069,2025-02-06,2025-03-12,2,111.87,0.0,affiliates,mobile,completed,223.74
BKG-001762,SES-031000,USR-01759,EXP-0082,2025-01-20,2025-02-12,3,167.55,0.2,paid_search,desktop,completed,402.12
BKG-001763,SES-031002,USR-00584,EXP-0282,2025-04-25,2025-05-08,1,174.91,0.14,paid_search,mobile,completed,150.42
BKG-001764,SES-031034,USR-04388,EXP-0007,2024-12-29,2025-01-17,5,130.5,0.0,paid_search,desktop,completed,652.5
BKG-001765,SES-031046,USR-07525,EXP-0042,2024-12-11,2024-12-12,1,135.34,0.0,paid_search,mobile,completed,135.34
BKG-001766,SES-031055,USR-07944,EXP-0183,2025-02-05,2025-02-25,2,24.81,0.0,paid_search,mobile,completed,49.62
BKG-001767,SES-031057,USR-06013,EXP-0101,2025-06-02,2025-06-11,2,31.15,0.0,organic,mobile,completed,62.3
BKG-001768,SES-031058,USR-04213,EXP-0060,2025-05-16,2025-05-19,1,92.58,0.0,paid_search,desktop,cancelled,92.58
BKG-001769,SES-031066,USR-05848,EXP-0296,2024-10-27,2024-10-30,3,64.75,0.0,paid_search,desktop,cancelled,194.25
BKG-001770,SES-031094,USR-04302,EXP-0149,2025-05-14,2025-05-29,6,58.51,0.14,organic,mobile,completed,301.91
BKG-001771,SES-031095,USR-05991,EXP-0294,2025-01-07,2025-01-23,4,84.59,0.0,referral,mobile,completed,338.36
BKG-001772,SES-031108,USR-06306,EXP-0143,2024-08-18,2024-08-31,6,98.54,0.0,paid_search,mobile,completed,591.24
BKG-001773,SES-031120,USR-03257,EXP-0110,2024-10-25,2024-11-10,3,125.54,0.0,paid_search,mobile,completed,376.62
BKG-001774,SES-031129,USR-01160,EXP-0262,2025-01-14,2025-02-05,4,89.17,0.0,organic,desktop,refunded,356.68
BKG-001775,SES-031144,USR-07090,EXP-0251,2024-11-14,2024-11-26,2,92.41,0.07,affiliates,mobile,completed,171.88
BKG-001776,SES-031174,USR-06824,EXP-0229,2024-08-14,2024-08-22,2,88.91,0.12,organic,desktop,completed,156.48
BKG-001777,SES-031180,USR-06167,EXP-0052,2025-01-23,2025-01-24,1,80.83,0.0,affiliates,desktop,completed,80.83
BKG-001778,SES-031191,USR-03337,EXP-0013,2024-12-14,2025-01-01,2,74.24,0.2,paid_search,desktop,completed,118.78
BKG-001779,SES-031216,USR-03853,EXP-0008,2025-04-19,2025-04-21,1,57.34,0.13,paid_search,desktop,completed,49.89
BKG-001780,SES-031227,USR-01875,EXP-0058,2024-08-22,2024-09-16,6,147.14,0.08,paid_search,desktop,completed,812.21
BKG-001781,SES-031258,USR-05226,EXP-0063,2024-10-04,2024-10-08,4,94.88,0.15,affiliates,mobile,cancelled,322.59
BKG-001782,SES-031261,USR-07557,EXP-0079,2025-03-01,2025-03-20,3,95.54,0.17,paid_search,desktop,completed,237.89
BKG-001783,SES-031263,USR-06222,EXP-0137,2024-10-23,2024-12-07,1,58.3,0.0,paid_search,desktop,completed,58.3
BKG-001784,SES-031277,USR-00052,EXP-0211,2025-03-13,2025-04-04,2,84.82,0.2,affiliates,desktop,completed,135.71
BKG-001785,SES-031297,USR-06580,EXP-0235,2025-05-09,2025-05-22,2,53.36,0.18,organic,desktop,completed,87.51
BKG-001786,SES-031336,USR-00618,EXP-0134,2025-01-11,2025-02-23,2,43.61,0.0,email,desktop,completed,87.22
BKG-001787,SES-031343,USR-03382,EXP-0004,2025-03-09,2025-04-19,2,51.56,0.15,organic,mobile,completed,87.65
BKG-001788,SES-031378,USR-03766,EXP-0263,2025-05-09,2025-06-28,5,58.22,0.0,paid_search,desktop,completed,291.1
BKG-001789,SES-031385,USR-07797,EXP-0270,2024-12-05,2024-12-10,4,81.35,0.0,organic,mobile,completed,325.4
BKG-001790,SES-031391,USR-06374,EXP-0260,2024-10-30,2024-12-25,2,54.5,0.0,paid_search,mobile,completed,109.0
BKG-001791,SES-031397,USR-04508,EXP-0078,2024-08-02,2024-08-15,1,45.46,0.0,social,desktop,completed,45.46
BKG-001792,SES-031405,USR-00045,EXP-0273,2024-07-29,2024-08-03,2,39.12,0.0,email,mobile,completed,78.24
BKG-001793,SES-031414,USR-02125,EXP-0081,2024-09-05,2024-09-26,4,100.48,0.0,paid_search,desktop,completed,401.92
BKG-001794,SES-031434,USR-01504,EXP-0227,2024-10-24,2024-11-12,1,81.63,0.12,email,desktop,completed,71.83
BKG-001795,SES-031440,USR-04614,EXP-0136,2024-08-19,2024-08-28,2,40.13,0.17,paid_search,mobile,completed,66.62
BKG-001796,SES-031459,USR-01213,EXP-0140,2024-10-06,2024-11-24,2,138.13,0.15,organic,mobile,cancelled,234.82
BKG-001797,SES-031518,USR-02464,EXP-0154,2024-12-02,2025-02-06,2,47.75,0.0,email,desktop,completed,95.5
BKG-001798,SES-031523,USR-04273,EXP-0157,2024-08-26,2024-08-27,2,105.82,0.0,referral,mobile,completed,211.64
BKG-001799,SES-031551,USR-00336,EXP-0193,2025-06-12,2025-06-23,3,85.76,0.0,organic,mobile,completed,257.28
BKG-001800,SES-031554,USR-02068,EXP-0262,2025-02-04,2025-02-09,3,90.41,0.09,organic,mobile,completed,246.82
BKG-001801,SES-031581,USR-07564,EXP-0028,2024-10-30,2024-11-02,2,58.06,0.0,organic,mobile,completed,116.12
BKG-001802,SES-031592,USR-01011,EXP-0037,2025-03-22,2025-04-06,2,89.24,0.0,organic,desktop,completed,178.48
BKG-001803,SES-031594,USR-06900,EXP-0277,2024-08-17,2024-08-24,2,100.9,0.08,organic,desktop,cancelled,185.66
BKG-001804,SES-031618,USR-00448,EXP-0080,2025-03-08,2025-03-26,2,81.75,0.15,paid_search,tablet,completed,138.98
BKG-001805,SES-031630,USR-03366,EXP-0056,2025-01-04,2025-01-14,1,39.43,0.0,affiliates,tablet,completed,39.43
BKG-001806,SES-031641,USR-01432,EXP-0279,2024-07-07,2024-07-12,1,96.37,0.0,organic,mobile,completed,96.37
BKG-001807,SES-031670,USR-05698,EXP-0226,2025-03-01,2025-03-02,1,132.96,0.0,organic,desktop,completed,132.96
BKG-001808,SES-031684,USR-07925,EXP-0084,2024-10-08,2024-10-15,1,72.52,0.0,affiliates,mobile,completed,72.52
BKG-001809,SES-031686,USR-02311,EXP-0263,2024-12-14,2025-01-16,2,64.6,0.0,paid_search,tablet,completed,129.2
BKG-001810,SES-031705,USR-03504,EXP-0258,2024-08-18,2024-08-19,3,140.63,0.0,affiliates,mobile,completed,421.89
BKG-001811,SES-031709,USR-05046,EXP-0179,2024-09-28,2024-10-18,2,41.13,0.0,social,desktop,completed,82.26
BKG-001812,SES-031761,USR-06376,EXP-0089,2024-07-10,2024-07-21,1,75.51,0.0,referral,mobile,completed,75.51
BKG-001813,SES-031766,USR-04782,EXP-0005,2024-11-12,2024-11-17,2,67.25,0.0,organic,desktop,completed,134.5
BKG-001814,SES-031770,USR-07295,EXP-0129,2024-10-01,2024-10-04,2,182.9,0.0,paid_search,tablet,completed,365.8
BKG-001815,SES-031791,USR-00869,EXP-0245,2025-04-30,2025-05-08,2,113.12,0.07,paid_search,desktop,completed,210.4
BKG-001816,SES-031796,USR-04583,EXP-0076,2024-10-27,2024-11-19,4,68.87,0.0,organic,desktop,completed,275.48
BKG-001817,SES-031805,USR-03957,EXP-0013,2025-06-07,2025-06-27,2,79.94,0.0,paid_search,desktop,completed,159.88
BKG-001818,SES-031811,USR-06591,EXP-0113,2024-10-16,2024-10-31,1,131.17,0.0,affiliates,mobile,completed,131.17
BKG-001819,SES-031837,USR-01164,EXP-0187,2025-03-28,2025-04-06,4,50.37,0.18,referral,mobile,completed,165.21
BKG-001820,SES-031913,USR-03595,EXP-0162,2025-04-25,2025-05-04,2,61.49,0.06,organic,mobile,completed,115.6
BKG-001821,SES-031938,USR-02154,EXP-0227,2025-02-08,2025-03-13,2,91.24,0.06,organic,mobile,completed,171.53
BKG-001822,SES-031955,USR-06291,EXP-0197,2025-01-22,2025-02-15,1,74.5,0.0,paid_search,desktop,cancelled,74.5
BKG-001823,SES-031965,USR-05183,EXP-0116,2025-04-15,2025-04-28,2,71.91,0.05,paid_search,mobile,completed,136.63
BKG-001824,SES-032024,USR-04413,EXP-0245,2024-11-27,2024-12-15,4,123.56,0.0,referral,mobile,completed,494.24
BKG-001825,SES-032034,USR-01468,EXP-0100,2024-08-22,2024-08-23,5,154.49,0.0,referral,desktop,completed,772.45
BKG-001826,SES-032042,USR-05423,EXP-0220,2024-10-20,2024-10-21,6,37.4,0.0,paid_search,desktop,completed,224.4
BKG-001827,SES-032081,USR-07348,EXP-0071,2024-07-08,2024-07-29,1,55.27,0.14,paid_search,mobile,completed,47.53
BKG-001828,SES-032105,USR-02495,EXP-0253,2024-08-28,2024-09-05,1,48.31,0.0,paid_search,desktop,completed,48.31
BKG-001829,SES-032118,USR-07086,EXP-0285,2024-11-28,2024-12-09,3,40.15,0.0,paid_search,desktop,cancelled,120.45
BKG-001830,SES-032133,USR-00493,EXP-0293,2025-04-25,2025-04-28,4,108.24,0.0,referral,mobile,completed,432.96
BKG-001831,SES-032139,USR-07178,EXP-0282,2024-09-16,2024-09-20,2,187.86,0.0,paid_search,desktop,completed,375.72
BKG-001832,SES-032158,USR-01826,EXP-0013,2025-04-16,2025-05-02,4,76.7,0.0,organic,desktop,completed,306.8
BKG-001833,SES-032164,USR-07239,EXP-0028,2024-07-26,2024-08-27,1,63.23,0.0,social,mobile,completed,63.23
BKG-001834,SES-032187,USR-01057,EXP-0147,2025-05-17,2025-05-26,1,30.17,0.0,paid_search,desktop,completed,30.17
BKG-001835,SES-032202,USR-02142,EXP-0043,2024-09-23,2024-10-01,2,34.97,0.15,organic,desktop,completed,59.45
BKG-001836,SES-032213,USR-02580,EXP-0113,2024-07-25,2024-08-02,2,129.0,0.15,referral,mobile,completed,219.3
BKG-001837,SES-032230,USR-02413,EXP-0078,2024-11-15,2024-11-18,3,49.5,0.0,affiliates,mobile,completed,148.5
BKG-001838,SES-032254,USR-04403,EXP-0011,2025-01-21,2025-02-01,1,73.99,0.14,affiliates,mobile,completed,63.63
BKG-001839,SES-032256,USR-01615,EXP-0196,2024-10-04,2024-10-18,6,65.02,0.0,paid_search,mobile,completed,390.12
BKG-001840,SES-032257,USR-03339,EXP-0060,2025-01-27,2025-02-17,2,92.5,0.0,organic,mobile,completed,185.0
BKG-001841,SES-032276,USR-03246,EXP-0204,2024-09-30,2024-10-01,5,80.57,0.0,paid_search,tablet,completed,402.85
BKG-001842,SES-032288,USR-04013,EXP-0258,2024-07-09,2024-07-10,2,137.96,0.0,paid_search,mobile,completed,275.92
BKG-001843,SES-032296,USR-04961,EXP-0153,2025-03-06,2025-03-08,2,44.69,0.0,paid_search,desktop,completed,89.38
BKG-001844,SES-032303,USR-00495,EXP-0211,2024-11-26,2024-11-27,1,91.48,0.1,paid_search,desktop,completed,82.33
BKG-001845,SES-032305,USR-02137,EXP-0159,2025-05-15,2025-06-09,2,60.14,0.0,paid_search,desktop,completed,120.28
BKG-001846,SES-032306,USR-05717,EXP-0002,2024-10-17,2024-10-27,1,30.21,0.0,affiliates,desktop,completed,30.21
BKG-001847,SES-032332,USR-02372,EXP-0064,2024-11-20,2024-11-24,2,82.42,0.0,organic,mobile,completed,164.84
BKG-001848,SES-032357,USR-05408,EXP-0012,2025-02-15,2025-02-28,3,72.81,0.0,organic,mobile,completed,218.43
BKG-001849,SES-032402,USR-05758,EXP-0133,2025-01-04,2025-01-23,2,90.02,0.0,email,mobile,completed,180.04
BKG-001850,SES-032437,USR-01121,EXP-0256,2024-08-21,2024-08-31,2,35.79,0.15,social,mobile,completed,60.84
BKG-001851,SES-032444,USR-05689,EXP-0102,2024-12-05,2024-12-21,1,47.17,0.15,affiliates,mobile,completed,40.09
BKG-001852,SES-032470,USR-05291,EXP-0167,2025-04-09,2025-04-19,2,85.49,0.0,affiliates,mobile,completed,170.98
BKG-001853,SES-032472,USR-02303,EXP-0140,2025-03-29,2025-03-31,2,137.98,0.0,paid_search,mobile,completed,275.96
BKG-001854,SES-032477,USR-07108,EXP-0205,2024-10-27,2024-11-18,2,131.92,0.0,organic,mobile,refunded,263.84
BKG-001855,SES-032496,USR-02794,EXP-0199,2024-09-29,2024-10-04,2,80.41,0.0,affiliates,desktop,completed,160.82
BKG-001856,SES-032499,USR-03710,EXP-0295,2025-01-21,2025-02-04,2,41.13,0.0,email,mobile,completed,82.26
BKG-001857,SES-032503,USR-03724,EXP-0295,2025-03-02,2025-03-26,4,44.2,0.0,organic,desktop,completed,176.8
BKG-001858,SES-032517,USR-04021,EXP-0029,2025-06-21,2025-06-23,2,91.59,0.13,organic,desktop,completed,159.37
BKG-001859,SES-032542,USR-03675,EXP-0175,2024-12-30,2025-01-03,2,75.51,0.08,referral,mobile,completed,138.94
BKG-001860,SES-032547,USR-04447,EXP-0202,2024-07-03,2024-07-08,2,52.69,0.0,organic,mobile,completed,105.38
BKG-001861,SES-032574,USR-00554,EXP-0203,2025-01-19,2025-02-16,2,129.54,0.0,affiliates,desktop,completed,259.08
BKG-001862,SES-032575,USR-06196,EXP-0143,2025-01-06,2025-01-18,2,91.68,0.0,affiliates,desktop,cancelled,183.36
BKG-001863,SES-032592,USR-04625,EXP-0132,2024-11-28,2024-12-14,2,111.67,0.0,organic,mobile,completed,223.34
BKG-001864,SES-032604,USR-03835,EXP-0233,2024-11-12,2025-01-05,2,213.25,0.0,paid_search,mobile,completed,426.5
BKG-001865,SES-032623,USR-03171,EXP-0284,2024-08-01,2024-08-15,2,222.77,0.0,paid_search,mobile,completed,445.54
BKG-001866,SES-032641,USR-04406,EXP-0205,2024-09-21,2024-10-09,1,134.9,0.18,referral,desktop,completed,110.62
BKG-001867,SES-032652,USR-07894,EXP-0135,2024-09-19,2024-09-25,5,77.9,0.0,organic,mobile,completed,389.5
BKG-001868,SES-032657,USR-01642,EXP-0119,2024-10-15,2024-10-22,4,121.66,0.0,paid_search,mobile,completed,486.64
BKG-001869,SES-032659,USR-02873,EXP-0186,2024-08-27,2024-09-03,5,60.19,0.17,referral,mobile,completed,249.79
BKG-001870,SES-032667,USR-06821,EXP-0002,2025-04-06,2025-05-09,2,30.55,0.19,organic,mobile,completed,49.49
BKG-001871,SES-032669,USR-01968,EXP-0011,2025-06-14,2025-07-01,2,72.39,0.0,paid_search,mobile,completed,144.78
BKG-001872,SES-032671,USR-04527,EXP-0139,2025-05-07,2025-05-20,1,103.94,0.0,paid_search,desktop,completed,103.94
BKG-001873,SES-032672,USR-06960,EXP-0091,2024-12-20,2024-12-22,4,107.79,0.0,affiliates,desktop,completed,431.16
BKG-001874,SES-032680,USR-00904,EXP-0246,2025-06-27,2025-06-29,2,136.45,0.15,referral,mobile,completed,231.96
BKG-001875,SES-032686,USR-06609,EXP-0249,2024-12-14,2024-12-31,1,251.31,0.0,organic,mobile,completed,251.31
BKG-001876,SES-032692,USR-06399,EXP-0224,2025-02-03,2025-02-05,3,63.16,0.0,paid_search,desktop,completed,189.48
BKG-001877,SES-032702,USR-00882,EXP-0290,2024-11-03,2024-11-22,2,163.55,0.0,paid_search,desktop,completed,327.1
BKG-001878,SES-032707,USR-05976,EXP-0121,2024-12-16,2025-01-18,1,103.81,0.0,social,desktop,completed,103.81
BKG-001879,SES-032727,USR-06767,EXP-0246,2025-04-11,2025-05-01,4,130.29,0.0,affiliates,mobile,completed,521.16
BKG-001880,SES-032730,USR-01977,EXP-0119,2025-04-04,2025-04-05,2,115.2,0.0,paid_search,desktop,cancelled,230.4
BKG-001881,SES-032733,USR-04438,EXP-0054,2025-04-13,2025-05-07,4,66.95,0.0,social,mobile,completed,267.8
BKG-001882,SES-032757,USR-00130,EXP-0178,2025-05-15,2025-05-16,2,92.67,0.1,organic,desktop,completed,166.81
BKG-001883,SES-032769,USR-01742,EXP-0292,2025-03-21,2025-03-23,2,101.94,0.0,affiliates,mobile,completed,203.88
BKG-001884,SES-032779,USR-06446,EXP-0223,2024-10-17,2024-10-26,2,100.81,0.15,affiliates,desktop,completed,171.38
BKG-001885,SES-032780,USR-00283,EXP-0076,2024-07-01,2024-07-04,2,73.95,0.0,paid_search,mobile,completed,147.9
BKG-001886,SES-032782,USR-03459,EXP-0154,2024-09-14,2024-09-19,2,44.39,0.0,organic,mobile,completed,88.78
BKG-001887,SES-032804,USR-01512,EXP-0100,2025-03-19,2025-04-25,3,146.62,0.0,paid_search,mobile,completed,439.86
BKG-001888,SES-032814,USR-07528,EXP-0260,2025-02-09,2025-03-12,1,47.19,0.15,paid_search,mobile,completed,40.11
BKG-001889,SES-032830,USR-00675,EXP-0296,2025-05-11,2025-06-09,1,62.99,0.0,paid_search,mobile,completed,62.99
BKG-001890,SES-032835,USR-00093,EXP-0056,2024-07-22,2024-08-11,3,37.82,0.09,paid_search,mobile,completed,103.25
BKG-001891,SES-032882,USR-00467,EXP-0104,2025-05-28,2025-06-13,2,135.25,0.0,organic,mobile,completed,270.5
BKG-001892,SES-032883,USR-01424,EXP-0274,2024-07-27,2024-08-16,2,32.36,0.0,affiliates,desktop,completed,64.72
BKG-001893,SES-032899,USR-06039,EXP-0270,2025-01-14,2025-01-23,2,91.33,0.0,paid_search,mobile,completed,182.66
BKG-001894,SES-032904,USR-04337,EXP-0035,2024-11-21,2024-11-24,2,142.57,0.0,organic,desktop,completed,285.14
BKG-001895,SES-032947,USR-06738,EXP-0225,2024-11-16,2024-12-01,2,160.45,0.1,organic,desktop,completed,288.81
BKG-001896,SES-032950,USR-07639,EXP-0142,2025-06-10,2025-06-27,1,80.95,0.0,organic,mobile,completed,80.95
BKG-001897,SES-032952,USR-00257,EXP-0161,2024-11-16,2024-12-07,1,173.29,0.0,organic,mobile,completed,173.29
BKG-001898,SES-032984,USR-05998,EXP-0083,2024-12-23,2025-01-04,6,93.98,0.0,social,mobile,completed,563.88
BKG-001899,SES-033002,USR-02576,EXP-0236,2024-07-09,2024-07-12,1,114.18,0.0,paid_search,mobile,completed,114.18
BKG-001900,SES-033025,USR-03019,EXP-0280,2024-11-15,2024-11-16,3,117.23,0.19,paid_search,mobile,completed,284.87
BKG-001901,SES-033040,USR-04473,EXP-0140,2024-09-18,2024-09-24,2,130.77,0.19,paid_search,desktop,completed,211.85
BKG-001902,SES-033105,USR-01882,EXP-0072,2024-12-03,2024-12-28,1,93.46,0.0,social,tablet,completed,93.46
BKG-001903,SES-033112,USR-06486,EXP-0155,2025-04-26,2025-05-10,4,67.84,0.0,email,desktop,completed,271.36
BKG-001904,SES-033148,USR-07735,EXP-0021,2025-02-07,2025-02-10,5,90.19,0.08,organic,desktop,completed,414.87
BKG-001905,SES-033155,USR-05120,EXP-0246,2025-04-30,2025-06-01,1,132.95,0.07,organic,mobile,completed,123.64
BKG-001906,SES-033161,USR-01632,EXP-0115,2024-10-12,2024-11-02,2,28.11,0.13,paid_search,desktop,completed,48.91
BKG-001907,SES-033170,USR-02490,EXP-0067,2025-03-23,2025-04-03,2,64.61,0.12,referral,desktop,completed,113.71
BKG-001908,SES-033279,USR-07625,EXP-0096,2024-11-10,2024-11-21,3,116.11,0.14,email,desktop,completed,299.56
BKG-001909,SES-033280,USR-05084,EXP-0292,2024-12-11,2025-01-11,2,99.62,0.17,affiliates,tablet,completed,165.37
BKG-001910,SES-033289,USR-06224,EXP-0297,2025-03-02,2025-03-07,1,83.16,0.0,organic,desktop,completed,83.16
BKG-001911,SES-033307,USR-05193,EXP-0082,2025-01-16,2025-01-23,5,166.12,0.0,paid_search,mobile,cancelled,830.6
BKG-001912,SES-033316,USR-05539,EXP-0075,2024-08-09,2024-08-29,3,96.78,0.0,organic,desktop,completed,290.34
BKG-001913,SES-033329,USR-07781,EXP-0271,2024-12-11,2024-12-12,4,99.31,0.0,paid_search,desktop,completed,397.24
BKG-001914,SES-033339,USR-03057,EXP-0172,2024-12-14,2024-12-19,2,57.32,0.0,paid_search,desktop,completed,114.64
BKG-001915,SES-033347,USR-02512,EXP-0052,2025-01-01,2025-01-02,5,76.95,0.0,referral,desktop,completed,384.75
BKG-001916,SES-033356,USR-06336,EXP-0210,2024-11-16,2024-11-20,2,116.59,0.08,paid_search,desktop,completed,214.53
BKG-001917,SES-033366,USR-00861,EXP-0100,2025-04-28,2025-05-01,1,135.39,0.0,paid_search,mobile,completed,135.39
BKG-001918,SES-033377,USR-07458,EXP-0087,2025-05-20,2025-05-29,1,136.25,0.18,organic,mobile,completed,111.72
BKG-001919,SES-033390,USR-03874,EXP-0069,2024-11-10,2024-11-11,3,106.32,0.0,paid_search,mobile,completed,318.96
BKG-001920,SES-033394,USR-01941,EXP-0139,2025-02-13,2025-02-14,1,101.7,0.0,paid_search,desktop,completed,101.7
BKG-001921,SES-033397,USR-06516,EXP-0297,2025-03-15,2025-03-23,4,83.7,0.15,affiliates,desktop,completed,284.58
BKG-001922,SES-033399,USR-03025,EXP-0170,2025-03-22,2025-03-31,2,182.56,0.1,paid_search,mobile,completed,328.61
BKG-001923,SES-033400,USR-07595,EXP-0062,2025-02-13,2025-02-20,1,128.93,0.2,paid_search,mobile,completed,103.14
BKG-001924,SES-033412,USR-01238,EXP-0213,2024-12-28,2024-12-31,1,91.69,0.0,organic,mobile,completed,91.69
BKG-001925,SES-033416,USR-07161,EXP-0029,2024-08-01,2024-08-20,3,79.14,0.0,organic,mobile,completed,237.42
BKG-001926,SES-033420,USR-05930,EXP-0229,2025-03-02,2025-03-20,2,88.12,0.0,paid_search,mobile,completed,176.24
BKG-001927,SES-033447,USR-01566,EXP-0148,2024-07-17,2024-07-30,1,93.05,0.0,referral,mobile,refunded,93.05
BKG-001928,SES-033450,USR-07866,EXP-0054,2024-11-08,2024-11-13,4,69.94,0.0,social,desktop,completed,279.76
BKG-001929,SES-033468,USR-00796,EXP-0039,2025-01-24,2025-01-30,2,74.02,0.0,paid_search,mobile,completed,148.04
BKG-001930,SES-033490,USR-00064,EXP-0011,2025-02-05,2025-02-10,2,86.74,0.0,affiliates,mobile,completed,173.48
BKG-001931,SES-033538,USR-02272,EXP-0132,2024-10-05,2024-10-15,1,93.63,0.0,referral,mobile,completed,93.63
BKG-001932,SES-033572,USR-02493,EXP-0008,2025-05-24,2025-06-13,3,60.55,0.0,affiliates,mobile,completed,181.65
BKG-001933,SES-033595,USR-01314,EXP-0136,2025-02-11,2025-02-16,3,42.47,0.0,paid_search,desktop,completed,127.41
BKG-001934,SES-033603,USR-04503,EXP-0227,2025-03-26,2025-04-03,2,88.44,0.09,paid_search,desktop,completed,160.96
BKG-001935,SES-033609,USR-05858,EXP-0140,2025-01-20,2025-01-23,4,130.83,0.0,paid_search,mobile,cancelled,523.32
BKG-001936,SES-033611,USR-06188,EXP-0083,2024-11-21,2024-12-02,3,81.8,0.0,affiliates,desktop,completed,245.4
BKG-001937,SES-033635,USR-00481,EXP-0098,2025-05-05,2025-05-14,2,78.11,0.0,paid_search,desktop,completed,156.22
BKG-001938,SES-033637,USR-01577,EXP-0145,2025-04-02,2025-04-06,3,131.85,0.0,paid_search,tablet,completed,395.55
BKG-001939,SES-033642,USR-01504,EXP-0016,2025-06-25,2025-07-01,2,109.91,0.0,referral,desktop,completed,219.82
BKG-001940,SES-033649,USR-00518,EXP-0120,2024-11-02,2024-11-28,4,74.46,0.0,paid_search,mobile,completed,297.84
BKG-001941,SES-033655,USR-07786,EXP-0002,2024-11-29,2024-12-14,1,30.07,0.0,referral,mobile,completed,30.07
BKG-001942,SES-033676,USR-07725,EXP-0111,2025-06-19,2025-06-22,3,102.63,0.0,paid_search,mobile,completed,307.89
BKG-001943,SES-033701,USR-05352,EXP-0046,2024-12-24,2024-12-26,1,162.95,0.0,email,desktop,cancelled,162.95
BKG-001944,SES-033706,USR-00729,EXP-0247,2025-03-13,2025-04-27,1,146.55,0.0,paid_search,mobile,completed,146.55
BKG-001945,SES-033730,USR-03348,EXP-0052,2025-06-06,2025-06-08,3,75.09,0.0,paid_search,desktop,cancelled,225.27
BKG-001946,SES-033734,USR-06531,EXP-0146,2024-08-26,2024-08-28,1,48.86,0.0,paid_search,mobile,completed,48.86
BKG-001947,SES-033739,USR-07558,EXP-0051,2024-10-18,2024-11-24,1,25.85,0.0,social,mobile,completed,25.85
BKG-001948,SES-033746,USR-01898,EXP-0221,2024-11-04,2024-11-07,3,70.69,0.19,organic,mobile,completed,171.78
BKG-001949,SES-033775,USR-01299,EXP-0075,2025-01-31,2025-02-19,2,97.38,0.0,email,desktop,completed,194.76
BKG-001950,SES-033818,USR-07892,EXP-0049,2025-04-11,2025-04-22,4,125.96,0.0,paid_search,mobile,completed,503.84
BKG-001951,SES-033829,USR-04254,EXP-0168,2025-06-27,2025-06-29,1,163.02,0.0,organic,desktop,completed,163.02
BKG-001952,SES-033835,USR-04860,EXP-0226,2025-06-26,2025-07-13,2,135.69,0.0,social,mobile,completed,271.38
BKG-001953,SES-033850,USR-05161,EXP-0296,2024-07-27,2024-07-28,1,59.87,0.1,organic,desktop,completed,53.88
BKG-001954,SES-033926,USR-06046,EXP-0124,2025-02-02,2025-02-04,3,78.91,0.15,paid_search,mobile,completed,201.22
BKG-001955,SES-033948,USR-04299,EXP-0192,2025-01-20,2025-01-28,1,57.99,0.0,organic,mobile,completed,57.99
BKG-001956,SES-033973,USR-05193,EXP-0085,2024-07-31,2024-09-04,4,203.76,0.0,email,desktop,completed,815.04
BKG-001957,SES-033989,USR-00185,EXP-0221,2024-10-16,2024-10-29,2,81.55,0.0,paid_search,desktop,completed,163.1
BKG-001958,SES-034016,USR-01829,EXP-0157,2024-10-15,2024-11-22,3,104.12,0.0,referral,desktop,completed,312.36
BKG-001959,SES-034066,USR-02120,EXP-0119,2024-12-29,2025-01-10,1,105.2,0.16,paid_search,mobile,completed,88.37
BKG-001960,SES-034077,USR-01968,EXP-0274,2024-11-27,2024-12-13,2,33.24,0.0,organic,desktop,completed,66.48
BKG-001961,SES-034082,USR-04117,EXP-0242,2025-01-09,2025-01-13,2,75.76,0.14,organic,mobile,completed,130.31
BKG-001962,SES-034132,USR-06082,EXP-0126,2024-08-16,2024-09-15,3,71.2,0.08,organic,tablet,completed,196.51
BKG-001963,SES-034141,USR-02575,EXP-0159,2025-04-07,2025-05-13,3,55.93,0.0,paid_search,mobile,completed,167.79
BKG-001964,SES-034169,USR-02081,EXP-0245,2024-12-09,2024-12-29,2,123.87,0.0,referral,mobile,completed,247.74
BKG-001965,SES-034173,USR-07161,EXP-0019,2024-09-03,2024-09-12,3,35.69,0.0,paid_search,desktop,completed,107.07
BKG-001966,SES-034195,USR-06278,EXP-0100,2024-12-30,2025-01-04,4,125.04,0.0,paid_search,desktop,completed,500.16
BKG-001967,SES-034201,USR-02531,EXP-0293,2024-09-20,2024-10-04,2,101.9,0.0,affiliates,mobile,completed,203.8
BKG-001968,SES-034210,USR-07082,EXP-0278,2025-01-05,2025-01-18,2,61.34,0.17,referral,mobile,completed,101.82
BKG-001969,SES-034244,USR-06369,EXP-0293,2025-02-09,2025-02-19,3,98.49,0.0,organic,mobile,completed,295.47
BKG-001970,SES-034260,USR-01254,EXP-0234,2025-04-05,2025-04-12,2,92.35,0.0,social,desktop,completed,184.7
BKG-001971,SES-034270,USR-03037,EXP-0117,2025-04-05,2025-04-10,3,101.53,0.0,email,desktop,refunded,304.59
BKG-001972,SES-034284,USR-05578,EXP-0207,2025-03-06,2025-03-07,6,98.46,0.0,organic,tablet,completed,590.76
BKG-001973,SES-034288,USR-02669,EXP-0210,2024-10-21,2024-10-22,2,115.46,0.0,organic,mobile,refunded,230.92
BKG-001974,SES-034350,USR-07820,EXP-0184,2025-05-28,2025-06-10,2,68.95,0.0,paid_search,mobile,completed,137.9
BKG-001975,SES-034356,USR-04354,EXP-0261,2025-05-17,2025-05-18,2,121.0,0.0,organic,mobile,completed,242.0
BKG-001976,SES-034379,USR-03862,EXP-0213,2025-03-21,2025-04-06,2,78.87,0.0,affiliates,mobile,completed,157.74
BKG-001977,SES-034385,USR-05540,EXP-0067,2024-09-22,2024-10-08,2,63.16,0.0,paid_search,desktop,completed,126.32
BKG-001978,SES-034409,USR-03934,EXP-0274,2024-07-31,2024-08-24,1,34.67,0.11,social,mobile,completed,30.86
BKG-001979,SES-034422,USR-04511,EXP-0165,2025-06-01,2025-06-11,5,52.64,0.0,email,desktop,cancelled,263.2
BKG-001980,SES-034432,USR-02288,EXP-0159,2024-08-26,2024-09-01,2,50.29,0.0,paid_search,tablet,completed,100.58
BKG-001981,SES-034445,USR-07735,EXP-0222,2025-01-07,2025-01-09,2,39.79,0.0,email,mobile,completed,79.58
BKG-001982,SES-034450,USR-01496,EXP-0232,2025-02-07,2025-02-12,2,50.49,0.0,organic,desktop,completed,100.98
BKG-001983,SES-034480,USR-02363,EXP-0161,2025-04-03,2025-04-17,3,184.99,0.0,email,desktop,completed,554.97
BKG-001984,SES-034495,USR-07270,EXP-0299,2025-03-20,2025-04-22,1,109.69,0.0,organic,desktop,completed,109.69
BKG-001985,SES-034564,USR-01745,EXP-0089,2024-07-20,2024-08-07,2,75.44,0.17,organic,desktop,refunded,125.23
BKG-001986,SES-034571,USR-02172,EXP-0212,2025-05-09,2025-05-27,1,53.37,0.0,paid_search,desktop,completed,53.37
BKG-001987,SES-034579,USR-02579,EXP-0239,2025-04-11,2025-04-16,2,180.58,0.0,organic,desktop,completed,361.16
BKG-001988,SES-034604,USR-06361,EXP-0158,2025-04-24,2025-05-09,2,56.04,0.0,organic,mobile,completed,112.08
BKG-001989,SES-034605,USR-01192,EXP-0181,2024-11-07,2024-11-28,1,110.7,0.0,organic,mobile,completed,110.7
BKG-001990,SES-034618,USR-03791,EXP-0282,2024-08-20,2024-08-24,3,202.96,0.0,paid_search,desktop,completed,608.88
BKG-001991,SES-034621,USR-00563,EXP-0028,2025-03-02,2025-03-06,4,54.21,0.18,affiliates,desktop,completed,177.81
BKG-001992,SES-034623,USR-01789,EXP-0061,2025-05-20,2025-06-15,2,55.22,0.0,paid_search,desktop,completed,110.44
BKG-001993,SES-034633,USR-03964,EXP-0231,2025-05-17,2025-05-27,3,69.04,0.0,paid_search,mobile,completed,207.12
BKG-001994,SES-034641,USR-02709,EXP-0299,2024-11-16,2024-11-17,2,114.26,0.1,referral,mobile,completed,205.67
BKG-001995,SES-034676,USR-07179,EXP-0166,2025-06-09,2025-07-12,3,83.09,0.0,referral,mobile,completed,249.27
BKG-001996,SES-034714,USR-03494,EXP-0107,2024-07-06,2024-07-17,3,30.21,0.0,referral,desktop,cancelled,90.63
BKG-001997,SES-034715,USR-04145,EXP-0117,2025-01-06,2025-01-08,2,103.73,0.07,social,mobile,completed,192.94
BKG-001998,SES-034719,USR-05035,EXP-0198,2025-02-13,2025-02-16,1,68.18,0.0,social,mobile,completed,68.18
BKG-001999,SES-034745,USR-05556,EXP-0216,2024-07-19,2024-07-28,2,91.64,0.0,organic,mobile,completed,183.28
BKG-002000,SES-034747,USR-03903,EXP-0112,2024-11-05,2024-11-16,2,48.13,0.0,referral,mobile,completed,96.26
BKG-002001,SES-034766,USR-03858,EXP-0148,2025-01-28,2025-02-24,1,99.15,0.0,affiliates,mobile,completed,99.15
BKG-002002,SES-034772,USR-03221,EXP-0298,2024-08-15,2024-09-16,3,86.81,0.2,organic,desktop,completed,208.34
BKG-002003,SES-034773,USR-05907,EXP-0170,2024-10-19,2024-11-05,1,176.38,0.0,social,desktop,completed,176.38
BKG-002004,SES-034808,USR-02727,EXP-0082,2024-11-27,2024-12-13,4,162.6,0.0,organic,mobile,cancelled,650.4
BKG-002005,SES-034813,USR-04657,EXP-0184,2024-08-29,2024-09-04,2,70.09,0.11,affiliates,desktop,completed,124.76
BKG-002006,SES-034841,USR-00476,EXP-0251,2025-05-29,2025-06-07,3,86.46,0.07,paid_search,desktop,completed,241.22
BKG-002007,SES-034843,USR-01342,EXP-0043,2024-12-15,2024-12-19,2,33.64,0.0,paid_search,mobile,completed,67.28
BKG-002008,SES-034856,USR-05112,EXP-0116,2025-03-25,2025-03-30,3,73.4,0.16,affiliates,mobile,completed,184.97
BKG-002009,SES-034857,USR-03478,EXP-0157,2025-02-12,2025-02-23,6,104.32,0.0,paid_search,mobile,refunded,625.92
BKG-002010,SES-034867,USR-00917,EXP-0008,2024-09-23,2024-10-01,3,62.27,0.13,organic,mobile,completed,162.52
BKG-002011,SES-034881,USR-03387,EXP-0124,2024-08-07,2024-08-14,4,82.46,0.0,social,desktop,completed,329.84
BKG-002012,SES-034883,USR-02770,EXP-0088,2024-12-13,2025-01-06,2,61.93,0.0,paid_search,tablet,completed,123.86
BKG-002013,SES-034929,USR-06415,EXP-0263,2024-11-29,2024-12-26,3,61.96,0.0,organic,desktop,completed,185.88
BKG-002014,SES-034999,USR-06639,EXP-0020,2024-07-31,2024-08-05,2,130.44,0.0,referral,mobile,completed,260.88
BKG-002015,SES-035016,USR-02472,EXP-0015,2025-03-27,2025-04-03,6,34.49,0.0,affiliates,mobile,completed,206.94
BKG-002016,SES-035020,USR-06760,EXP-0177,2024-09-01,2024-09-06,3,38.79,0.0,affiliates,desktop,completed,116.37
BKG-002017,SES-035031,USR-01282,EXP-0254,2024-07-27,2024-08-10,2,182.56,0.0,paid_search,desktop,completed,365.12
BKG-002018,SES-035064,USR-06163,EXP-0086,2024-11-24,2024-11-30,3,32.21,0.0,email,mobile,completed,96.63
BKG-002019,SES-035076,USR-03638,EXP-0231,2024-10-21,2024-11-11,1,60.83,0.0,paid_search,desktop,cancelled,60.83
BKG-002020,SES-035087,USR-01552,EXP-0106,2024-11-09,2024-11-12,2,137.54,0.17,affiliates,mobile,completed,228.32
BKG-002021,SES-035152,USR-06124,EXP-0191,2024-09-13,2024-11-07,1,70.91,0.0,email,desktop,completed,70.91
BKG-002022,SES-035174,USR-05585,EXP-0139,2025-05-31,2025-06-04,2,98.26,0.0,email,desktop,completed,196.52
BKG-002023,SES-035187,USR-00517,EXP-0215,2025-06-13,2025-06-16,3,43.73,0.0,organic,mobile,completed,131.19
BKG-002024,SES-035222,USR-04695,EXP-0169,2025-06-16,2025-06-24,4,90.21,0.17,referral,desktop,completed,299.5
BKG-002025,SES-035236,USR-07669,EXP-0298,2025-05-31,2025-06-08,2,86.23,0.0,paid_search,mobile,completed,172.46
BKG-002026,SES-035237,USR-07052,EXP-0216,2025-02-02,2025-02-11,1,89.98,0.0,paid_search,mobile,cancelled,89.98
BKG-002027,SES-035240,USR-06020,EXP-0150,2025-05-17,2025-05-20,2,95.19,0.0,paid_search,desktop,completed,190.38
BKG-002028,SES-035287,USR-04357,EXP-0269,2025-06-04,2025-06-13,3,57.8,0.0,paid_search,mobile,completed,173.4
BKG-002029,SES-035297,USR-07641,EXP-0027,2025-04-08,2025-05-04,2,217.7,0.0,paid_search,desktop,completed,435.4
BKG-002030,SES-035326,USR-06095,EXP-0154,2025-06-14,2025-07-07,1,50.0,0.0,referral,desktop,completed,50.0
BKG-002031,SES-035341,USR-03029,EXP-0185,2025-05-25,2025-05-29,2,112.39,0.0,paid_search,desktop,completed,224.78
BKG-002032,SES-035344,USR-01855,EXP-0269,2024-11-29,2024-12-17,5,66.37,0.0,paid_search,desktop,completed,331.85
BKG-002033,SES-035346,USR-03587,EXP-0254,2025-06-05,2025-06-18,2,199.7,0.07,social,mobile,completed,371.44
BKG-002034,SES-035382,USR-07737,EXP-0167,2025-04-15,2025-04-22,5,89.57,0.0,email,desktop,completed,447.85
BKG-002035,SES-035414,USR-04038,EXP-0190,2025-03-19,2025-03-21,3,77.44,0.0,affiliates,desktop,completed,232.32
BKG-002036,SES-035415,USR-03203,EXP-0097,2024-12-29,2025-01-07,2,76.88,0.06,affiliates,mobile,completed,144.53
BKG-002037,SES-035421,USR-04250,EXP-0145,2025-04-30,2025-05-16,2,147.42,0.0,organic,mobile,completed,294.84
BKG-002038,SES-035432,USR-06625,EXP-0284,2024-12-28,2024-12-30,2,221.5,0.0,organic,mobile,completed,443.0
BKG-002039,SES-035441,USR-05835,EXP-0244,2025-03-28,2025-04-13,2,116.9,0.0,organic,mobile,completed,233.8
BKG-002040,SES-035442,USR-04888,EXP-0252,2024-11-05,2024-11-17,4,74.37,0.06,organic,desktop,completed,279.63
BKG-002041,SES-035451,USR-02189,EXP-0227,2024-10-04,2024-10-31,4,89.63,0.19,paid_search,mobile,completed,290.4
BKG-002042,SES-035454,USR-01126,EXP-0197,2025-04-12,2025-05-01,2,71.3,0.18,paid_search,desktop,completed,116.93
BKG-002043,SES-035466,USR-02963,EXP-0212,2025-06-27,2025-07-20,1,57.84,0.0,organic,mobile,completed,57.84
BKG-002044,SES-035468,USR-03257,EXP-0242,2024-07-16,2024-07-20,4,84.48,0.0,affiliates,mobile,completed,337.92
BKG-002045,SES-035486,USR-03598,EXP-0150,2024-07-16,2024-07-20,3,89.31,0.0,referral,mobile,completed,267.93
BKG-002046,SES-035509,USR-01920,EXP-0236,2025-05-06,2025-05-12,2,129.12,0.12,paid_search,mobile,completed,227.25
BKG-002047,SES-035513,USR-03321,EXP-0159,2024-07-14,2024-07-29,2,58.82,0.0,paid_search,mobile,completed,117.64
BKG-002048,SES-035592,USR-01620,EXP-0109,2024-12-01,2024-12-09,4,83.96,0.0,email,mobile,completed,335.84
BKG-002049,SES-035613,USR-05189,EXP-0123,2025-06-16,2025-06-20,2,99.16,0.19,paid_search,mobile,refunded,160.64
BKG-002050,SES-035615,USR-00825,EXP-0288,2024-12-03,2024-12-08,1,76.71,0.0,organic,desktop,completed,76.71
BKG-002051,SES-035617,USR-03753,EXP-0105,2025-04-18,2025-04-21,6,72.2,0.0,paid_search,desktop,completed,433.2
BKG-002052,SES-035632,USR-00474,EXP-0018,2024-12-24,2025-01-05,1,54.89,0.0,social,mobile,completed,54.89
BKG-002053,SES-035633,USR-07231,EXP-0220,2025-05-10,2025-05-12,2,38.62,0.0,affiliates,desktop,completed,77.24
BKG-002054,SES-035634,USR-02568,EXP-0215,2024-07-16,2024-07-20,1,50.45,0.0,paid_search,mobile,completed,50.45
BKG-002055,SES-035640,USR-04077,EXP-0112,2024-07-01,2024-07-27,1,42.45,0.13,paid_search,mobile,completed,36.93
BKG-002056,SES-035655,USR-06965,EXP-0066,2024-10-01,2024-10-18,2,59.48,0.09,affiliates,mobile,completed,108.25
BKG-002057,SES-035664,USR-04488,EXP-0157,2024-08-07,2024-08-18,4,117.04,0.08,organic,mobile,completed,430.71
BKG-002058,SES-035665,USR-02513,EXP-0293,2025-06-12,2025-06-27,2,89.18,0.0,email,desktop,completed,178.36
BKG-002059,SES-035679,USR-01789,EXP-0295,2025-02-11,2025-02-25,1,44.69,0.06,organic,desktop,completed,42.01
BKG-002060,SES-035690,USR-06802,EXP-0158,2024-09-07,2024-09-10,4,53.99,0.0,organic,tablet,completed,215.96
BKG-002061,SES-035705,USR-06007,EXP-0061,2024-07-30,2024-08-15,2,53.52,0.0,organic,mobile,completed,107.04
BKG-002062,SES-035728,USR-04508,EXP-0184,2024-11-03,2024-11-06,1,69.67,0.13,paid_search,desktop,completed,60.61
BKG-002063,SES-035796,USR-04432,EXP-0202,2024-08-13,2024-09-10,2,45.84,0.0,email,mobile,completed,91.68
BKG-002064,SES-035798,USR-02549,EXP-0038,2024-10-12,2024-10-22,1,167.55,0.0,social,desktop,cancelled,167.55
BKG-002065,SES-035811,USR-06011,EXP-0195,2024-08-30,2024-09-01,1,64.86,0.16,affiliates,mobile,completed,54.48
BKG-002066,SES-035815,USR-01830,EXP-0224,2025-06-29,2025-07-02,2,75.15,0.12,paid_search,desktop,completed,132.26
BKG-002067,SES-035818,USR-06288,EXP-0023,2024-09-26,2024-10-22,2,35.84,0.0,email,desktop,completed,71.68
BKG-002068,SES-035831,USR-00577,EXP-0087,2024-11-22,2024-11-24,2,155.59,0.0,affiliates,desktop,completed,311.18
BKG-002069,SES-035840,USR-00838,EXP-0237,2025-06-14,2025-07-19,4,66.0,0.0,email,desktop,completed,264.0
BKG-002070,SES-035857,USR-02785,EXP-0056,2024-11-28,2024-12-06,2,37.45,0.0,paid_search,desktop,completed,74.9
BKG-002071,SES-035922,USR-06366,EXP-0284,2025-03-22,2025-04-07,2,203.06,0.0,organic,mobile,completed,406.12
BKG-002072,SES-035968,USR-03464,EXP-0248,2024-11-14,2024-12-21,5,167.93,0.0,paid_search,mobile,completed,839.65
BKG-002073,SES-036041,USR-01545,EXP-0283,2025-05-24,2025-05-25,1,159.36,0.0,organic,desktop,completed,159.36
BKG-002074,SES-036046,USR-01987,EXP-0084,2024-10-18,2024-10-19,2,61.86,0.0,affiliates,mobile,completed,123.72
BKG-002075,SES-036072,USR-05044,EXP-0201,2024-08-26,2024-09-05,2,77.37,0.0,paid_search,mobile,completed,154.74
BKG-002076,SES-036099,USR-06336,EXP-0256,2024-11-11,2024-11-20,3,35.15,0.0,paid_search,mobile,completed,105.45
BKG-002077,SES-036105,USR-06354,EXP-0189,2024-12-22,2024-12-26,4,95.51,0.0,paid_search,tablet,refunded,382.04
BKG-002078,SES-036118,USR-03983,EXP-0245,2025-05-13,2025-05-16,3,121.76,0.17,organic,mobile,completed,303.18
BKG-002079,SES-036124,USR-05047,EXP-0156,2024-07-10,2024-07-25,5,51.71,0.0,email,mobile,completed,258.55
BKG-002080,SES-036128,USR-02224,EXP-0286,2025-05-04,2025-05-28,2,54.02,0.0,referral,mobile,completed,108.04
BKG-002081,SES-036141,USR-03186,EXP-0095,2025-02-14,2025-03-19,3,126.16,0.0,affiliates,desktop,completed,378.48
BKG-002082,SES-036152,USR-03589,EXP-0192,2024-12-05,2024-12-24,2,59.5,0.1,email,mobile,completed,107.1
BKG-002083,SES-036205,USR-06839,EXP-0166,2025-06-03,2025-07-11,2,83.1,0.0,email,desktop,cancelled,166.2
BKG-002084,SES-036214,USR-05232,EXP-0297,2024-08-23,2024-09-14,4,88.58,0.0,referral,desktop,completed,354.32
BKG-002085,SES-036228,USR-02899,EXP-0267,2024-09-01,2024-09-11,2,51.58,0.05,referral,desktop,cancelled,98.0
BKG-002086,SES-036239,USR-01925,EXP-0189,2024-08-21,2024-09-03,6,85.52,0.15,referral,desktop,completed,436.15
BKG-002087,SES-036277,USR-03873,EXP-0036,2024-12-02,2024-12-13,3,69.1,0.0,referral,desktop,completed,207.3
BKG-002088,SES-036294,USR-00443,EXP-0260,2025-06-15,2025-06-18,2,51.03,0.07,email,desktop,completed,94.92
BKG-002089,SES-036309,USR-00624,EXP-0263,2025-05-17,2025-06-16,3,58.81,0.17,referral,desktop,completed,146.44
BKG-002090,SES-036315,USR-04322,EXP-0284,2025-06-15,2025-06-19,2,208.29,0.0,referral,desktop,completed,416.58
BKG-002091,SES-036384,USR-01482,EXP-0184,2024-11-04,2024-11-08,3,66.51,0.0,referral,desktop,refunded,199.53
BKG-002092,SES-036393,USR-02036,EXP-0148,2025-05-23,2025-05-30,2,88.58,0.0,organic,desktop,completed,177.16
BKG-002093,SES-036398,USR-07149,EXP-0124,2025-05-16,2025-05-23,1,81.82,0.18,paid_search,mobile,completed,67.09
BKG-002094,SES-036421,USR-05576,EXP-0116,2025-02-25,2025-04-11,2,77.26,0.2,paid_search,desktop,completed,123.62
BKG-002095,SES-036432,USR-07464,EXP-0153,2025-02-17,2025-03-22,1,55.34,0.13,organic,mobile,completed,48.15
BKG-002096,SES-036443,USR-01272,EXP-0062,2025-01-29,2025-02-06,2,115.2,0.1,social,mobile,completed,207.36
BKG-002097,SES-036495,USR-00896,EXP-0028,2024-10-16,2024-10-17,2,66.91,0.11,organic,mobile,completed,119.1
BKG-002098,SES-036502,USR-00093,EXP-0237,2024-11-25,2024-11-29,1,66.32,0.0,paid_search,desktop,completed,66.32
BKG-002099,SES-036506,USR-04519,EXP-0235,2025-03-19,2025-03-28,1,57.04,0.19,organic,mobile,cancelled,46.2
BKG-002100,SES-036533,USR-00906,EXP-0235,2024-12-31,2025-01-24,4,56.19,0.0,paid_search,mobile,completed,224.76
BKG-002101,SES-036557,USR-03366,EXP-0210,2024-11-20,2024-11-26,3,118.96,0.0,affiliates,mobile,completed,356.88
BKG-002102,SES-036572,USR-05205,EXP-0066,2024-07-15,2024-07-18,4,57.1,0.0,paid_search,mobile,completed,228.4
BKG-002103,SES-036584,USR-03958,EXP-0161,2024-08-28,2024-09-01,4,164.06,0.0,paid_search,mobile,refunded,656.24
BKG-002104,SES-036622,USR-06408,EXP-0046,2025-01-27,2025-02-18,3,172.07,0.0,paid_search,desktop,completed,516.21
BKG-002105,SES-036627,USR-06742,EXP-0227,2024-08-16,2024-09-07,2,85.81,0.0,paid_search,desktop,completed,171.62
BKG-002106,SES-036640,USR-06354,EXP-0300,2025-06-12,2025-06-26,2,62.13,0.0,email,mobile,completed,124.26
BKG-002107,SES-036642,USR-05615,EXP-0023,2024-08-19,2024-09-17,5,45.16,0.0,organic,mobile,completed,225.8
BKG-002108,SES-036665,USR-01708,EXP-0079,2025-02-25,2025-03-08,4,98.67,0.0,paid_search,mobile,completed,394.68
BKG-002109,SES-036682,USR-07286,EXP-0187,2025-06-17,2025-06-29,2,46.77,0.0,paid_search,mobile,completed,93.54
BKG-002110,SES-036687,USR-01415,EXP-0206,2025-05-18,2025-05-20,2,69.51,0.0,referral,mobile,completed,139.02
BKG-002111,SES-036695,USR-05992,EXP-0063,2024-09-13,2024-10-02,3,107.41,0.0,referral,desktop,completed,322.23
BKG-002112,SES-036697,USR-01663,EXP-0045,2025-01-24,2025-02-05,2,157.93,0.0,organic,mobile,refunded,315.86
BKG-002113,SES-036705,USR-01831,EXP-0018,2025-03-02,2025-03-08,3,53.66,0.0,organic,mobile,completed,160.98
BKG-002114,SES-036743,USR-04345,EXP-0223,2025-04-11,2025-04-14,1,92.18,0.0,paid_search,desktop,completed,92.18
BKG-002115,SES-036756,USR-00083,EXP-0070,2025-03-01,2025-03-07,3,71.39,0.0,referral,desktop,completed,214.17
BKG-002116,SES-036757,USR-02654,EXP-0184,2024-08-13,2024-08-19,4,71.97,0.0,social,desktop,completed,287.88
BKG-002117,SES-036760,USR-03022,EXP-0036,2024-11-02,2024-11-03,2,67.91,0.0,affiliates,mobile,completed,135.82
BKG-002118,SES-036774,USR-04424,EXP-0078,2024-12-15,2024-12-23,2,47.8,0.0,referral,desktop,completed,95.6
BKG-002119,SES-036780,USR-01445,EXP-0121,2025-01-10,2025-01-14,2,113.4,0.0,affiliates,desktop,completed,226.8
BKG-002120,SES-036783,USR-00132,EXP-0147,2025-05-23,2025-05-30,2,33.4,0.0,organic,desktop,completed,66.8
BKG-002121,SES-036810,USR-01210,EXP-0036,2024-09-26,2024-10-05,1,69.9,0.0,social,desktop,completed,69.9
BKG-002122,SES-036816,USR-05677,EXP-0224,2025-04-03,2025-04-07,2,74.08,0.16,paid_search,mobile,completed,124.45
BKG-002123,SES-036825,USR-07124,EXP-0072,2025-06-04,2025-06-28,1,84.51,0.08,paid_search,desktop,completed,77.75
BKG-002124,SES-036878,USR-06849,EXP-0031,2025-04-16,2025-04-30,5,57.51,0.09,organic,tablet,completed,261.67
BKG-002125,SES-036888,USR-07625,EXP-0246,2024-09-22,2024-10-01,5,146.71,0.0,paid_search,desktop,completed,733.55
BKG-002126,SES-036912,USR-01164,EXP-0144,2025-02-18,2025-02-26,2,76.5,0.0,organic,desktop,completed,153.0
BKG-002127,SES-036922,USR-01005,EXP-0286,2024-07-30,2024-08-13,3,52.95,0.08,organic,desktop,cancelled,146.14
BKG-002128,SES-036924,USR-04157,EXP-0151,2024-07-02,2024-07-17,2,62.58,0.0,email,desktop,cancelled,125.16
BKG-002129,SES-036925,USR-07549,EXP-0077,2024-12-04,2024-12-18,6,157.19,0.07,organic,desktop,completed,877.12
BKG-002130,SES-037004,USR-00278,EXP-0062,2025-01-15,2025-02-06,2,120.15,0.11,paid_search,mobile,completed,213.87
BKG-002131,SES-037016,USR-04404,EXP-0264,2025-05-11,2025-05-24,2,116.94,0.0,paid_search,mobile,completed,233.88
BKG-002132,SES-037017,USR-04146,EXP-0273,2025-04-05,2025-04-13,2,40.43,0.0,paid_search,tablet,completed,80.86
BKG-002133,SES-037026,USR-00968,EXP-0166,2025-03-04,2025-03-06,2,76.31,0.09,referral,desktop,completed,138.88
BKG-002134,SES-037030,USR-03821,EXP-0014,2025-05-26,2025-06-01,4,118.42,0.0,paid_search,mobile,cancelled,473.68
BKG-002135,SES-037059,USR-07705,EXP-0244,2024-07-12,2024-07-14,6,106.04,0.06,paid_search,desktop,completed,598.07
BKG-002136,SES-037077,USR-06693,EXP-0220,2024-11-07,2024-12-21,3,37.87,0.08,paid_search,desktop,completed,104.52
BKG-002137,SES-037089,USR-02201,EXP-0263,2025-03-27,2025-03-29,2,63.75,0.0,organic,mobile,completed,127.5
BKG-002138,SES-037190,USR-01751,EXP-0294,2025-06-28,2025-07-13,5,85.56,0.0,organic,mobile,completed,427.8
BKG-002139,SES-037191,USR-01806,EXP-0112,2024-10-25,2024-10-30,2,46.05,0.0,referral,desktop,completed,92.1
BKG-002140,SES-037253,USR-04482,EXP-0051,2025-05-31,2025-06-03,3,26.16,0.11,paid_search,mobile,cancelled,69.85
BKG-002141,SES-037320,USR-01513,EXP-0071,2025-02-05,2025-02-22,6,49.95,0.0,organic,desktop,completed,299.7
BKG-002142,SES-037340,USR-00667,EXP-0096,2024-07-30,2024-08-23,2,123.53,0.0,paid_search,mobile,completed,247.06
BKG-002143,SES-037345,USR-07606,EXP-0234,2024-12-26,2025-01-06,2,85.21,0.18,affiliates,desktop,completed,139.74
BKG-002144,SES-037359,USR-02068,EXP-0040,2025-02-17,2025-03-02,1,185.44,0.0,affiliates,desktop,completed,185.44
BKG-002145,SES-037364,USR-04660,EXP-0221,2024-12-05,2025-01-11,4,78.71,0.0,paid_search,mobile,completed,314.84
BKG-002146,SES-037418,USR-04110,EXP-0289,2025-03-05,2025-03-07,2,70.32,0.19,paid_search,desktop,completed,113.92
BKG-002147,SES-037431,USR-03795,EXP-0216,2024-09-03,2024-09-10,4,88.65,0.15,paid_search,desktop,completed,301.41
BKG-002148,SES-037432,USR-03653,EXP-0226,2024-12-01,2024-12-13,2,129.02,0.05,referral,mobile,completed,245.14
BKG-002149,SES-037450,USR-00714,EXP-0152,2025-06-29,2025-07-17,2,208.95,0.11,organic,desktop,completed,371.93
BKG-002150,SES-037466,USR-00890,EXP-0118,2024-10-12,2024-11-12,2,54.35,0.0,affiliates,desktop,completed,108.7
BKG-002151,SES-037469,USR-04169,EXP-0136,2024-09-29,2024-10-01,2,41.49,0.0,organic,desktop,completed,82.98
BKG-002152,SES-037505,USR-03504,EXP-0205,2024-11-15,2024-11-16,5,121.14,0.0,affiliates,desktop,completed,605.7
BKG-002153,SES-037511,USR-04160,EXP-0126,2025-01-15,2025-01-27,2,73.53,0.0,paid_search,mobile,completed,147.06
BKG-002154,SES-037521,USR-07576,EXP-0069,2024-11-09,2024-11-21,1,113.99,0.0,social,mobile,completed,113.99
BKG-002155,SES-037525,USR-00747,EXP-0256,2024-09-30,2024-10-04,4,33.81,0.0,paid_search,mobile,cancelled,135.24
BKG-002156,SES-037528,USR-02062,EXP-0132,2025-05-29,2025-06-06,6,110.79,0.0,referral,mobile,completed,664.74
BKG-002157,SES-037544,USR-06457,EXP-0070,2024-07-31,2024-08-18,2,71.03,0.0,organic,desktop,completed,142.06
BKG-002158,SES-037586,USR-04703,EXP-0052,2025-03-23,2025-03-29,2,73.83,0.0,affiliates,desktop,completed,147.66
BKG-002159,SES-037596,USR-06874,EXP-0113,2024-08-23,2024-08-24,3,128.66,0.0,paid_search,mobile,completed,385.98
BKG-002160,SES-037605,USR-04085,EXP-0107,2024-07-27,2024-07-28,1,34.94,0.0,affiliates,desktop,completed,34.94
BKG-002161,SES-037610,USR-00226,EXP-0279,2024-09-29,2024-10-03,2,96.08,0.14,paid_search,mobile,completed,165.26
BKG-002162,SES-037615,USR-00395,EXP-0034,2024-11-24,2024-12-06,6,96.85,0.0,affiliates,desktop,completed,581.1
BKG-002163,SES-037620,USR-05692,EXP-0086,2025-06-02,2025-06-10,2,31.48,0.0,paid_search,desktop,completed,62.96
BKG-002164,SES-037659,USR-05970,EXP-0246,2024-07-21,2024-08-01,2,133.9,0.0,email,desktop,completed,267.8
BKG-002165,SES-037712,USR-07581,EXP-0235,2024-11-26,2024-12-02,2,57.39,0.0,organic,mobile,completed,114.78
BKG-002166,SES-037722,USR-04879,EXP-0199,2024-10-03,2024-10-07,3,82.1,0.0,referral,mobile,completed,246.3
BKG-002167,SES-037723,USR-02270,EXP-0171,2024-12-09,2024-12-24,1,131.24,0.0,organic,mobile,completed,131.24
BKG-002168,SES-037731,USR-01996,EXP-0207,2025-04-26,2025-05-01,2,86.83,0.0,email,mobile,completed,173.66
BKG-002169,SES-037744,USR-05466,EXP-0180,2024-09-10,2024-09-27,1,193.03,0.0,email,mobile,completed,193.03
BKG-002170,SES-037780,USR-05563,EXP-0201,2024-11-15,2024-11-21,6,82.11,0.0,paid_search,desktop,completed,492.66
BKG-002171,SES-037793,USR-04009,EXP-0154,2025-01-05,2025-01-09,2,48.07,0.0,organic,desktop,cancelled,96.14
BKG-002172,SES-037808,USR-06034,EXP-0158,2025-06-04,2025-06-07,2,49.38,0.0,paid_search,mobile,cancelled,98.76
BKG-002173,SES-037825,USR-03746,EXP-0008,2025-05-11,2025-05-13,3,63.07,0.0,email,desktop,completed,189.21
BKG-002174,SES-037859,USR-01720,EXP-0290,2025-05-05,2025-05-19,2,161.54,0.0,affiliates,mobile,completed,323.08
BKG-002175,SES-037865,USR-02288,EXP-0226,2024-08-13,2024-08-20,2,138.58,0.0,organic,desktop,completed,277.16
BKG-002176,SES-037882,USR-03126,EXP-0265,2024-12-31,2025-01-01,2,58.41,0.0,organic,desktop,completed,116.82
BKG-002177,SES-037897,USR-05054,EXP-0292,2024-08-30,2024-09-04,2,97.41,0.12,organic,desktop,completed,171.44
BKG-002178,SES-037915,USR-01179,EXP-0161,2024-12-19,2025-01-05,3,154.98,0.09,affiliates,mobile,completed,423.1
BKG-002179,SES-037921,USR-00978,EXP-0120,2024-12-07,2024-12-10,1,78.17,0.0,paid_search,desktop,completed,78.17
BKG-002180,SES-037935,USR-05532,EXP-0157,2024-09-27,2024-10-04,1,103.16,0.0,email,mobile,completed,103.16
BKG-002181,SES-037955,USR-02554,EXP-0113,2025-05-22,2025-05-29,2,116.95,0.0,social,desktop,completed,233.9
BKG-002182,SES-037960,USR-06006,EXP-0039,2025-02-11,2025-02-17,2,70.53,0.0,paid_search,mobile,completed,141.06
BKG-002183,SES-038032,USR-02292,EXP-0211,2024-09-16,2024-10-01,4,85.22,0.0,paid_search,desktop,completed,340.88
BKG-002184,SES-038038,USR-04288,EXP-0038,2025-04-05,2025-04-13,2,174.1,0.0,paid_search,desktop,completed,348.2
BKG-002185,SES-038092,USR-04312,EXP-0031,2025-02-23,2025-03-07,3,66.77,0.0,email,desktop,completed,200.31
BKG-002186,SES-038094,USR-02125,EXP-0205,2024-11-11,2024-11-25,2,123.23,0.14,social,mobile,completed,211.96
BKG-002187,SES-038128,USR-02421,EXP-0002,2024-07-13,2024-07-24,3,30.38,0.14,organic,desktop,completed,78.38
BKG-002188,SES-038151,USR-00279,EXP-0016,2024-10-19,2024-10-23,4,94.04,0.0,paid_search,mobile,completed,376.16
BKG-002189,SES-038175,USR-04413,EXP-0259,2025-01-30,2025-02-27,2,134.76,0.0,paid_search,desktop,completed,269.52
BKG-002190,SES-038191,USR-04599,EXP-0123,2024-07-20,2024-07-23,2,83.96,0.06,organic,mobile,completed,157.84
BKG-002191,SES-038256,USR-03208,EXP-0226,2024-12-10,2024-12-20,3,136.02,0.17,paid_search,mobile,completed,338.69
BKG-002192,SES-038265,USR-04892,EXP-0064,2024-12-01,2025-01-19,5,79.99,0.0,referral,tablet,completed,399.95
BKG-002193,SES-038283,USR-04930,EXP-0094,2025-05-11,2025-05-14,1,84.17,0.14,paid_search,mobile,completed,72.39
BKG-002194,SES-038287,USR-07694,EXP-0146,2025-03-02,2025-03-10,2,49.99,0.15,organic,desktop,completed,84.98
BKG-002195,SES-038293,USR-00695,EXP-0049,2024-07-18,2024-07-22,3,124.17,0.0,email,mobile,completed,372.51
BKG-002196,SES-038296,USR-06545,EXP-0045,2025-03-02,2025-03-20,2,164.0,0.08,referral,tablet,cancelled,301.76
BKG-002197,SES-038299,USR-00393,EXP-0028,2024-10-11,2024-10-24,4,63.19,0.0,organic,desktop,completed,252.76
BKG-002198,SES-038322,USR-03352,EXP-0090,2024-09-11,2024-09-17,5,134.43,0.0,referral,mobile,completed,672.15
BKG-002199,SES-038351,USR-01435,EXP-0004,2024-10-30,2024-11-17,2,56.35,0.0,referral,mobile,completed,112.7
BKG-002200,SES-038357,USR-04196,EXP-0089,2025-03-13,2025-03-20,1,80.5,0.1,organic,mobile,completed,72.45
BKG-002201,SES-038400,USR-01313,EXP-0195,2024-08-07,2024-08-19,1,76.63,0.0,social,mobile,completed,76.63
BKG-002202,SES-038426,USR-03066,EXP-0105,2024-10-02,2024-10-05,6,64.06,0.0,paid_search,mobile,completed,384.36
BKG-002203,SES-038437,USR-03907,EXP-0143,2024-08-14,2024-09-14,2,93.47,0.0,organic,desktop,completed,186.94
BKG-002204,SES-038452,USR-03322,EXP-0298,2025-04-08,2025-05-07,2,78.35,0.0,paid_search,mobile,completed,156.7
BKG-002205,SES-038461,USR-00005,EXP-0034,2024-07-24,2024-07-29,2,113.87,0.05,social,mobile,completed,216.35
BKG-002206,SES-038477,USR-05352,EXP-0184,2024-10-08,2024-11-02,2,74.81,0.0,email,mobile,completed,149.62
BKG-002207,SES-038520,USR-03117,EXP-0060,2024-12-31,2025-01-07,2,94.86,0.0,organic,mobile,completed,189.72
BKG-002208,SES-038526,USR-07971,EXP-0019,2024-08-16,2024-08-28,4,36.35,0.15,paid_search,mobile,completed,123.59
BKG-002209,SES-038567,USR-00051,EXP-0144,2025-02-23,2025-03-01,2,81.49,0.0,organic,desktop,completed,162.98
BKG-002210,SES-038589,USR-01960,EXP-0228,2025-03-21,2025-04-07,2,147.55,0.0,paid_search,mobile,completed,295.1
BKG-002211,SES-038683,USR-07495,EXP-0245,2024-07-16,2024-08-06,1,117.54,0.0,referral,mobile,completed,117.54
BKG-002212,SES-038697,USR-05364,EXP-0042,2024-07-29,2024-09-15,1,127.22,0.09,email,mobile,completed,115.77
BKG-002213,SES-038704,USR-05374,EXP-0147,2025-01-22,2025-01-23,4,36.6,0.0,paid_search,mobile,completed,146.4
BKG-002214,SES-038709,USR-02373,EXP-0031,2024-10-09,2024-10-23,3,57.78,0.0,paid_search,desktop,completed,173.34
BKG-002215,SES-038711,USR-05343,EXP-0264,2024-09-16,2024-09-17,2,131.91,0.0,paid_search,mobile,cancelled,263.82
BKG-002216,SES-038743,USR-03394,EXP-0206,2024-12-14,2024-12-15,2,61.85,0.13,paid_search,desktop,completed,107.62
BKG-002217,SES-038746,USR-04295,EXP-0125,2024-09-18,2024-09-25,2,49.84,0.0,paid_search,mobile,completed,99.68
BKG-002218,SES-038749,USR-01566,EXP-0247,2025-04-10,2025-04-13,1,130.97,0.0,paid_search,mobile,completed,130.97
BKG-002219,SES-038787,USR-03786,EXP-0193,2024-07-22,2024-07-24,2,90.6,0.0,referral,mobile,completed,181.2
BKG-002220,SES-038794,USR-04408,EXP-0019,2024-10-28,2024-11-12,3,33.98,0.0,organic,mobile,completed,101.94
BKG-002221,SES-038832,USR-06810,EXP-0137,2025-04-12,2025-05-19,2,48.57,0.0,referral,mobile,completed,97.14
BKG-002222,SES-038841,USR-01795,EXP-0279,2025-03-04,2025-03-08,2,106.58,0.0,social,desktop,completed,213.16
BKG-002223,SES-038843,USR-04436,EXP-0028,2025-02-16,2025-02-18,2,59.91,0.16,email,desktop,completed,100.65
BKG-002224,SES-038849,USR-00929,EXP-0015,2025-04-11,2025-05-20,1,33.78,0.0,paid_search,desktop,completed,33.78
BKG-002225,SES-038892,USR-07450,EXP-0161,2025-01-21,2025-02-05,2,162.14,0.07,paid_search,mobile,completed,301.58
BKG-002226,SES-038962,USR-02057,EXP-0137,2024-08-13,2024-09-30,4,54.18,0.0,paid_search,mobile,completed,216.72
BKG-002227,SES-038983,USR-02248,EXP-0043,2025-03-03,2025-03-11,2,35.46,0.0,paid_search,mobile,completed,70.92
BKG-002228,SES-039010,USR-06331,EXP-0014,2024-07-28,2024-08-20,1,122.48,0.18,paid_search,mobile,completed,100.43
BKG-002229,SES-039024,USR-06150,EXP-0248,2025-03-29,2025-06-01,2,142.85,0.0,paid_search,desktop,completed,285.7
BKG-002230,SES-039026,USR-07545,EXP-0129,2024-07-20,2024-07-23,2,176.99,0.17,paid_search,desktop,completed,293.8
BKG-002231,SES-039036,USR-05417,EXP-0209,2024-08-25,2024-08-27,2,84.41,0.0,paid_search,desktop,completed,168.82
BKG-002232,SES-039040,USR-04436,EXP-0250,2025-04-16,2025-04-18,2,46.89,0.14,paid_search,mobile,completed,80.65
BKG-002233,SES-039065,USR-05230,EXP-0092,2024-11-07,2024-11-18,1,60.26,0.0,organic,desktop,completed,60.26
BKG-002234,SES-039085,USR-02798,EXP-0115,2025-06-18,2025-06-19,2,27.43,0.0,paid_search,desktop,completed,54.86
BKG-002235,SES-039105,USR-01038,EXP-0231,2024-08-18,2024-08-28,2,68.84,0.0,paid_search,desktop,completed,137.68
BKG-002236,SES-039119,USR-05351,EXP-0176,2025-01-10,2025-02-08,3,55.32,0.0,organic,mobile,completed,165.96
BKG-002237,SES-039144,USR-03536,EXP-0261,2024-09-30,2024-10-18,1,119.49,0.0,email,desktop,completed,119.49
BKG-002238,SES-039158,USR-07171,EXP-0189,2024-10-10,2024-10-16,3,93.06,0.0,paid_search,mobile,completed,279.18
BKG-002239,SES-039159,USR-05630,EXP-0141,2025-01-27,2025-02-02,2,47.08,0.11,paid_search,desktop,completed,83.8
BKG-002240,SES-039170,USR-05993,EXP-0170,2025-01-22,2025-01-24,2,172.57,0.0,organic,mobile,completed,345.14
BKG-002241,SES-039210,USR-06455,EXP-0193,2024-09-13,2024-09-14,2,82.58,0.17,referral,desktop,completed,137.08
BKG-002242,SES-039223,USR-02248,EXP-0214,2025-06-18,2025-06-23,4,81.54,0.0,email,desktop,completed,326.16
BKG-002243,SES-039227,USR-03457,EXP-0032,2025-01-01,2025-02-03,6,80.9,0.0,email,desktop,cancelled,485.4
BKG-002244,SES-039276,USR-06876,EXP-0197,2024-07-16,2024-08-11,2,76.8,0.0,paid_search,desktop,completed,153.6
BKG-002245,SES-039277,USR-04940,EXP-0045,2025-04-29,2025-05-12,3,145.3,0.0,paid_search,desktop,completed,435.9
BKG-002246,SES-039285,USR-06465,EXP-0191,2024-07-12,2024-07-15,4,71.17,0.0,organic,desktop,completed,284.68
BKG-002247,SES-039286,USR-03092,EXP-0147,2025-04-12,2025-04-15,2,35.32,0.07,paid_search,desktop,completed,65.7
BKG-002248,SES-039295,USR-01152,EXP-0108,2024-07-29,2024-09-08,1,66.43,0.11,organic,mobile,completed,59.12
BKG-002249,SES-039312,USR-00632,EXP-0188,2025-03-31,2025-04-09,3,43.89,0.0,affiliates,desktop,completed,131.67
BKG-002250,SES-039323,USR-04569,EXP-0003,2024-07-09,2024-07-22,3,90.13,0.0,paid_search,desktop,completed,270.39
BKG-002251,SES-039343,USR-05226,EXP-0279,2024-09-18,2024-09-30,2,100.5,0.0,social,desktop,completed,201.0
BKG-002252,SES-039344,USR-05970,EXP-0073,2024-07-09,2024-07-14,1,89.18,0.0,paid_search,mobile,completed,89.18
BKG-002253,SES-039370,USR-06466,EXP-0179,2024-11-16,2024-12-03,4,34.96,0.0,affiliates,desktop,completed,139.84
BKG-002254,SES-039379,USR-04837,EXP-0165,2025-03-10,2025-03-13,2,55.49,0.0,paid_search,tablet,completed,110.98
BKG-002255,SES-039383,USR-04228,EXP-0136,2025-02-13,2025-03-23,1,40.75,0.0,referral,desktop,completed,40.75
BKG-002256,SES-039384,USR-01698,EXP-0295,2025-01-02,2025-01-09,2,47.49,0.0,organic,desktop,completed,94.98
BKG-002257,SES-039399,USR-01796,EXP-0036,2024-07-20,2024-08-15,1,75.59,0.0,organic,desktop,completed,75.59
BKG-002258,SES-039433,USR-05091,EXP-0147,2025-01-27,2025-02-01,3,32.45,0.0,email,mobile,completed,97.35
BKG-002259,SES-039445,USR-02824,EXP-0212,2024-09-06,2024-09-12,6,62.13,0.18,paid_search,mobile,completed,305.68
BKG-002260,SES-039450,USR-07336,EXP-0009,2024-11-11,2024-11-17,1,56.04,0.0,paid_search,mobile,completed,56.04
BKG-002261,SES-039509,USR-07618,EXP-0161,2025-02-17,2025-03-17,2,153.54,0.0,paid_search,mobile,cancelled,307.08
BKG-002262,SES-039512,USR-07892,EXP-0267,2024-07-31,2024-08-06,4,47.79,0.0,paid_search,desktop,completed,191.16
BKG-002263,SES-039520,USR-00954,EXP-0004,2025-06-13,2025-06-23,2,60.36,0.07,organic,mobile,completed,112.27
BKG-002264,SES-039540,USR-04040,EXP-0023,2024-09-07,2024-10-28,2,40.25,0.0,paid_search,mobile,completed,80.5
BKG-002265,SES-039591,USR-05089,EXP-0049,2024-11-18,2024-11-19,2,126.55,0.0,affiliates,desktop,completed,253.1
BKG-002266,SES-039620,USR-00575,EXP-0256,2024-12-28,2025-01-05,2,33.39,0.0,paid_search,mobile,completed,66.78
BKG-002267,SES-039703,USR-04692,EXP-0201,2025-05-24,2025-06-19,4,79.23,0.0,paid_search,desktop,completed,316.92
BKG-002268,SES-039725,USR-01057,EXP-0126,2025-05-12,2025-06-26,2,79.5,0.0,paid_search,desktop,completed,159.0
BKG-002269,SES-039763,USR-03455,EXP-0111,2025-05-31,2025-06-14,2,118.51,0.0,affiliates,mobile,completed,237.02
BKG-002270,SES-039770,USR-02433,EXP-0284,2024-07-21,2024-08-18,2,217.98,0.15,organic,mobile,completed,370.57
BKG-002271,SES-039790,USR-04408,EXP-0274,2025-03-31,2025-04-30,3,32.99,0.0,organic,mobile,completed,98.97
BKG-002272,SES-039810,USR-03045,EXP-0156,2025-06-08,2025-06-16,4,53.99,0.0,organic,desktop,completed,215.96
BKG-002273,SES-039821,USR-03024,EXP-0156,2024-07-16,2024-08-17,1,52.41,0.0,referral,mobile,completed,52.41
BKG-002274,SES-039824,USR-07976,EXP-0242,2025-03-06,2025-03-08,2,75.31,0.0,affiliates,mobile,completed,150.62
BKG-002275,SES-039833,USR-05182,EXP-0110,2025-04-05,2025-04-08,1,125.6,0.0,referral,desktop,cancelled,125.6
BKG-002276,SES-039847,USR-05123,EXP-0072,2024-10-17,2024-10-25,2,92.46,0.18,referral,mobile,completed,151.63
BKG-002277,SES-039859,USR-00587,EXP-0075,2024-10-07,2024-11-04,1,92.44,0.0,paid_search,desktop,cancelled,92.44
BKG-002278,SES-039860,USR-04043,EXP-0055,2024-11-24,2024-12-07,5,61.89,0.0,organic,desktop,cancelled,309.45
BKG-002279,SES-039892,USR-03599,EXP-0207,2024-07-06,2024-08-02,4,107.72,0.0,paid_search,mobile,cancelled,430.88
BKG-002280,SES-039893,USR-04046,EXP-0035,2024-12-27,2024-12-29,1,129.68,0.0,paid_search,mobile,completed,129.68
BKG-002281,SES-039895,USR-07669,EXP-0059,2024-10-20,2024-11-19,6,33.92,0.11,paid_search,desktop,cancelled,181.13
BKG-002282,SES-039910,USR-04919,EXP-0032,2024-10-24,2024-10-25,2,82.42,0.0,organic,tablet,completed,164.84
BKG-002283,SES-039916,USR-04053,EXP-0248,2024-07-22,2024-08-18,3,158.75,0.12,organic,desktop,cancelled,419.1
BKG-002284,SES-039950,USR-03889,EXP-0005,2025-03-31,2025-04-09,1,74.38,0.0,organic,mobile,completed,74.38
BKG-002285,SES-039961,USR-02336,EXP-0026,2025-06-15,2025-07-11,2,26.69,0.0,paid_search,tablet,completed,53.38
BKG-002286,SES-039965,USR-03311,EXP-0258,2024-07-19,2024-07-26,3,123.92,0.08,organic,mobile,completed,342.02
BKG-002287,SES-039977,USR-00603,EXP-0172,2024-11-21,2024-12-17,2,65.19,0.0,referral,desktop,completed,130.38
BKG-002288,SES-039981,USR-01998,EXP-0061,2024-10-01,2024-10-18,1,58.1,0.15,paid_search,mobile,completed,49.38
BKG-002289,SES-040019,USR-03679,EXP-0186,2025-05-30,2025-06-22,2,54.6,0.0,referral,tablet,completed,109.2
BKG-002290,SES-040028,USR-06971,EXP-0138,2024-07-30,2024-08-01,5,55.67,0.0,paid_search,desktop,completed,278.35
BKG-002291,SES-040078,USR-07462,EXP-0170,2024-12-26,2024-12-28,2,170.61,0.0,organic,mobile,cancelled,341.22
BKG-002292,SES-040081,USR-06040,EXP-0248,2024-09-06,2024-09-24,3,176.1,0.0,affiliates,mobile,completed,528.3
BKG-002293,SES-040085,USR-02018,EXP-0228,2024-08-02,2024-08-03,2,159.02,0.0,social,mobile,completed,318.04
BKG-002294,SES-040093,USR-05233,EXP-0227,2025-01-06,2025-02-10,2,89.92,0.06,referral,desktop,completed,169.05
BKG-002295,SES-040097,USR-04089,EXP-0281,2025-05-20,2025-06-06,2,39.64,0.0,paid_search,mobile,completed,79.28
BKG-002296,SES-040120,USR-07557,EXP-0008,2025-03-20,2025-03-22,2,54.03,0.0,paid_search,desktop,completed,108.06
BKG-002297,SES-040145,USR-07364,EXP-0086,2025-05-07,2025-07-15,3,32.38,0.0,affiliates,desktop,completed,97.14
BKG-002298,SES-040147,USR-01074,EXP-0024,2024-09-13,2024-09-25,6,104.65,0.0,email,mobile,completed,627.9
BKG-002299,SES-040167,USR-04450,EXP-0077,2025-01-16,2025-01-25,2,130.41,0.15,organic,desktop,completed,221.7
BKG-002300,SES-040203,USR-06204,EXP-0076,2024-11-15,2024-12-09,4,73.19,0.17,social,desktop,completed,242.99
BKG-002301,SES-040215,USR-07506,EXP-0214,2025-05-22,2025-05-25,3,79.69,0.0,organic,desktop,completed,239.07
BKG-002302,SES-040226,USR-05583,EXP-0179,2024-08-01,2024-08-04,1,39.05,0.0,paid_search,mobile,completed,39.05
BKG-002303,SES-040252,USR-01636,EXP-0296,2025-03-17,2025-03-31,3,64.36,0.0,organic,mobile,completed,193.08
BKG-002304,SES-040285,USR-06368,EXP-0265,2025-04-30,2025-05-04,6,63.97,0.0,email,desktop,completed,383.82
BKG-002305,SES-040289,USR-05235,EXP-0299,2024-11-03,2024-11-05,2,108.62,0.0,organic,desktop,completed,217.24
BKG-002306,SES-040300,USR-06662,EXP-0228,2024-08-22,2024-08-27,2,140.58,0.0,referral,desktop,completed,281.16
BKG-002307,SES-040339,USR-07023,EXP-0235,2024-11-10,2024-12-18,6,56.35,0.0,referral,mobile,completed,338.1
BKG-002308,SES-040346,USR-03616,EXP-0173,2024-11-04,2024-11-12,5,62.95,0.0,email,desktop,completed,314.75
BKG-002309,SES-040383,USR-06510,EXP-0054,2025-03-10,2025-03-25,2,73.7,0.0,paid_search,desktop,completed,147.4
BKG-002310,SES-040398,USR-06269,EXP-0155,2024-07-06,2024-07-11,2,71.83,0.0,email,mobile,completed,143.66
BKG-002311,SES-040431,USR-07858,EXP-0106,2025-01-31,2025-02-01,6,124.23,0.0,organic,mobile,refunded,745.38
BKG-002312,SES-040442,USR-06039,EXP-0024,2024-08-04,2024-08-05,6,95.58,0.0,organic,desktop,completed,573.48
BKG-002313,SES-040447,USR-03057,EXP-0292,2025-04-19,2025-05-06,2,93.58,0.2,paid_search,mobile,completed,149.73
BKG-002314,SES-040452,USR-07325,EXP-0176,2025-06-23,2025-07-03,2,61.12,0.19,paid_search,mobile,completed,99.01
BKG-002315,SES-040469,USR-07584,EXP-0206,2024-07-20,2024-07-22,1,70.52,0.09,paid_search,desktop,completed,64.17
BKG-002316,SES-040474,USR-04334,EXP-0229,2025-05-15,2025-05-29,6,79.88,0.0,organic,mobile,completed,479.28
BKG-002317,SES-040485,USR-07388,EXP-0191,2024-07-02,2024-07-09,6,74.37,0.0,paid_search,mobile,completed,446.22
BKG-002318,SES-040498,USR-01357,EXP-0031,2025-01-19,2025-01-31,3,60.42,0.0,paid_search,mobile,refunded,181.26
BKG-002319,SES-040563,USR-05946,EXP-0241,2025-02-07,2025-02-14,1,152.37,0.2,affiliates,desktop,completed,121.9
BKG-002320,SES-040625,USR-00644,EXP-0106,2025-06-08,2025-06-15,1,135.93,0.0,referral,desktop,completed,135.93
BKG-002321,SES-040670,USR-05608,EXP-0048,2024-08-21,2024-08-25,4,93.14,0.0,affiliates,tablet,completed,372.56
BKG-002322,SES-040675,USR-03476,EXP-0168,2024-09-26,2024-10-06,1,147.01,0.12,paid_search,mobile,completed,129.37
BKG-002323,SES-040724,USR-04891,EXP-0056,2025-06-19,2025-06-25,1,40.32,0.0,referral,mobile,completed,40.32
BKG-002324,SES-040735,USR-01129,EXP-0164,2024-12-11,2024-12-15,2,78.84,0.0,paid_search,mobile,completed,157.68
BKG-002325,SES-040754,USR-07798,EXP-0227,2024-09-11,2024-09-12,2,87.46,0.0,social,tablet,completed,174.92
BKG-002326,SES-040755,USR-07294,EXP-0063,2025-05-12,2025-05-19,2,93.36,0.0,organic,desktop,refunded,186.72
BKG-002327,SES-040783,USR-06876,EXP-0173,2025-06-17,2025-06-18,2,70.85,0.0,paid_search,mobile,cancelled,141.7
BKG-002328,SES-040792,USR-00443,EXP-0089,2024-09-15,2024-09-29,2,75.15,0.0,affiliates,mobile,completed,150.3
BKG-002329,SES-040795,USR-02057,EXP-0249,2025-05-14,2025-05-28,1,205.96,0.0,organic,mobile,completed,205.96
BKG-002330,SES-040806,USR-00926,EXP-0099,2025-06-01,2025-06-17,3,73.04,0.0,email,mobile,completed,219.12
BKG-002331,SES-040827,USR-01011,EXP-0059,2025-01-22,2025-01-30,1,33.09,0.11,organic,desktop,completed,29.45
BKG-002332,SES-040828,USR-03833,EXP-0062,2024-09-21,2024-10-16,2,116.23,0.0,organic,desktop,completed,232.46
BKG-002333,SES-040870,USR-00038,EXP-0021,2025-03-31,2025-04-17,2,90.01,0.0,organic,mobile,completed,180.02
BKG-002334,SES-040875,USR-04157,EXP-0123,2024-09-11,2024-09-18,2,87.53,0.0,affiliates,mobile,completed,175.06
BKG-002335,SES-040891,USR-05326,EXP-0239,2025-03-10,2025-03-16,4,170.39,0.14,paid_search,mobile,completed,586.14
BKG-002336,SES-040930,USR-02552,EXP-0183,2025-03-11,2025-03-13,3,24.73,0.0,social,mobile,cancelled,74.19
BKG-002337,SES-040953,USR-07594,EXP-0187,2024-08-01,2024-08-31,3,50.32,0.17,paid_search,mobile,completed,125.3
BKG-002338,SES-040978,USR-04457,EXP-0162,2024-11-02,2024-11-14,1,66.01,0.16,paid_search,desktop,completed,55.45
BKG-002339,SES-041021,USR-07432,EXP-0258,2024-07-22,2024-07-24,2,122.67,0.0,paid_search,desktop,completed,245.34
BKG-002340,SES-041027,USR-00703,EXP-0147,2025-04-24,2025-05-14,2,38.61,0.17,email,desktop,completed,64.09
BKG-002341,SES-041044,USR-05154,EXP-0300,2025-02-15,2025-03-04,3,62.74,0.0,paid_search,mobile,cancelled,188.22
BKG-002342,SES-041073,USR-04492,EXP-0183,2025-02-07,2025-03-06,1,24.28,0.12,paid_search,mobile,completed,21.37
BKG-002343,SES-041080,USR-05168,EXP-0049,2024-09-01,2024-09-08,1,122.79,0.0,paid_search,desktop,completed,122.79
BKG-002344,SES-041133,USR-03967,EXP-0125,2024-08-17,2024-09-01,1,53.42,0.0,paid_search,mobile,completed,53.42
BKG-002345,SES-041141,USR-04481,EXP-0043,2025-03-14,2025-03-30,1,34.42,0.0,affiliates,mobile,completed,34.42
BKG-002346,SES-041145,USR-05537,EXP-0105,2025-03-07,2025-03-22,5,73.17,0.15,paid_search,mobile,completed,310.97
BKG-002347,SES-041173,USR-06006,EXP-0075,2025-02-07,2025-02-28,2,98.04,0.14,paid_search,desktop,completed,168.63
BKG-002348,SES-041200,USR-07241,EXP-0249,2024-10-08,2024-10-09,2,213.51,0.0,paid_search,mobile,completed,427.02
BKG-002349,SES-041219,USR-02772,EXP-0035,2024-09-07,2024-09-21,4,149.81,0.0,affiliates,desktop,completed,599.24
BKG-002350,SES-041246,USR-01130,EXP-0011,2024-08-28,2024-09-10,4,70.03,0.0,organic,desktop,completed,280.12
BKG-002351,SES-041265,USR-07417,EXP-0149,2025-03-23,2025-04-22,2,59.31,0.2,paid_search,desktop,cancelled,94.9
BKG-002352,SES-041269,USR-02676,EXP-0132,2024-11-07,2024-11-12,4,112.57,0.18,affiliates,desktop,completed,369.23
BKG-002353,SES-041308,USR-00678,EXP-0028,2025-02-16,2025-02-18,4,55.6,0.0,paid_search,mobile,completed,222.4
BKG-002354,SES-041311,USR-07667,EXP-0021,2024-07-07,2024-07-10,2,82.88,0.0,paid_search,mobile,completed,165.76
BKG-002355,SES-041316,USR-00864,EXP-0092,2024-09-17,2024-09-27,3,67.42,0.0,organic,desktop,completed,202.26
BKG-002356,SES-041318,USR-00518,EXP-0049,2024-10-28,2024-11-02,2,114.98,0.18,organic,mobile,completed,188.57
BKG-002357,SES-041376,USR-03932,EXP-0099,2024-11-10,2024-11-17,2,88.21,0.0,paid_search,desktop,completed,176.42
BKG-002358,SES-041405,USR-02885,EXP-0206,2024-12-14,2024-12-29,3,67.86,0.07,organic,mobile,completed,189.33
BKG-002359,SES-041411,USR-00943,EXP-0288,2024-08-21,2024-10-04,2,73.61,0.09,referral,mobile,completed,133.97
BKG-002360,SES-041428,USR-07452,EXP-0183,2024-08-26,2024-08-31,2,24.41,0.0,referral,desktop,completed,48.82
BKG-002361,SES-041433,USR-02057,EXP-0163,2025-05-08,2025-05-22,2,46.69,0.19,organic,mobile,completed,75.64
BKG-002362,SES-041490,USR-01236,EXP-0179,2024-07-31,2024-08-05,3,43.88,0.1,email,mobile,completed,118.48
BKG-002363,SES-041509,USR-04068,EXP-0088,2024-07-15,2024-07-31,2,60.12,0.0,paid_search,desktop,completed,120.24
BKG-002364,SES-041513,USR-02782,EXP-0014,2025-03-31,2025-04-01,2,121.86,0.0,organic,mobile,completed,243.72
BKG-002365,SES-041528,USR-02363,EXP-0223,2025-03-31,2025-04-07,2,98.77,0.1,email,desktop,completed,177.79
BKG-002366,SES-041551,USR-01357,EXP-0006,2025-03-22,2025-03-25,2,47.19,0.0,paid_search,mobile,completed,94.38
BKG-002367,SES-041567,USR-00210,EXP-0083,2024-09-22,2024-10-09,2,87.69,0.0,email,desktop,completed,175.38
BKG-002368,SES-041615,USR-07926,EXP-0292,2025-05-05,2025-05-06,2,98.35,0.0,paid_search,desktop,completed,196.7
BKG-002369,SES-041625,USR-06962,EXP-0189,2025-01-20,2025-02-17,3,83.6,0.0,paid_search,mobile,completed,250.8
BKG-002370,SES-041650,USR-00864,EXP-0225,2024-12-06,2024-12-19,3,165.39,0.18,organic,desktop,completed,406.86
BKG-002371,SES-041682,USR-01705,EXP-0049,2025-01-12,2025-01-17,4,123.33,0.0,email,tablet,completed,493.32
BKG-002372,SES-041690,USR-07628,EXP-0095,2025-04-30,2025-05-30,1,132.68,0.0,paid_search,mobile,completed,132.68
BKG-002373,SES-041700,USR-06811,EXP-0070,2025-01-14,2025-01-27,2,75.81,0.0,paid_search,mobile,completed,151.62
BKG-002374,SES-041721,USR-02265,EXP-0141,2024-11-11,2024-11-18,2,45.39,0.0,paid_search,mobile,cancelled,90.78
BKG-002375,SES-041785,USR-01487,EXP-0090,2025-03-10,2025-03-12,4,145.83,0.0,referral,mobile,completed,583.32
BKG-002376,SES-041801,USR-06560,EXP-0268,2025-05-07,2025-06-13,2,73.46,0.0,referral,tablet,completed,146.92
BKG-002377,SES-041805,USR-07557,EXP-0031,2024-12-31,2025-01-01,2,63.5,0.0,referral,desktop,completed,127.0
BKG-002378,SES-041836,USR-02054,EXP-0180,2025-05-24,2025-05-25,1,197.22,0.0,organic,mobile,completed,197.22
BKG-002379,SES-041843,USR-04962,EXP-0157,2024-11-15,2025-01-13,2,98.0,0.0,paid_search,desktop,completed,196.0
BKG-002380,SES-041849,USR-06977,EXP-0097,2025-02-14,2025-02-15,1,82.21,0.18,email,desktop,completed,67.41
BKG-002381,SES-041934,USR-03308,EXP-0187,2024-07-18,2024-07-19,4,53.47,0.0,email,mobile,completed,213.88
BKG-002382,SES-041961,USR-05713,EXP-0198,2024-10-21,2024-11-11,1,81.32,0.0,organic,desktop,completed,81.32
BKG-002383,SES-042004,USR-03246,EXP-0048,2024-10-07,2024-10-08,4,93.26,0.0,paid_search,mobile,completed,373.04
BKG-002384,SES-042037,USR-07832,EXP-0204,2025-01-13,2025-01-20,1,86.51,0.0,organic,mobile,cancelled,86.51
BKG-002385,SES-042041,USR-03717,EXP-0283,2025-06-18,2025-06-21,2,156.38,0.0,paid_search,mobile,completed,312.76
BKG-002386,SES-042079,USR-03880,EXP-0046,2024-07-10,2024-08-12,1,189.28,0.0,paid_search,mobile,completed,189.28
BKG-002387,SES-042080,USR-01311,EXP-0254,2024-11-21,2024-11-26,3,186.03,0.08,affiliates,mobile,completed,513.44
BKG-002388,SES-042081,USR-02691,EXP-0038,2024-11-20,2024-11-22,2,181.51,0.0,paid_search,mobile,completed,363.02
BKG-002389,SES-042112,USR-03733,EXP-0293,2024-08-19,2024-09-06,1,96.69,0.0,social,mobile,completed,96.69
BKG-002390,SES-042133,USR-04424,EXP-0099,2025-01-12,2025-01-23,4,96.77,0.0,paid_search,desktop,completed,387.08
BKG-002391,SES-042138,USR-01992,EXP-0057,2024-10-05,2024-10-11,3,90.71,0.14,organic,mobile,completed,234.03
BKG-002392,SES-042149,USR-00336,EXP-0281,2024-09-07,2024-10-06,2,41.59,0.17,organic,mobile,completed,69.04
BKG-002393,SES-042168,USR-01525,EXP-0068,2025-05-05,2025-05-08,3,117.04,0.0,organic,desktop,completed,351.12
BKG-002394,SES-042173,USR-07182,EXP-0147,2024-12-31,2025-01-03,2,37.31,0.0,affiliates,mobile,completed,74.62
BKG-002395,SES-042177,USR-01008,EXP-0028,2024-12-15,2024-12-30,2,64.15,0.0,paid_search,desktop,completed,128.3
BKG-002396,SES-042198,USR-02709,EXP-0049,2024-07-31,2024-08-16,2,119.25,0.0,organic,mobile,completed,238.5
BKG-002397,SES-042211,USR-04128,EXP-0179,2024-09-04,2024-10-24,1,42.13,0.0,paid_search,mobile,completed,42.13
BKG-002398,SES-042238,USR-00536,EXP-0171,2024-08-27,2024-09-03,3,137.01,0.0,paid_search,desktop,completed,411.03
BKG-002399,SES-042254,USR-02703,EXP-0104,2025-05-30,2025-06-06,2,137.96,0.0,organic,tablet,cancelled,275.92
BKG-002400,SES-042261,USR-05229,EXP-0217,2024-09-03,2024-09-08,2,49.46,0.09,paid_search,desktop,completed,90.02
BKG-002401,SES-042262,USR-04238,EXP-0023,2024-07-02,2024-07-10,2,41.33,0.0,social,mobile,completed,82.66
BKG-002402,SES-042267,USR-03216,EXP-0037,2024-11-30,2024-12-05,2,85.62,0.0,organic,mobile,completed,171.24
BKG-002403,SES-042309,USR-02719,EXP-0001,2024-07-12,2024-07-13,2,55.31,0.0,email,desktop,completed,110.62
BKG-002404,SES-042325,USR-05566,EXP-0106,2025-05-09,2025-05-10,2,127.79,0.07,paid_search,mobile,completed,237.69
BKG-002405,SES-042337,USR-06362,EXP-0059,2025-06-17,2025-06-18,2,32.72,0.0,organic,desktop,completed,65.44
BKG-002406,SES-042351,USR-01536,EXP-0038,2025-01-31,2025-02-05,2,153.48,0.0,organic,mobile,completed,306.96
BKG-002407,SES-042394,USR-06362,EXP-0122,2025-03-30,2025-03-31,2,103.94,0.0,paid_search,mobile,completed,207.88
BKG-002408,SES-042405,USR-05409,EXP-0227,2025-04-13,2025-04-26,4,84.19,0.0,paid_search,desktop,refunded,336.76
BKG-002409,SES-042413,USR-04391,EXP-0189,2024-09-26,2024-10-01,2,90.76,0.0,organic,mobile,completed,181.52
BKG-002410,SES-042414,USR-02565,EXP-0140,2024-11-01,2024-11-04,2,141.65,0.0,email,desktop,completed,283.3
BKG-002411,SES-042416,USR-00377,EXP-0168,2025-01-03,2025-01-14,1,164.3,0.0,paid_search,mobile,completed,164.3
BKG-002412,SES-042428,USR-05703,EXP-0109,2024-09-26,2024-10-25,2,74.1,0.0,paid_search,mobile,cancelled,148.2
BKG-002413,SES-042432,USR-00488,EXP-0080,2024-09-29,2024-09-30,4,87.95,0.0,email,mobile,completed,351.8
BKG-002414,SES-042485,USR-06565,EXP-0273,2024-09-23,2024-09-30,2,41.86,0.0,referral,desktop,completed,83.72
BKG-002415,SES-042510,USR-06322,EXP-0173,2024-09-06,2024-09-09,2,66.79,0.0,organic,mobile,completed,133.58
BKG-002416,SES-042545,USR-03008,EXP-0095,2024-10-29,2024-11-13,1,122.8,0.0,referral,mobile,completed,122.8
BKG-002417,SES-042546,USR-03769,EXP-0263,2025-01-17,2025-01-31,2,60.24,0.19,organic,mobile,completed,97.59
BKG-002418,SES-042547,USR-00596,EXP-0207,2025-06-04,2025-06-12,2,91.56,0.09,paid_search,desktop,completed,166.64
BKG-002419,SES-042590,USR-04860,EXP-0166,2025-01-20,2025-02-01,2,79.18,0.0,paid_search,mobile,completed,158.36
BKG-002420,SES-042634,USR-00229,EXP-0120,2025-05-01,2025-05-09,1,79.4,0.06,referral,mobile,completed,74.64
BKG-002421,SES-042636,USR-03241,EXP-0143,2025-03-17,2025-03-26,2,106.23,0.0,paid_search,desktop,cancelled,212.46
BKG-002422,SES-042637,USR-06400,EXP-0051,2025-04-11,2025-04-18,2,28.42,0.0,organic,mobile,completed,56.84
BKG-002423,SES-042658,USR-04068,EXP-0158,2024-09-24,2024-10-08,4,43.72,0.0,paid_search,desktop,completed,174.88
BKG-002424,SES-042660,USR-00185,EXP-0142,2024-08-13,2024-08-18,4,86.19,0.0,paid_search,mobile,completed,344.76
BKG-002425,SES-042679,USR-02470,EXP-0246,2024-11-17,2024-11-22,4,135.27,0.0,affiliates,mobile,cancelled,541.08
BKG-002426,SES-042697,USR-01009,EXP-0052,2024-09-21,2024-09-23,2,65.5,0.0,paid_search,mobile,completed,131.0
BKG-002427,SES-042728,USR-07260,EXP-0019,2025-02-01,2025-02-11,2,33.61,0.13,paid_search,desktop,completed,58.48
BKG-002428,SES-042761,USR-06088,EXP-0185,2024-09-28,2024-11-14,4,95.4,0.0,email,desktop,completed,381.6
BKG-002429,SES-042783,USR-06515,EXP-0026,2024-11-03,2024-11-22,1,29.64,0.0,organic,tablet,completed,29.64
BKG-002430,SES-042799,USR-00328,EXP-0255,2025-01-13,2025-01-31,4,83.74,0.0,referral,mobile,completed,334.96
BKG-002431,SES-042813,USR-07331,EXP-0259,2024-10-30,2024-11-13,2,117.6,0.0,organic,mobile,refunded,235.2
BKG-002432,SES-042820,USR-03449,EXP-0149,2024-11-16,2024-11-25,1,59.37,0.0,social,tablet,completed,59.37
BKG-002433,SES-042829,USR-01203,EXP-0090,2025-06-09,2025-06-12,3,133.83,0.0,paid_search,desktop,completed,401.49
BKG-002434,SES-042902,USR-06970,EXP-0168,2024-11-16,2024-11-30,3,141.97,0.0,paid_search,mobile,cancelled,425.91
BKG-002435,SES-042910,USR-02703,EXP-0226,2024-10-25,2024-11-21,2,120.41,0.18,organic,desktop,completed,197.47
BKG-002436,SES-042941,USR-02439,EXP-0126,2025-01-25,2025-04-01,2,65.63,0.15,affiliates,mobile,completed,111.57
BKG-002437,SES-042967,USR-00036,EXP-0291,2025-02-15,2025-02-24,1,111.78,0.0,referral,mobile,completed,111.78
BKG-002438,SES-042974,USR-01546,EXP-0032,2024-08-13,2024-09-01,2,81.62,0.0,paid_search,mobile,refunded,163.24
BKG-002439,SES-042986,USR-01545,EXP-0252,2024-12-18,2025-01-01,4,75.6,0.09,paid_search,desktop,completed,275.18
BKG-002440,SES-043001,USR-05868,EXP-0030,2025-03-14,2025-04-08,2,104.68,0.07,email,desktop,completed,194.7
BKG-002441,SES-043034,USR-05358,EXP-0025,2025-04-28,2025-05-05,4,47.2,0.19,organic,mobile,completed,152.93
BKG-002442,SES-043041,USR-05149,EXP-0249,2025-01-06,2025-01-07,2,229.19,0.0,affiliates,mobile,cancelled,458.38
BKG-002443,SES-043057,USR-05051,EXP-0024,2025-02-24,2025-03-11,4,93.85,0.0,paid_search,mobile,completed,375.4
BKG-002444,SES-043058,USR-03934,EXP-0091,2024-09-26,2024-09-28,2,113.4,0.13,referral,mobile,completed,197.32
BKG-002445,SES-043065,USR-04965,EXP-0083,2024-10-25,2024-10-30,2,98.74,0.0,paid_search,desktop,completed,197.48
BKG-002446,SES-043077,USR-07146,EXP-0106,2024-10-29,2024-11-05,6,130.65,0.0,social,mobile,completed,783.9
BKG-002447,SES-043107,USR-02689,EXP-0112,2024-11-15,2024-11-21,6,47.48,0.0,organic,desktop,completed,284.88
BKG-002448,SES-043120,USR-04448,EXP-0165,2024-08-02,2024-08-06,2,59.83,0.0,email,desktop,completed,119.66
BKG-002449,SES-043128,USR-04869,EXP-0115,2025-04-08,2025-04-11,2,28.27,0.0,organic,mobile,completed,56.54
BKG-002450,SES-043169,USR-06296,EXP-0058,2024-12-06,2024-12-23,2,148.47,0.0,referral,mobile,completed,296.94
BKG-002451,SES-043190,USR-04770,EXP-0206,2024-11-02,2024-11-09,3,64.54,0.18,email,mobile,cancelled,158.77
BKG-002452,SES-043195,USR-02616,EXP-0119,2025-05-03,2025-05-09,2,104.53,0.17,affiliates,mobile,completed,173.52
BKG-002453,SES-043201,USR-07302,EXP-0046,2024-12-07,2024-12-09,5,170.0,0.0,affiliates,mobile,completed,850.0
BKG-002454,SES-043214,USR-04920,EXP-0030,2024-09-28,2024-09-29,3,105.66,0.0,paid_search,desktop,completed,316.98
BKG-002455,SES-043246,USR-03137,EXP-0015,2024-08-08,2024-08-17,2,30.28,0.0,paid_search,mobile,completed,60.56
BKG-002456,SES-043265,USR-07857,EXP-0245,2025-02-01,2025-02-11,3,138.64,0.0,organic,mobile,completed,415.92
BKG-002457,SES-043274,USR-05070,EXP-0065,2024-12-26,2025-01-01,1,88.3,0.0,paid_search,desktop,completed,88.3
BKG-002458,SES-043297,USR-00903,EXP-0267,2025-03-11,2025-03-27,1,43.59,0.0,referral,mobile,completed,43.59
BKG-002459,SES-043321,USR-00539,EXP-0017,2024-12-19,2024-12-23,3,87.1,0.16,affiliates,tablet,completed,219.49
BKG-002460,SES-043337,USR-00891,EXP-0139,2025-02-26,2025-03-15,6,100.08,0.18,referral,mobile,completed,492.39
BKG-002461,SES-043360,USR-01631,EXP-0258,2024-08-16,2024-08-24,2,136.41,0.0,paid_search,mobile,completed,272.82
BKG-002462,SES-043376,USR-02617,EXP-0057,2024-10-23,2024-11-28,1,84.61,0.18,email,desktop,completed,69.38
BKG-002463,SES-043386,USR-04975,EXP-0274,2025-05-04,2025-05-18,2,34.57,0.12,referral,desktop,completed,60.84
BKG-002464,SES-043395,USR-02036,EXP-0148,2025-02-18,2025-02-27,1,90.03,0.0,affiliates,mobile,completed,90.03
BKG-002465,SES-043397,USR-01939,EXP-0008,2025-06-04,2025-06-10,1,64.91,0.0,referral,desktop,completed,64.91
BKG-002466,SES-043409,USR-00392,EXP-0221,2024-12-15,2024-12-25,4,82.93,0.0,email,desktop,completed,331.72
BKG-002467,SES-043422,USR-03874,EXP-0279,2025-04-25,2025-04-28,2,92.69,0.18,paid_search,desktop,completed,152.01
BKG-002468,SES-043434,USR-06462,EXP-0239,2025-06-29,2025-07-04,1,179.82,0.0,paid_search,desktop,completed,179.82
BKG-002469,SES-043437,USR-06582,EXP-0248,2025-06-08,2025-07-03,6,180.58,0.11,email,mobile,refunded,964.3
BKG-002470,SES-043461,USR-01224,EXP-0295,2025-05-01,2025-05-03,2,45.54,0.0,referral,desktop,completed,91.08
BKG-002471,SES-043488,USR-05791,EXP-0252,2024-07-03,2024-07-13,2,78.2,0.0,email,desktop,cancelled,156.4
BKG-002472,SES-043490,USR-02958,EXP-0288,2024-09-23,2024-09-24,3,72.26,0.0,organic,mobile,completed,216.78
BKG-002473,SES-043561,USR-04120,EXP-0172,2025-06-17,2025-06-29,2,58.81,0.0,paid_search,desktop,completed,117.62
BKG-002474,SES-043577,USR-01644,EXP-0062,2024-11-14,2024-11-23,2,125.25,0.0,paid_search,desktop,completed,250.5
BKG-002475,SES-043581,USR-07581,EXP-0262,2024-12-10,2024-12-11,2,97.61,0.0,affiliates,desktop,completed,195.22
BKG-002476,SES-043642,USR-06956,EXP-0003,2024-09-02,2024-09-06,2,109.97,0.08,email,mobile,completed,202.34
BKG-002477,SES-043645,USR-03212,EXP-0117,2024-11-28,2024-12-04,2,102.73,0.0,organic,mobile,cancelled,205.46
BKG-002478,SES-043668,USR-07304,EXP-0216,2024-10-08,2024-10-14,6,95.32,0.06,organic,mobile,cancelled,537.6
BKG-002479,SES-043718,USR-03426,EXP-0071,2024-08-07,2024-08-29,1,54.83,0.0,organic,mobile,completed,54.83
BKG-002480,SES-043730,USR-04709,EXP-0235,2025-01-14,2025-01-16,2,51.51,0.0,email,mobile,completed,103.02
BKG-002481,SES-043742,USR-06958,EXP-0202,2024-09-09,2024-09-12,1,51.86,0.0,organic,mobile,completed,51.86
BKG-002482,SES-043746,USR-05498,EXP-0232,2025-02-13,2025-03-02,2,49.55,0.0,referral,mobile,completed,99.1
BKG-002483,SES-043750,USR-07718,EXP-0004,2024-10-29,2024-11-03,1,56.19,0.15,organic,desktop,completed,47.76
BKG-002484,SES-043757,USR-07624,EXP-0256,2024-09-30,2024-10-27,2,38.39,0.0,paid_search,tablet,completed,76.78
BKG-002485,SES-043766,USR-01698,EXP-0144,2024-10-11,2024-10-23,1,80.48,0.0,organic,mobile,completed,80.48
BKG-002486,SES-043831,USR-07861,EXP-0052,2024-08-25,2024-09-01,4,81.93,0.0,organic,mobile,completed,327.72
BKG-002487,SES-043832,USR-06314,EXP-0093,2025-05-21,2025-06-21,3,46.23,0.18,email,mobile,completed,113.73
BKG-002488,SES-043833,USR-03262,EXP-0027,2025-01-26,2025-02-08,3,198.15,0.0,email,desktop,cancelled,594.45
BKG-002489,SES-043840,USR-00575,EXP-0065,2025-04-29,2025-06-01,5,89.62,0.0,organic,desktop,completed,448.1
BKG-002490,SES-043865,USR-05839,EXP-0154,2024-10-03,2024-10-09,3,40.88,0.0,organic,desktop,completed,122.64
BKG-002491,SES-043895,USR-07351,EXP-0205,2024-08-28,2024-09-05,5,124.54,0.0,organic,mobile,completed,622.7
BKG-002492,SES-043911,USR-04404,EXP-0285,2025-01-14,2025-02-09,1,38.12,0.0,paid_search,mobile,completed,38.12
BKG-002493,SES-043950,USR-03994,EXP-0300,2025-03-14,2025-03-21,3,59.06,0.09,organic,tablet,completed,161.23
BKG-002494,SES-043966,USR-00917,EXP-0143,2025-02-18,2025-02-21,3,109.4,0.0,organic,mobile,completed,328.2
BKG-002495,SES-044039,USR-02064,EXP-0056,2025-01-10,2025-01-31,1,34.25,0.19,paid_search,desktop,completed,27.74
BKG-002496,SES-044045,USR-01093,EXP-0009,2025-06-01,2025-06-08,6,59.26,0.0,email,mobile,completed,355.56
BKG-002497,SES-044052,USR-06890,EXP-0274,2024-09-16,2024-09-26,3,34.37,0.0,paid_search,mobile,completed,103.11
BKG-002498,SES-044070,USR-03396,EXP-0144,2025-04-25,2025-05-02,1,90.94,0.0,organic,mobile,completed,90.94
BKG-002499,SES-044081,USR-02043,EXP-0210,2025-01-19,2025-01-22,6,100.66,0.09,paid_search,desktop,completed,549.6
BKG-002500,SES-044096,USR-00548,EXP-0071,2024-07-20,2024-07-24,1,48.95,0.0,affiliates,mobile,completed,48.95
BKG-002501,SES-044102,USR-06516,EXP-0005,2024-09-04,2024-09-19,5,77.65,0.06,paid_search,desktop,completed,364.96
BKG-002502,SES-044109,USR-00128,EXP-0097,2025-02-12,2025-02-18,1,74.02,0.0,paid_search,desktop,refunded,74.02
BKG-002503,SES-044134,USR-01848,EXP-0213,2024-11-10,2024-11-23,1,92.05,0.19,paid_search,desktop,completed,74.56
BKG-002504,SES-044242,USR-02399,EXP-0082,2024-09-20,2024-09-21,1,175.57,0.0,paid_search,mobile,completed,175.57
BKG-002505,SES-044254,USR-06600,EXP-0261,2025-03-04,2025-03-27,2,118.53,0.0,referral,mobile,completed,237.06
BKG-002506,SES-044258,USR-05238,EXP-0084,2025-06-20,2025-06-25,1,73.85,0.0,organic,mobile,completed,73.85
BKG-002507,SES-044314,USR-04935,EXP-0033,2025-06-09,2025-06-27,2,76.54,0.07,organic,mobile,completed,142.36
BKG-002508,SES-044321,USR-07196,EXP-0033,2025-06-26,2025-06-28,1,80.01,0.11,paid_search,mobile,completed,71.21
BKG-002509,SES-044329,USR-00782,EXP-0094,2025-03-24,2025-04-25,1,91.4,0.0,email,tablet,completed,91.4
BKG-002510,SES-044357,USR-06322,EXP-0149,2024-12-17,2024-12-18,4,58.28,0.0,paid_search,desktop,completed,233.12
BKG-002511,SES-044392,USR-01985,EXP-0241,2024-08-07,2024-09-04,2,129.52,0.11,organic,desktop,completed,230.55
BKG-002512,SES-044403,USR-03383,EXP-0131,2024-07-07,2024-07-17,3,95.08,0.0,paid_search,mobile,completed,285.24
BKG-002513,SES-044417,USR-05358,EXP-0295,2024-07-27,2024-08-06,1,48.34,0.0,organic,mobile,cancelled,48.34
BKG-002514,SES-044432,USR-04477,EXP-0264,2025-06-06,2025-06-08,2,115.27,0.11,referral,mobile,cancelled,205.18
BKG-002515,SES-044435,USR-00839,EXP-0118,2024-10-19,2024-10-20,3,52.72,0.0,referral,mobile,completed,158.16
BKG-002516,SES-044451,USR-00448,EXP-0220,2024-09-05,2024-09-23,1,36.6,0.0,organic,mobile,completed,36.6
BKG-002517,SES-044458,USR-01131,EXP-0230,2025-04-06,2025-04-26,5,124.75,0.0,organic,desktop,completed,623.75
BKG-002518,SES-044484,USR-01789,EXP-0284,2024-07-02,2024-07-07,2,221.93,0.0,paid_search,desktop,completed,443.86
BKG-002519,SES-044499,USR-07297,EXP-0213,2024-07-27,2024-08-01,1,84.02,0.0,paid_search,desktop,completed,84.02
BKG-002520,SES-044504,USR-05360,EXP-0284,2025-05-29,2025-06-05,2,218.61,0.0,paid_search,desktop,completed,437.22
BKG-002521,SES-044539,USR-05931,EXP-0039,2025-04-05,2025-04-26,2,69.65,0.16,email,mobile,completed,117.01
BKG-002522,SES-044552,USR-06093,EXP-0022,2025-01-10,2025-02-10,1,80.05,0.0,affiliates,desktop,completed,80.05
BKG-002523,SES-044564,USR-07872,EXP-0024,2025-02-24,2025-02-25,2,98.15,0.0,paid_search,desktop,completed,196.3
BKG-002524,SES-044568,USR-07698,EXP-0300,2024-11-27,2024-12-03,2,57.82,0.0,paid_search,mobile,completed,115.64
BKG-002525,SES-044571,USR-00789,EXP-0222,2024-11-09,2024-12-14,1,37.07,0.0,paid_search,desktop,cancelled,37.07
BKG-002526,SES-044573,USR-05095,EXP-0228,2025-06-15,2025-06-21,2,147.27,0.0,organic,mobile,completed,294.54
BKG-002527,SES-044593,USR-05966,EXP-0156,2024-11-17,2024-11-22,2,54.29,0.0,affiliates,mobile,completed,108.58
BKG-002528,SES-044689,USR-07510,EXP-0226,2025-01-29,2025-02-03,2,130.76,0.0,paid_search,mobile,completed,261.52
BKG-002529,SES-044692,USR-04329,EXP-0033,2024-08-30,2024-09-23,3,77.69,0.05,paid_search,tablet,completed,221.42
BKG-002530,SES-044695,USR-00010,EXP-0058,2024-11-03,2024-11-24,3,165.42,0.0,affiliates,mobile,completed,496.26
BKG-002531,SES-044701,USR-00502,EXP-0060,2025-02-01,2025-02-05,1,94.83,0.18,social,tablet,completed,77.76
BKG-002532,SES-044712,USR-02947,EXP-0118,2025-03-27,2025-03-31,2,50.73,0.0,paid_search,desktop,completed,101.46
BKG-002533,SES-044750,USR-03274,EXP-0040,2024-07-23,2024-07-24,2,186.19,0.0,paid_search,desktop,completed,372.38
BKG-002534,SES-044755,USR-01397,EXP-0214,2024-11-30,2024-12-02,2,75.76,0.0,paid_search,desktop,completed,151.52
BKG-002535,SES-044809,USR-04566,EXP-0043,2025-05-12,2025-05-26,4,33.66,0.0,paid_search,desktop,completed,134.64
BKG-002536,SES-044839,USR-06080,EXP-0245,2025-04-29,2025-05-10,2,122.34,0.0,email,mobile,completed,244.68
BKG-002537,SES-044843,USR-02392,EXP-0271,2024-10-16,2024-10-24,1,92.54,0.0,organic,mobile,completed,92.54
BKG-002538,SES-044856,USR-05717,EXP-0129,2024-12-21,2024-12-24,1,180.57,0.16,organic,tablet,completed,151.68
BKG-002539,SES-044864,USR-05189,EXP-0147,2024-11-06,2024-12-09,2,35.92,0.11,referral,mobile,refunded,63.94
BKG-002540,SES-044880,USR-03854,EXP-0163,2025-01-20,2025-01-30,1,46.74,0.08,organic,mobile,completed,43.0
BKG-002541,SES-044908,USR-04228,EXP-0194,2024-09-29,2024-10-09,4,74.61,0.0,affiliates,mobile,completed,298.44
BKG-002542,SES-044951,USR-07014,EXP-0002,2024-11-08,2024-12-07,6,30.4,0.13,organic,mobile,completed,158.69
BKG-002543,SES-044991,USR-01357,EXP-0178,2024-11-07,2024-11-24,2,86.78,0.09,organic,desktop,refunded,157.94
BKG-002544,SES-044993,USR-05097,EXP-0206,2024-08-07,2024-08-22,4,68.89,0.0,referral,mobile,completed,275.56
BKG-002545,SES-045032,USR-04413,EXP-0016,2024-10-09,2024-12-18,2,95.31,0.0,paid_search,mobile,completed,190.62
BKG-002546,SES-045056,USR-05954,EXP-0038,2024-10-25,2024-10-30,2,182.58,0.13,paid_search,mobile,completed,317.69
BKG-002547,SES-045058,USR-04013,EXP-0052,2025-05-07,2025-05-20,6,70.28,0.0,paid_search,mobile,completed,421.68
BKG-002548,SES-045075,USR-04176,EXP-0290,2025-02-20,2025-03-10,2,180.17,0.0,paid_search,mobile,completed,360.34
BKG-002549,SES-045101,USR-06662,EXP-0040,2025-04-15,2025-04-28,3,184.23,0.18,organic,mobile,completed,453.21
BKG-002550,SES-045155,USR-01441,EXP-0120,2025-01-14,2025-01-28,5,82.46,0.0,paid_search,mobile,completed,412.3
BKG-002551,SES-045161,USR-00065,EXP-0271,2024-09-14,2024-09-17,3,100.43,0.07,organic,mobile,completed,280.2
BKG-002552,SES-045190,USR-04914,EXP-0283,2024-07-04,2024-07-08,2,166.95,0.17,email,desktop,completed,277.14
BKG-002553,SES-045204,USR-02044,EXP-0287,2025-03-03,2025-03-22,1,94.01,0.0,paid_search,mobile,completed,94.01
BKG-002554,SES-045209,USR-04046,EXP-0287,2024-08-25,2024-09-14,1,89.76,0.0,affiliates,mobile,completed,89.76
BKG-002555,SES-045210,USR-07342,EXP-0247,2025-05-30,2025-06-03,2,137.25,0.0,email,mobile,completed,274.5
BKG-002556,SES-045242,USR-00686,EXP-0016,2024-08-16,2024-09-20,1,107.53,0.0,organic,tablet,completed,107.53
BKG-002557,SES-045279,USR-04478,EXP-0162,2024-11-19,2024-11-28,4,68.92,0.0,paid_search,desktop,completed,275.68
BKG-002558,SES-045292,USR-04146,EXP-0141,2025-01-20,2025-01-25,2,41.71,0.0,affiliates,mobile,completed,83.42
BKG-002559,SES-045307,USR-03732,EXP-0038,2024-12-20,2025-01-06,2,176.22,0.0,organic,mobile,completed,352.44
BKG-002560,SES-045315,USR-02321,EXP-0277,2024-09-29,2024-09-30,4,115.24,0.0,social,mobile,completed,460.96
BKG-002561,SES-045316,USR-01162,EXP-0291,2025-03-07,2025-03-14,2,109.46,0.0,referral,mobile,completed,218.92
BKG-002562,SES-045338,USR-01802,EXP-0208,2024-10-09,2024-10-12,2,61.65,0.0,paid_search,mobile,completed,123.3
BKG-002563,SES-045392,USR-07581,EXP-0120,2025-03-08,2025-03-14,4,74.98,0.0,referral,desktop,completed,299.92
BKG-002564,SES-045413,USR-02486,EXP-0295,2024-10-25,2024-11-11,4,43.65,0.0,paid_search,mobile,completed,174.6
BKG-002565,SES-045418,USR-01161,EXP-0034,2025-02-18,2025-03-22,2,97.9,0.0,paid_search,mobile,completed,195.8
BKG-002566,SES-045470,USR-01422,EXP-0203,2024-12-06,2024-12-12,1,127.56,0.07,paid_search,mobile,completed,118.63
BKG-002567,SES-045475,USR-00930,EXP-0245,2025-01-28,2025-03-03,2,126.31,0.0,referral,desktop,completed,252.62
BKG-002568,SES-045524,USR-02781,EXP-0155,2025-01-21,2025-02-03,2,62.41,0.15,affiliates,desktop,completed,106.1
BKG-002569,SES-045530,USR-05615,EXP-0052,2024-07-25,2024-07-27,3,81.24,0.0,paid_search,desktop,completed,243.72
BKG-002570,SES-045545,USR-03853,EXP-0264,2024-12-03,2024-12-11,3,122.36,0.0,paid_search,tablet,completed,367.08
BKG-002571,SES-045549,USR-03195,EXP-0121,2025-06-05,2025-06-25,1,108.88,0.13,paid_search,desktop,completed,94.73
BKG-002572,SES-045582,USR-01432,EXP-0099,2025-03-29,2025-04-10,5,78.95,0.0,email,tablet,completed,394.75
BKG-002573,SES-045639,USR-06272,EXP-0089,2024-09-13,2024-09-21,3,75.84,0.0,organic,desktop,completed,227.52
BKG-002574,SES-045658,USR-05989,EXP-0151,2025-02-22,2025-02-23,3,66.55,0.0,organic,mobile,completed,199.65
BKG-002575,SES-045665,USR-00943,EXP-0055,2024-09-07,2024-09-17,1,64.84,0.14,referral,desktop,completed,55.76
BKG-002576,SES-045711,USR-04053,EXP-0298,2024-12-19,2024-12-23,2,95.3,0.0,email,desktop,completed,190.6
BKG-002577,SES-045713,USR-03351,EXP-0216,2025-03-06,2025-03-07,3,95.76,0.0,paid_search,desktop,completed,287.28
BKG-002578,SES-045716,USR-04855,EXP-0186,2025-03-07,2025-03-12,4,66.26,0.0,affiliates,desktop,completed,265.04
BKG-002579,SES-045747,USR-01093,EXP-0242,2024-09-01,2024-09-06,1,77.84,0.0,organic,mobile,completed,77.84
BKG-002580,SES-045749,USR-05416,EXP-0292,2024-07-25,2024-07-26,2,92.57,0.0,email,desktop,completed,185.14
BKG-002581,SES-045752,USR-00355,EXP-0111,2025-06-28,2025-07-15,2,91.98,0.0,email,desktop,completed,183.96
BKG-002582,SES-045767,USR-02421,EXP-0227,2024-09-19,2024-09-21,2,88.28,0.12,organic,mobile,completed,155.37
BKG-002583,SES-045791,USR-03313,EXP-0238,2024-08-21,2024-08-27,2,66.23,0.0,social,mobile,completed,132.46
BKG-002584,SES-045806,USR-06665,EXP-0218,2025-03-13,2025-03-16,3,54.79,0.19,email,mobile,completed,133.14
BKG-002585,SES-045852,USR-01559,EXP-0280,2025-04-16,2025-04-27,2,111.77,0.0,paid_search,mobile,completed,223.54
BKG-002586,SES-045880,USR-06863,EXP-0194,2024-10-01,2024-10-02,2,82.5,0.0,paid_search,mobile,cancelled,165.0
BKG-002587,SES-045901,USR-04866,EXP-0118,2024-12-05,2024-12-12,2,49.07,0.0,paid_search,mobile,completed,98.14
BKG-002588,SES-045938,USR-05017,EXP-0080,2024-12-14,2024-12-28,5,75.58,0.17,referral,mobile,completed,313.66
BKG-002589,SES-045943,USR-02347,EXP-0124,2025-03-25,2025-05-01,1,86.08,0.07,paid_search,mobile,completed,80.05
BKG-002590,SES-045956,USR-06334,EXP-0110,2025-05-26,2025-05-31,2,128.2,0.0,paid_search,desktop,completed,256.4
BKG-002591,SES-045959,USR-07878,EXP-0181,2024-12-11,2024-12-17,2,112.3,0.0,paid_search,mobile,completed,224.6
BKG-002592,SES-045971,USR-02867,EXP-0127,2025-04-09,2025-04-14,2,73.23,0.07,organic,tablet,completed,136.21
BKG-002593,SES-046000,USR-05053,EXP-0215,2024-08-22,2024-08-30,5,42.59,0.18,affiliates,desktop,completed,174.62
BKG-002594,SES-046046,USR-04910,EXP-0293,2025-02-20,2025-03-23,2,95.43,0.0,organic,desktop,completed,190.86
BKG-002595,SES-046054,USR-06425,EXP-0105,2025-04-16,2025-05-02,6,78.9,0.0,affiliates,desktop,cancelled,473.4
BKG-002596,SES-046059,USR-07584,EXP-0207,2025-04-05,2025-05-26,3,104.19,0.0,organic,mobile,completed,312.57
BKG-002597,SES-046068,USR-07958,EXP-0136,2025-01-17,2025-01-27,1,46.47,0.0,organic,desktop,completed,46.47
BKG-002598,SES-046084,USR-06086,EXP-0128,2025-02-28,2025-03-07,6,71.47,0.0,paid_search,desktop,completed,428.82
BKG-002599,SES-046111,USR-01541,EXP-0202,2024-11-24,2025-01-03,4,48.48,0.0,affiliates,desktop,completed,193.92
BKG-002600,SES-046160,USR-07121,EXP-0036,2024-09-03,2024-09-17,1,63.27,0.0,referral,mobile,completed,63.27
BKG-002601,SES-046167,USR-04848,EXP-0198,2025-01-25,2025-02-01,4,84.1,0.0,affiliates,mobile,completed,336.4
BKG-002602,SES-046171,USR-06349,EXP-0139,2024-12-17,2025-01-03,2,106.38,0.0,organic,mobile,completed,212.76
BKG-002603,SES-046174,USR-00640,EXP-0237,2024-08-20,2024-08-27,2,64.62,0.0,organic,mobile,cancelled,129.24
BKG-002604,SES-046203,USR-02557,EXP-0048,2025-06-21,2025-07-20,2,89.84,0.0,organic,desktop,completed,179.68
BKG-002605,SES-046216,USR-07684,EXP-0001,2024-12-04,2024-12-15,3,59.33,0.0,email,mobile,completed,177.99
BKG-002606,SES-046223,USR-04148,EXP-0083,2025-03-11,2025-03-21,2,87.46,0.0,paid_search,desktop,completed,174.92
BKG-002607,SES-046226,USR-00168,EXP-0086,2024-12-14,2024-12-24,4,32.63,0.0,paid_search,desktop,cancelled,130.52
BKG-002608,SES-046277,USR-03351,EXP-0098,2025-03-21,2025-03-23,6,101.0,0.0,paid_search,mobile,cancelled,606.0
BKG-002609,SES-046283,USR-03055,EXP-0264,2024-08-01,2024-08-08,6,134.7,0.0,organic,tablet,completed,808.2
BKG-002610,SES-046300,USR-05713,EXP-0268,2025-05-19,2025-05-24,2,74.29,0.0,organic,desktop,completed,148.58
BKG-002611,SES-046303,USR-04951,EXP-0027,2024-08-18,2024-08-20,3,175.56,0.18,affiliates,desktop,completed,431.88
BKG-002612,SES-046327,USR-01510,EXP-0038,2024-09-09,2024-10-14,2,162.0,0.0,paid_search,mobile,completed,324.0
BKG-002613,SES-046341,USR-05235,EXP-0148,2025-02-05,2025-02-10,5,89.58,0.0,referral,mobile,completed,447.9
BKG-002614,SES-046418,USR-05227,EXP-0099,2024-08-03,2024-08-27,1,83.45,0.19,referral,desktop,completed,67.59
BKG-002615,SES-046419,USR-02270,EXP-0181,2025-06-22,2025-07-29,6,103.68,0.09,email,mobile,cancelled,566.09
BKG-002616,SES-046455,USR-03630,EXP-0038,2024-07-08,2024-07-22,4,178.12,0.0,referral,mobile,completed,712.48
BKG-002617,SES-046459,USR-01581,EXP-0116,2024-07-21,2024-07-26,6,73.34,0.12,organic,mobile,completed,387.24
BKG-002618,SES-046463,USR-00199,EXP-0170,2024-12-04,2024-12-09,3,193.62,0.15,email,mobile,completed,493.73
BKG-002619,SES-046471,USR-03707,EXP-0108,2024-12-01,2024-12-16,2,66.13,0.0,paid_search,desktop,completed,132.26
BKG-002620,SES-046497,USR-01837,EXP-0195,2025-01-16,2025-02-04,5,78.96,0.0,paid_search,mobile,completed,394.8
BKG-002621,SES-046504,USR-05123,EXP-0065,2025-05-17,2025-05-18,6,85.63,0.0,paid_search,mobile,completed,513.78
BKG-002622,SES-046509,USR-06824,EXP-0242,2024-10-05,2024-10-10,2,87.74,0.0,paid_search,mobile,completed,175.48
BKG-002623,SES-046526,USR-00312,EXP-0122,2024-10-09,2024-10-14,2,105.43,0.0,organic,mobile,completed,210.86
BKG-002624,SES-046536,USR-02996,EXP-0095,2024-08-09,2024-08-14,1,124.74,0.15,organic,desktop,completed,106.03
BKG-002625,SES-046554,USR-07095,EXP-0030,2024-08-09,2024-08-11,5,109.59,0.1,organic,mobile,completed,493.16
BKG-002626,SES-046567,USR-04925,EXP-0237,2024-09-26,2024-10-01,3,65.7,0.0,referral,desktop,completed,197.1
BKG-002627,SES-046602,USR-07858,EXP-0057,2024-09-08,2024-09-26,3,93.22,0.0,paid_search,mobile,completed,279.66
BKG-002628,SES-046615,USR-04262,EXP-0260,2024-12-21,2024-12-25,1,54.37,0.0,paid_search,desktop,completed,54.37
BKG-002629,SES-046647,USR-05416,EXP-0300,2025-05-22,2025-05-28,2,63.49,0.0,referral,desktop,completed,126.98
BKG-002630,SES-046650,USR-04838,EXP-0192,2024-08-30,2024-09-12,4,58.0,0.0,email,desktop,refunded,232.0
BKG-002631,SES-046655,USR-07911,EXP-0290,2025-04-28,2025-05-25,2,157.66,0.0,paid_search,desktop,completed,315.32
BKG-002632,SES-046669,USR-03838,EXP-0127,2025-06-23,2025-07-18,4,67.37,0.0,organic,mobile,completed,269.48
BKG-002633,SES-046686,USR-07634,EXP-0173,2024-07-31,2024-08-11,2,64.1,0.0,paid_search,mobile,cancelled,128.2
BKG-002634,SES-046710,USR-07606,EXP-0231,2025-05-12,2025-05-18,4,67.8,0.0,organic,mobile,completed,271.2
BKG-002635,SES-046731,USR-04551,EXP-0165,2025-05-27,2025-06-02,3,48.7,0.0,organic,mobile,completed,146.1
BKG-002636,SES-046748,USR-04782,EXP-0177,2025-02-24,2025-02-28,2,37.18,0.0,affiliates,desktop,completed,74.36
BKG-002637,SES-046756,USR-02245,EXP-0235,2025-03-10,2025-03-15,1,54.41,0.0,email,desktop,completed,54.41
BKG-002638,SES-046781,USR-01064,EXP-0153,2024-11-10,2024-11-22,1,57.87,0.0,referral,mobile,completed,57.87
BKG-002639,SES-046784,USR-02528,EXP-0257,2024-12-02,2024-12-22,2,98.69,0.0,referral,mobile,completed,197.38
BKG-002640,SES-046826,USR-05916,EXP-0249,2024-07-25,2024-07-29,1,206.43,0.0,paid_search,mobile,completed,206.43
BKG-002641,SES-046852,USR-07757,EXP-0262,2024-12-01,2024-12-18,2,111.01,0.0,organic,mobile,cancelled,222.02
BKG-002642,SES-046872,USR-07418,EXP-0204,2024-07-26,2024-08-13,1,86.52,0.0,paid_search,desktop,completed,86.52
BKG-002643,SES-046912,USR-04719,EXP-0206,2024-07-29,2024-08-03,3,67.26,0.17,paid_search,mobile,completed,167.48
BKG-002644,SES-046914,USR-06518,EXP-0175,2024-10-10,2024-10-14,3,71.58,0.0,referral,desktop,completed,214.74
BKG-002645,SES-046931,USR-06196,EXP-0150,2024-09-20,2024-09-25,6,84.16,0.0,email,mobile,completed,504.96
BKG-002646,SES-046995,USR-00391,EXP-0214,2024-12-25,2025-01-02,3,71.57,0.0,organic,mobile,completed,214.71
BKG-002647,SES-047004,USR-05245,EXP-0040,2025-06-27,2025-06-28,1,191.67,0.0,organic,desktop,completed,191.67
BKG-002648,SES-047005,USR-05418,EXP-0171,2025-04-10,2025-04-21,5,118.76,0.0,organic,mobile,completed,593.8
BKG-002649,SES-047086,USR-01448,EXP-0210,2025-06-06,2025-06-14,2,110.39,0.14,paid_search,desktop,completed,189.87
BKG-002650,SES-047107,USR-01552,EXP-0223,2025-01-03,2025-01-04,3,99.14,0.15,organic,mobile,completed,252.81
BKG-002651,SES-047114,USR-04794,EXP-0005,2025-03-03,2025-03-06,2,76.65,0.0,referral,desktop,completed,153.3
BKG-002652,SES-047155,USR-06424,EXP-0080,2024-08-05,2024-08-06,2,87.8,0.0,organic,mobile,completed,175.6
BKG-002653,SES-047156,USR-06377,EXP-0192,2025-05-07,2025-05-08,2,64.78,0.18,organic,mobile,completed,106.24
BKG-002654,SES-047157,USR-06080,EXP-0143,2024-07-25,2024-09-01,2,92.56,0.0,affiliates,desktop,completed,185.12
BKG-002655,SES-047207,USR-05844,EXP-0068,2024-12-13,2025-01-07,2,110.82,0.0,paid_search,mobile,completed,221.64
BKG-002656,SES-047215,USR-04867,EXP-0118,2025-04-07,2025-04-09,1,54.86,0.0,paid_search,desktop,completed,54.86
BKG-002657,SES-047234,USR-03569,EXP-0138,2024-07-24,2024-10-13,1,53.84,0.0,email,desktop,completed,53.84
BKG-002658,SES-047277,USR-00717,EXP-0256,2024-09-13,2024-09-21,2,34.13,0.0,social,desktop,completed,68.26
BKG-002659,SES-047280,USR-05021,EXP-0091,2024-08-31,2024-09-03,2,107.31,0.0,affiliates,desktop,completed,214.62
BKG-002660,SES-047281,USR-04303,EXP-0056,2025-01-04,2025-01-08,2,33.77,0.0,paid_search,tablet,completed,67.54
BKG-002661,SES-047282,USR-01203,EXP-0231,2025-01-10,2025-01-13,2,66.9,0.0,organic,mobile,completed,133.8
BKG-002662,SES-047285,USR-06456,EXP-0150,2024-11-27,2024-11-30,2,89.65,0.15,organic,desktop,completed,152.4
BKG-002663,SES-047299,USR-00043,EXP-0154,2025-06-06,2025-06-07,5,43.78,0.2,organic,desktop,completed,175.12
BKG-002664,SES-047302,USR-02034,EXP-0123,2024-07-13,2024-08-15,1,84.92,0.0,paid_search,mobile,completed,84.92
BKG-002665,SES-047310,USR-01920,EXP-0255,2025-05-01,2025-05-04,3,89.43,0.0,affiliates,desktop,refunded,268.29
BKG-002666,SES-047328,USR-01894,EXP-0258,2024-10-30,2024-12-27,2,154.37,0.15,email,mobile,completed,262.43
BKG-002667,SES-047336,USR-07516,EXP-0118,2025-05-22,2025-05-31,2,53.04,0.0,paid_search,desktop,completed,106.08
BKG-002668,SES-047347,USR-07122,EXP-0056,2025-01-08,2025-01-17,1,40.15,0.0,organic,desktop,completed,40.15
BKG-002669,SES-047350,USR-05264,EXP-0240,2024-10-06,2024-10-16,2,95.9,0.0,paid_search,desktop,completed,191.8
BKG-002670,SES-047355,USR-01687,EXP-0002,2025-02-07,2025-03-01,2,31.24,0.0,social,mobile,completed,62.48
BKG-002671,SES-047365,USR-06705,EXP-0032,2024-07-06,2024-07-23,3,79.25,0.0,organic,desktop,completed,237.75
BKG-002672,SES-047368,USR-01106,EXP-0029,2025-01-07,2025-01-13,2,80.92,0.0,paid_search,mobile,completed,161.84
BKG-002673,SES-047384,USR-06096,EXP-0191,2025-05-19,2025-05-25,3,77.4,0.0,email,mobile,completed,232.2
BKG-002674,SES-047401,USR-03178,EXP-0052,2025-01-11,2025-01-31,2,72.8,0.0,paid_search,desktop,completed,145.6
BKG-002675,SES-047413,USR-05423,EXP-0249,2025-04-13,2025-04-17,4,223.53,0.06,paid_search,desktop,cancelled,840.47
BKG-002676,SES-047428,USR-06555,EXP-0080,2025-02-17,2025-02-27,2,77.41,0.0,organic,mobile,completed,154.82
BKG-002677,SES-047464,USR-04154,EXP-0281,2024-10-19,2024-10-24,2,42.16,0.0,organic,mobile,completed,84.32
BKG-002678,SES-047479,USR-04593,EXP-0271,2025-02-16,2025-02-20,2,108.85,0.0,paid_search,mobile,completed,217.7
BKG-002679,SES-047481,USR-00967,EXP-0213,2025-02-11,2025-03-01,3,91.51,0.11,referral,desktop,completed,244.33
BKG-002680,SES-047512,USR-05470,EXP-0076,2024-09-27,2024-09-30,6,72.31,0.06,referral,desktop,completed,407.83
BKG-002681,SES-047536,USR-01386,EXP-0009,2024-11-06,2024-11-17,1,56.54,0.09,organic,mobile,completed,51.45
BKG-002682,SES-047559,USR-01225,EXP-0254,2024-10-20,2024-11-06,2,189.18,0.18,paid_search,mobile,completed,310.26
BKG-002683,SES-047561,USR-02179,EXP-0012,2024-07-06,2024-07-08,3,74.57,0.0,referral,mobile,cancelled,223.71
BKG-002684,SES-047598,USR-05791,EXP-0255,2024-07-12,2024-07-15,1,80.5,0.0,paid_search,mobile,completed,80.5
BKG-002685,SES-047601,USR-00039,EXP-0036,2024-11-30,2024-12-05,2,70.67,0.19,paid_search,mobile,completed,114.49
BKG-002686,SES-047612,USR-04157,EXP-0099,2024-07-07,2024-07-13,2,84.93,0.0,referral,mobile,completed,169.86
BKG-002687,SES-047616,USR-07618,EXP-0075,2024-07-20,2024-09-01,3,89.55,0.0,affiliates,desktop,completed,268.65
BKG-002688,SES-047629,USR-07546,EXP-0119,2025-03-09,2025-03-22,1,125.68,0.0,affiliates,desktop,completed,125.68
BKG-002689,SES-047651,USR-00850,EXP-0091,2025-03-06,2025-03-10,2,109.64,0.1,affiliates,mobile,cancelled,197.35
BKG-002690,SES-047673,USR-04999,EXP-0102,2025-05-22,2025-06-12,2,50.06,0.07,paid_search,mobile,completed,93.11
BKG-002691,SES-047699,USR-01701,EXP-0258,2025-01-04,2025-01-17,2,124.86,0.09,affiliates,mobile,cancelled,227.25
BKG-002692,SES-047709,USR-03708,EXP-0174,2025-02-26,2025-03-24,2,84.86,0.09,paid_search,desktop,completed,154.45
BKG-002693,SES-047726,USR-03464,EXP-0205,2024-11-25,2024-11-30,2,122.77,0.0,social,desktop,completed,245.54
BKG-002694,SES-047745,USR-03651,EXP-0032,2025-03-28,2025-04-05,2,82.2,0.0,paid_search,desktop,completed,164.4
BKG-002695,SES-047760,USR-00436,EXP-0152,2025-02-03,2025-02-17,4,219.5,0.0,referral,mobile,completed,878.0
BKG-002696,SES-047766,USR-06007,EXP-0036,2024-12-19,2025-01-01,6,74.39,0.0,paid_search,desktop,completed,446.34
BKG-002697,SES-047803,USR-04256,EXP-0184,2025-06-04,2025-06-06,6,63.26,0.0,organic,mobile,completed,379.56
BKG-002698,SES-047809,USR-03330,EXP-0159,2025-03-12,2025-03-21,1,61.04,0.0,email,mobile,cancelled,61.04
BKG-002699,SES-047838,USR-01137,EXP-0234,2024-12-21,2024-12-26,3,89.5,0.0,organic,mobile,cancelled,268.5
BKG-002700,SES-047846,USR-01706,EXP-0126,2025-03-18,2025-04-23,4,78.78,0.0,organic,tablet,completed,315.12
BKG-002701,SES-047885,USR-05070,EXP-0005,2025-03-08,2025-03-10,2,67.57,0.0,paid_search,desktop,completed,135.14
BKG-002702,SES-047886,USR-04646,EXP-0280,2024-08-08,2024-08-10,2,125.48,0.1,paid_search,desktop,completed,225.86
BKG-002703,SES-047926,USR-01964,EXP-0204,2025-06-19,2025-07-06,2,84.03,0.0,paid_search,mobile,completed,168.06
BKG-002704,SES-047945,USR-03619,EXP-0170,2025-02-16,2025-03-09,4,184.82,0.18,affiliates,desktop,completed,606.21
BKG-002705,SES-047961,USR-04607,EXP-0204,2024-07-01,2024-07-04,2,90.46,0.17,referral,mobile,completed,150.16
BKG-002706,SES-047964,USR-02049,EXP-0089,2025-05-29,2025-06-25,1,77.36,0.0,email,desktop,completed,77.36
BKG-002707,SES-047967,USR-05226,EXP-0026,2024-09-16,2024-09-24,3,28.71,0.0,organic,mobile,completed,86.13
BKG-002708,SES-047979,USR-02927,EXP-0062,2025-02-17,2025-02-24,2,113.96,0.0,paid_search,mobile,cancelled,227.92
BKG-002709,SES-047992,USR-01962,EXP-0278,2025-04-13,2025-05-07,2,59.56,0.0,referral,mobile,completed,119.12
BKG-002710,SES-047996,USR-07861,EXP-0018,2025-05-15,2025-06-10,2,51.99,0.07,referral,mobile,completed,96.7
BKG-002711,SES-048062,USR-00588,EXP-0070,2024-10-07,2024-10-12,4,82.22,0.0,paid_search,desktop,completed,328.88
BKG-002712,SES-048063,USR-04189,EXP-0051,2024-08-17,2024-08-22,3,25.78,0.0,paid_search,mobile,completed,77.34
BKG-002713,SES-048124,USR-03627,EXP-0100,2025-03-30,2025-04-13,4,122.5,0.0,paid_search,desktop,completed,490.0
BKG-002714,SES-048148,USR-04349,EXP-0043,2024-08-28,2024-08-30,2,34.88,0.07,referral,mobile,completed,64.88
BKG-002715,SES-048175,USR-03791,EXP-0286,2025-03-24,2025-04-14,2,56.57,0.0,email,desktop,completed,113.14
BKG-002716,SES-048190,USR-02566,EXP-0175,2025-02-17,2025-02-25,1,78.75,0.2,paid_search,desktop,completed,63.0
BKG-002717,SES-048193,USR-06450,EXP-0010,2024-12-08,2024-12-19,5,60.71,0.06,paid_search,desktop,completed,285.34
BKG-002718,SES-048197,USR-06191,EXP-0129,2024-07-12,2024-08-05,2,181.07,0.13,organic,tablet,cancelled,315.06
BKG-002719,SES-048202,USR-06640,EXP-0241,2024-10-14,2024-11-02,3,123.65,0.0,paid_search,desktop,completed,370.95
BKG-002720,SES-048244,USR-01964,EXP-0098,2024-12-04,2024-12-26,3,90.17,0.0,organic,mobile,completed,270.51
BKG-002721,SES-048250,USR-02175,EXP-0228,2025-03-21,2025-04-13,2,156.69,0.0,email,mobile,completed,313.38
BKG-002722,SES-048277,USR-07890,EXP-0027,2024-07-25,2024-07-29,1,189.58,0.0,paid_search,mobile,completed,189.58
BKG-002723,SES-048298,USR-05312,EXP-0118,2025-05-10,2025-05-20,5,51.53,0.0,paid_search,desktop,completed,257.65
BKG-002724,SES-048299,USR-04627,EXP-0165,2025-01-04,2025-01-16,1,52.21,0.0,paid_search,mobile,cancelled,52.21
BKG-002725,SES-048318,USR-07779,EXP-0244,2025-01-15,2025-02-05,2,113.6,0.0,organic,mobile,completed,227.2
BKG-002726,SES-048342,USR-04961,EXP-0051,2025-03-13,2025-04-23,3,29.07,0.0,organic,mobile,refunded,87.21
BKG-002727,SES-048352,USR-06944,EXP-0014,2025-02-07,2025-03-04,4,117.53,0.16,paid_search,mobile,completed,394.9
BKG-002728,SES-048369,USR-00039,EXP-0095,2025-05-13,2025-05-14,4,126.84,0.0,organic,mobile,completed,507.36
BKG-002729,SES-048392,USR-04488,EXP-0083,2025-04-01,2025-04-04,6,85.5,0.15,organic,mobile,completed,436.05
BKG-002730,SES-048403,USR-01360,EXP-0192,2024-12-01,2024-12-13,2,55.95,0.0,paid_search,mobile,completed,111.9
BKG-002731,SES-048414,USR-03360,EXP-0025,2025-03-29,2025-04-30,3,40.62,0.0,organic,mobile,completed,121.86
BKG-002732,SES-048418,USR-06047,EXP-0100,2024-08-21,2024-08-22,4,146.55,0.0,organic,desktop,cancelled,586.2
BKG-002733,SES-048429,USR-00275,EXP-0048,2024-12-01,2024-12-16,1,99.31,0.14,affiliates,desktop,completed,85.41
BKG-002734,SES-048430,USR-03690,EXP-0158,2025-03-04,2025-03-05,3,49.38,0.0,affiliates,tablet,completed,148.14
BKG-002735,SES-048434,USR-01072,EXP-0200,2025-02-05,2025-02-09,3,105.44,0.0,paid_search,mobile,completed,316.32
BKG-002736,SES-048441,USR-07878,EXP-0194,2025-06-20,2025-06-25,3,83.76,0.0,organic,mobile,completed,251.28
BKG-002737,SES-048466,USR-03900,EXP-0071,2024-07-16,2024-07-20,2,50.02,0.0,paid_search,mobile,completed,100.04
BKG-002738,SES-048474,USR-02785,EXP-0133,2024-11-04,2024-12-16,1,100.08,0.0,paid_search,desktop,completed,100.08
BKG-002739,SES-048531,USR-04463,EXP-0158,2024-07-17,2024-07-20,6,53.07,0.0,paid_search,mobile,completed,318.42
BKG-002740,SES-048562,USR-07058,EXP-0144,2024-08-12,2024-08-18,2,72.88,0.0,paid_search,mobile,completed,145.76
BKG-002741,SES-048581,USR-07376,EXP-0051,2024-11-10,2024-11-23,3,27.93,0.17,referral,desktop,completed,69.55
BKG-002742,SES-048600,USR-00600,EXP-0020,2024-10-15,2024-10-18,2,106.62,0.0,paid_search,mobile,completed,213.24
BKG-002743,SES-048601,USR-03480,EXP-0035,2024-12-21,2025-01-22,3,137.62,0.13,organic,mobile,refunded,359.19
BKG-002744,SES-048604,USR-02704,EXP-0159,2024-10-15,2024-10-19,4,55.88,0.0,paid_search,desktop,cancelled,223.52
BKG-002745,SES-048620,USR-06447,EXP-0200,2025-02-02,2025-02-11,2,90.35,0.09,referral,tablet,refunded,164.44
BKG-002746,SES-048663,USR-06626,EXP-0192,2024-08-07,2024-08-19,1,59.82,0.0,organic,mobile,completed,59.82
BKG-002747,SES-048667,USR-06485,EXP-0136,2024-07-18,2024-07-19,2,41.39,0.0,organic,mobile,completed,82.78
BKG-002748,SES-048741,USR-07494,EXP-0112,2024-08-12,2024-08-20,1,49.7,0.0,paid_search,desktop,completed,49.7
BKG-002749,SES-048756,USR-07474,EXP-0204,2024-10-22,2024-11-22,2,82.14,0.0,paid_search,desktop,completed,164.28
BKG-002750,SES-048763,USR-07858,EXP-0032,2024-07-18,2024-07-29,3,74.52,0.0,organic,tablet,completed,223.56
BKG-002751,SES-048786,USR-01148,EXP-0209,2024-08-22,2024-08-25,3,80.56,0.11,paid_search,desktop,completed,215.1
BKG-002752,SES-048848,USR-05815,EXP-0299,2025-04-03,2025-04-17,2,133.04,0.0,paid_search,tablet,completed,266.08
BKG-002753,SES-048853,USR-04260,EXP-0241,2024-08-28,2024-09-04,2,125.97,0.0,referral,desktop,completed,251.94
BKG-002754,SES-048871,USR-00570,EXP-0104,2024-10-04,2024-10-11,4,151.86,0.0,affiliates,desktop,completed,607.44
BKG-002755,SES-048880,USR-00458,EXP-0156,2024-10-07,2024-10-16,1,44.5,0.18,organic,mobile,completed,36.49
BKG-002756,SES-048887,USR-07911,EXP-0172,2025-01-31,2025-02-06,2,59.24,0.0,organic,desktop,completed,118.48
BKG-002757,SES-048889,USR-03929,EXP-0014,2025-01-08,2025-01-12,2,115.51,0.0,referral,desktop,completed,231.02
BKG-002758,SES-048891,USR-03968,EXP-0247,2025-01-13,2025-01-28,1,148.82,0.0,referral,mobile,completed,148.82
BKG-002759,SES-048893,USR-02272,EXP-0121,2024-10-06,2024-10-10,2,105.61,0.0,paid_search,desktop,completed,211.22
BKG-002760,SES-048899,USR-03609,EXP-0277,2024-12-27,2025-01-04,2,99.78,0.17,paid_search,mobile,completed,165.63
BKG-002761,SES-048944,USR-07506,EXP-0046,2024-09-29,2024-12-27,3,175.71,0.0,social,desktop,cancelled,527.13
BKG-002762,SES-048989,USR-06917,EXP-0131,2025-01-19,2025-01-26,2,78.02,0.0,email,mobile,completed,156.04
BKG-002763,SES-048993,USR-03592,EXP-0115,2025-05-25,2025-05-28,3,27.08,0.0,paid_search,tablet,completed,81.24
BKG-002764,SES-049033,USR-06217,EXP-0119,2024-11-22,2024-11-27,3,102.84,0.0,organic,tablet,completed,308.52
BKG-002765,SES-049054,USR-02811,EXP-0132,2025-03-20,2025-03-22,2,95.25,0.0,affiliates,mobile,completed,190.5
BKG-002766,SES-049068,USR-06674,EXP-0214,2024-08-08,2024-08-13,2,75.58,0.16,email,mobile,completed,126.97
BKG-002767,SES-049086,USR-07311,EXP-0203,2024-08-06,2024-08-09,3,129.98,0.0,paid_search,desktop,completed,389.94
BKG-002768,SES-049111,USR-02152,EXP-0194,2025-01-07,2025-01-11,6,90.09,0.0,paid_search,desktop,completed,540.54
BKG-002769,SES-049123,USR-06166,EXP-0245,2025-04-10,2025-04-18,1,131.2,0.0,paid_search,mobile,cancelled,131.2
BKG-002770,SES-049131,USR-02816,EXP-0024,2024-08-22,2024-08-26,3,89.83,0.0,referral,desktop,completed,269.49
BKG-002771,SES-049140,USR-03226,EXP-0146,2024-11-29,2024-12-03,2,51.32,0.0,paid_search,mobile,completed,102.64
BKG-002772,SES-049159,USR-00341,EXP-0034,2025-06-07,2025-06-09,2,100.42,0.0,paid_search,desktop,cancelled,200.84
BKG-002773,SES-049166,USR-01104,EXP-0021,2025-06-15,2025-06-16,1,82.56,0.0,referral,mobile,completed,82.56
BKG-002774,SES-049194,USR-05791,EXP-0134,2025-03-01,2025-03-19,2,44.23,0.0,organic,mobile,completed,88.46
BKG-002775,SES-049235,USR-06888,EXP-0129,2025-05-11,2025-05-12,3,167.25,0.0,affiliates,mobile,completed,501.75
BKG-002776,SES-049242,USR-00382,EXP-0092,2025-06-09,2025-06-24,2,65.02,0.0,email,mobile,completed,130.04
BKG-002777,SES-049250,USR-05636,EXP-0030,2024-09-14,2024-10-27,2,100.68,0.0,referral,mobile,completed,201.36
BKG-002778,SES-049253,USR-00568,EXP-0157,2024-09-27,2024-10-06,5,100.65,0.0,paid_search,mobile,completed,503.25
BKG-002779,SES-049254,USR-04371,EXP-0165,2025-06-23,2025-08-07,2,53.5,0.11,social,desktop,completed,95.23
BKG-002780,SES-049259,USR-02893,EXP-0111,2024-07-29,2024-08-05,1,104.33,0.0,email,mobile,completed,104.33
BKG-002781,SES-049309,USR-06009,EXP-0097,2025-01-12,2025-02-20,2,88.9,0.18,organic,mobile,completed,145.8
BKG-002782,SES-049319,USR-00791,EXP-0075,2025-01-03,2025-01-19,2,86.39,0.09,paid_search,desktop,completed,157.23
BKG-002783,SES-049338,USR-06698,EXP-0048,2025-01-25,2025-03-02,2,102.16,0.0,paid_search,desktop,completed,204.32
BKG-002784,SES-049343,USR-00850,EXP-0276,2024-10-03,2024-10-05,2,88.14,0.0,referral,desktop,completed,176.28
BKG-002785,SES-049367,USR-04362,EXP-0150,2024-12-03,2024-12-07,2,96.37,0.12,organic,mobile,completed,169.61
BKG-002786,SES-049384,USR-01357,EXP-0214,2024-10-26,2024-11-04,2,91.28,0.18,affiliates,desktop,completed,149.7
BKG-002787,SES-049406,USR-05865,EXP-0053,2024-08-09,2024-08-19,6,36.55,0.16,paid_search,mobile,completed,184.21
BKG-002788,SES-049427,USR-06223,EXP-0021,2025-02-28,2025-03-16,1,80.57,0.0,affiliates,desktop,completed,80.57
BKG-002789,SES-049435,USR-04368,EXP-0005,2025-01-15,2025-01-18,4,83.21,0.06,email,desktop,completed,312.87
BKG-002790,SES-049442,USR-01030,EXP-0156,2025-02-16,2025-03-05,1,49.73,0.0,affiliates,desktop,completed,49.73
BKG-002791,SES-049464,USR-03423,EXP-0228,2024-09-11,2024-09-19,2,151.24,0.0,email,desktop,completed,302.48
BKG-002792,SES-049491,USR-03769,EXP-0023,2025-01-15,2025-01-24,2,36.69,0.12,referral,desktop,completed,64.57
BKG-002793,SES-049501,USR-00249,EXP-0054,2025-05-11,2025-06-07,2,69.58,0.0,paid_search,mobile,completed,139.16
BKG-002794,SES-049520,USR-03924,EXP-0001,2025-01-18,2025-03-06,2,59.01,0.12,paid_search,desktop,completed,103.86
BKG-002795,SES-049576,USR-00185,EXP-0133,2024-09-16,2024-09-17,1,101.09,0.07,paid_search,mobile,completed,94.01
BKG-002796,SES-049597,USR-07514,EXP-0017,2025-01-30,2025-02-07,1,80.86,0.0,referral,desktop,completed,80.86
BKG-002797,SES-049605,USR-00151,EXP-0064,2025-02-28,2025-03-08,2,72.89,0.12,paid_search,desktop,cancelled,128.29
BKG-002798,SES-049607,USR-03456,EXP-0020,2025-02-13,2025-02-15,2,127.89,0.0,organic,mobile,completed,255.78
BKG-002799,SES-049608,USR-02015,EXP-0115,2025-01-19,2025-02-15,4,26.28,0.11,paid_search,mobile,cancelled,93.56
BKG-002800,SES-049620,USR-06091,EXP-0017,2024-12-13,2024-12-16,2,84.72,0.14,paid_search,desktop,completed,145.72
BKG-002801,SES-049643,USR-01050,EXP-0277,2024-07-04,2024-07-10,2,104.96,0.0,referral,mobile,completed,209.92
BKG-002802,SES-049666,USR-07742,EXP-0097,2024-10-03,2024-10-23,2,79.56,0.09,organic,desktop,completed,144.8
BKG-002803,SES-049685,USR-07529,EXP-0220,2025-06-14,2025-07-05,2,38.41,0.0,organic,mobile,completed,76.82
BKG-002804,SES-049742,USR-02142,EXP-0170,2025-02-18,2025-03-02,3,178.98,0.14,email,mobile,completed,461.77
BKG-002805,SES-049753,USR-05214,EXP-0033,2024-11-12,2024-11-30,3,86.99,0.0,organic,desktop,completed,260.97
BKG-002806,SES-049754,USR-04541,EXP-0030,2024-07-30,2024-08-05,2,98.61,0.0,organic,mobile,completed,197.22
BKG-002807,SES-049791,USR-03882,EXP-0273,2025-06-25,2025-07-04,3,39.21,0.17,organic,mobile,completed,97.63
BKG-002808,SES-049833,USR-00345,EXP-0011,2024-12-12,2024-12-22,1,73.87,0.11,paid_search,mobile,completed,65.74
BKG-002809,SES-049843,USR-01301,EXP-0201,2025-01-17,2025-01-22,2,74.19,0.0,referral,mobile,completed,148.38
BKG-002810,SES-049846,USR-01795,EXP-0152,2025-03-27,2025-04-04,5,202.59,0.0,organic,mobile,completed,1012.95
BKG-002811,SES-049853,USR-04366,EXP-0112,2025-02-22,2025-02-23,3,48.07,0.0,referral,mobile,completed,144.21
BKG-002812,SES-049883,USR-06377,EXP-0281,2024-07-24,2024-07-28,2,36.55,0.0,paid_search,mobile,completed,73.1
BKG-002813,SES-049908,USR-04245,EXP-0234,2024-10-11,2024-10-12,1,85.39,0.16,organic,mobile,completed,71.73
BKG-002814,SES-049934,USR-06446,EXP-0150,2025-05-16,2025-05-22,2,85.62,0.0,email,mobile,completed,171.24
BKG-002815,SES-049957,USR-00347,EXP-0045,2024-09-25,2024-09-27,6,160.67,0.0,paid_search,mobile,completed,964.02
BKG-002816,SES-049984,USR-01433,EXP-0070,2024-08-24,2024-09-09,2,79.5,0.14,paid_search,mobile,completed,136.74
BKG-002817,SES-049990,USR-04275,EXP-0042,2025-04-20,2025-04-24,2,146.64,0.0,paid_search,mobile,completed,293.28
BKG-002818,SES-050003,USR-07310,EXP-0181,2024-07-20,2024-08-23,4,105.39,0.0,paid_search,mobile,completed,421.56
BKG-002819,SES-050010,USR-06700,EXP-0280,2024-10-08,2024-10-19,2,114.01,0.0,organic,desktop,completed,228.02
BKG-002820,SES-050031,USR-01785,EXP-0210,2024-07-04,2024-07-05,2,100.11,0.06,affiliates,mobile,completed,188.21
BKG-002821,SES-050033,USR-05451,EXP-0220,2024-08-05,2024-08-08,1,34.91,0.0,paid_search,mobile,completed,34.91
BKG-002822,SES-050038,USR-02202,EXP-0292,2025-01-28,2025-02-15,4,97.61,0.0,paid_search,mobile,completed,390.44
BKG-002823,SES-050043,USR-00286,EXP-0104,2024-10-13,2024-11-11,1,128.51,0.0,paid_search,mobile,completed,128.51
BKG-002824,SES-050052,USR-05193,EXP-0181,2024-11-15,2024-12-18,2,103.68,0.0,social,mobile,completed,207.36
BKG-002825,SES-050080,USR-07782,EXP-0162,2024-10-29,2024-11-07,2,66.1,0.11,paid_search,mobile,completed,117.66
BKG-002826,SES-050100,USR-01643,EXP-0138,2024-10-24,2024-11-09,6,64.76,0.0,paid_search,desktop,completed,388.56
BKG-002827,SES-050130,USR-05312,EXP-0023,2025-04-04,2025-04-21,1,38.72,0.19,paid_search,mobile,completed,31.36
BKG-002828,SES-050131,USR-01829,EXP-0151,2024-08-20,2024-08-23,6,63.2,0.0,paid_search,desktop,completed,379.2
BKG-002829,SES-050137,USR-00246,EXP-0034,2025-06-10,2025-07-04,1,88.17,0.07,email,mobile,completed,82.0
BKG-002830,SES-050191,USR-03679,EXP-0015,2025-04-09,2025-04-15,2,33.25,0.0,organic,desktop,completed,66.5
BKG-002831,SES-050192,USR-03313,EXP-0276,2024-10-04,2024-10-13,2,91.53,0.0,organic,desktop,completed,183.06
BKG-002832,SES-050233,USR-04692,EXP-0184,2024-09-09,2024-09-15,2,72.98,0.0,social,mobile,completed,145.96
BKG-002833,SES-050237,USR-02782,EXP-0227,2024-12-12,2024-12-28,2,82.52,0.0,referral,desktop,completed,165.04
BKG-002834,SES-050334,USR-07788,EXP-0159,2025-04-17,2025-04-18,5,57.22,0.0,paid_search,mobile,completed,286.1
BKG-002835,SES-050342,USR-03149,EXP-0094,2024-10-23,2024-10-29,1,96.44,0.0,paid_search,mobile,completed,96.44
BKG-002836,SES-050355,USR-03050,EXP-0236,2025-04-03,2025-04-04,2,123.92,0.0,referral,mobile,completed,247.84
BKG-002837,SES-050391,USR-03461,EXP-0171,2025-06-24,2025-07-05,2,125.13,0.0,organic,mobile,completed,250.26
BKG-002838,SES-050406,USR-01326,EXP-0204,2024-08-01,2024-08-08,2,80.07,0.0,affiliates,tablet,completed,160.14
BKG-002839,SES-050449,USR-00073,EXP-0001,2025-06-07,2025-06-08,6,62.81,0.0,paid_search,mobile,refunded,376.86
BKG-002840,SES-050453,USR-00178,EXP-0272,2024-07-29,2024-08-04,2,86.46,0.0,paid_search,mobile,completed,172.92
BKG-002841,SES-050497,USR-04241,EXP-0249,2024-10-19,2024-11-01,1,228.36,0.0,organic,mobile,completed,228.36
BKG-002842,SES-050511,USR-03439,EXP-0259,2025-03-08,2025-03-26,2,131.5,0.0,paid_search,desktop,completed,263.0
BKG-002843,SES-050521,USR-00120,EXP-0141,2025-02-02,2025-02-06,2,46.38,0.0,organic,mobile,completed,92.76
BKG-002844,SES-050550,USR-05669,EXP-0105,2024-11-11,2024-11-15,1,69.89,0.18,email,mobile,completed,57.31
BKG-002845,SES-050552,USR-01311,EXP-0020,2025-05-05,2025-05-24,2,126.7,0.0,paid_search,desktop,completed,253.4
BKG-002846,SES-050588,USR-03164,EXP-0259,2024-07-18,2024-08-05,5,126.4,0.0,organic,desktop,completed,632.0
BKG-002847,SES-050638,USR-02514,EXP-0202,2024-07-06,2024-07-14,1,52.67,0.0,paid_search,desktop,completed,52.67
BKG-002848,SES-050639,USR-00249,EXP-0180,2025-04-12,2025-05-29,2,185.24,0.0,organic,desktop,completed,370.48
BKG-002849,SES-050643,USR-05858,EXP-0170,2024-10-17,2024-10-20,1,168.53,0.0,organic,mobile,completed,168.53
BKG-002850,SES-050644,USR-05280,EXP-0020,2024-09-03,2024-09-07,4,111.84,0.0,organic,mobile,completed,447.36
BKG-002851,SES-050686,USR-04117,EXP-0226,2025-03-13,2025-03-28,2,132.83,0.0,referral,mobile,completed,265.66
BKG-002852,SES-050703,USR-06365,EXP-0144,2024-09-11,2024-10-17,2,79.88,0.0,organic,desktop,cancelled,159.76
BKG-002853,SES-050714,USR-07769,EXP-0212,2025-02-21,2025-03-03,1,58.93,0.0,social,mobile,completed,58.93
BKG-002854,SES-050715,USR-02310,EXP-0258,2024-12-08,2024-12-24,6,124.62,0.0,organic,mobile,completed,747.72
BKG-002855,SES-050740,USR-02493,EXP-0019,2025-05-12,2025-05-31,3,32.5,0.12,email,desktop,completed,85.8
BKG-002856,SES-050758,USR-00353,EXP-0030,2025-06-21,2025-06-28,3,107.86,0.16,organic,mobile,completed,271.81
BKG-002857,SES-050785,USR-07675,EXP-0193,2025-05-02,2025-05-03,3,81.89,0.0,organic,mobile,completed,245.67
BKG-002858,SES-050841,USR-05039,EXP-0234,2025-03-17,2025-04-17,2,92.49,0.11,organic,desktop,completed,164.63
BKG-002859,SES-050860,USR-00928,EXP-0214,2024-12-01,2024-12-06,2,75.03,0.0,paid_search,desktop,completed,150.06
BKG-002860,SES-050871,USR-04935,EXP-0289,2024-11-04,2024-11-20,6,63.19,0.17,paid_search,mobile,completed,314.69
BKG-002861,SES-050877,USR-03782,EXP-0216,2025-04-09,2025-04-22,2,86.54,0.0,paid_search,desktop,completed,173.08
BKG-002862,SES-050879,USR-00073,EXP-0244,2024-10-08,2024-10-12,1,109.09,0.19,email,mobile,completed,88.36
BKG-002863,SES-050887,USR-04626,EXP-0149,2024-10-01,2024-10-16,2,57.72,0.0,affiliates,mobile,cancelled,115.44
BKG-002864,SES-050902,USR-01956,EXP-0071,2025-05-07,2025-05-30,5,57.64,0.19,paid_search,mobile,completed,233.44
BKG-002865,SES-050932,USR-06338,EXP-0231,2025-01-12,2025-01-17,6,66.74,0.09,social,mobile,completed,364.4
BKG-002866,SES-050947,USR-03886,EXP-0252,2024-12-24,2025-01-19,3,86.19,0.0,paid_search,mobile,completed,258.57
BKG-002867,SES-050970,USR-05543,EXP-0088,2024-10-30,2024-11-04,2,59.9,0.0,organic,desktop,completed,119.8
BKG-002868,SES-050984,USR-06025,EXP-0157,2025-04-28,2025-05-31,4,101.66,0.0,organic,mobile,completed,406.64
BKG-002869,SES-051016,USR-07129,EXP-0112,2024-09-08,2024-09-09,1,43.27,0.0,affiliates,mobile,completed,43.27
BKG-002870,SES-051039,USR-00685,EXP-0035,2024-07-08,2024-07-10,3,145.73,0.09,paid_search,mobile,completed,397.84
BKG-002871,SES-051046,USR-04976,EXP-0037,2025-01-30,2025-02-09,2,84.31,0.1,paid_search,mobile,completed,151.76
BKG-002872,SES-051062,USR-04240,EXP-0228,2024-10-24,2024-11-01,1,145.04,0.0,referral,desktop,completed,145.04
BKG-002873,SES-051146,USR-06167,EXP-0213,2025-06-20,2025-06-25,2,88.34,0.0,organic,desktop,completed,176.68
BKG-002874,SES-051155,USR-03028,EXP-0032,2024-12-11,2024-12-16,2,85.31,0.0,paid_search,desktop,completed,170.62
BKG-002875,SES-051170,USR-02289,EXP-0075,2025-05-07,2025-05-31,4,100.71,0.0,organic,mobile,completed,402.84
BKG-002876,SES-051187,USR-05233,EXP-0156,2025-02-01,2025-02-06,1,51.98,0.0,organic,mobile,completed,51.98
BKG-002877,SES-051200,USR-02855,EXP-0043,2025-02-08,2025-02-09,2,37.17,0.0,affiliates,mobile,completed,74.34
BKG-002878,SES-051217,USR-03567,EXP-0116,2024-10-02,2024-10-26,5,69.7,0.11,referral,mobile,completed,310.17
BKG-002879,SES-051239,USR-02006,EXP-0076,2024-12-07,2024-12-26,2,80.09,0.18,paid_search,tablet,refunded,131.35
BKG-002880,SES-051241,USR-02823,EXP-0036,2025-04-29,2025-05-08,2,72.29,0.0,paid_search,mobile,completed,144.58
BKG-002881,SES-051256,USR-01322,EXP-0014,2024-09-04,2024-10-03,3,107.47,0.0,organic,mobile,completed,322.41
BKG-002882,SES-051261,USR-07153,EXP-0248,2025-01-05,2025-01-08,2,169.77,0.0,social,desktop,completed,339.54
BKG-002883,SES-051262,USR-03550,EXP-0239,2025-04-18,2025-04-21,5,147.11,0.0,affiliates,mobile,completed,735.55
BKG-002884,SES-051268,USR-02720,EXP-0097,2025-02-23,2025-03-16,2,84.93,0.0,paid_search,mobile,completed,169.86
BKG-002885,SES-051288,USR-04813,EXP-0130,2025-03-17,2025-03-29,3,119.61,0.05,paid_search,desktop,completed,340.89
BKG-002886,SES-051332,USR-01848,EXP-0078,2024-11-27,2025-01-04,2,45.85,0.15,paid_search,mobile,completed,77.95
BKG-002887,SES-051403,USR-07348,EXP-0152,2024-10-30,2024-10-31,2,214.35,0.0,paid_search,mobile,completed,428.7
BKG-002888,SES-051415,USR-03295,EXP-0088,2024-10-03,2024-10-13,1,64.61,0.0,email,mobile,completed,64.61
BKG-002889,SES-051474,USR-00503,EXP-0136,2025-01-11,2025-01-29,2,46.46,0.0,email,desktop,completed,92.92
BKG-002890,SES-051528,USR-04272,EXP-0205,2024-07-30,2024-08-03,2,135.81,0.0,paid_search,mobile,completed,271.62
BKG-002891,SES-051535,USR-06390,EXP-0140,2024-09-15,2024-09-20,2,138.34,0.07,organic,mobile,completed,257.31
BKG-002892,SES-051573,USR-05271,EXP-0022,2025-02-12,2025-02-21,2,84.87,0.0,paid_search,mobile,completed,169.74
BKG-002893,SES-051598,USR-05333,EXP-0153,2025-01-01,2025-01-02,4,54.91,0.1,social,mobile,completed,197.68
BKG-002894,SES-051600,USR-05805,EXP-0236,2024-12-14,2025-02-04,2,125.66,0.0,paid_search,mobile,completed,251.32
BKG-002895,SES-051601,USR-01482,EXP-0257,2024-11-23,2024-12-15,2,98.1,0.0,paid_search,desktop,completed,196.2
BKG-002896,SES-051624,USR-04017,EXP-0246,2024-11-03,2024-11-25,2,140.93,0.18,paid_search,mobile,completed,231.13
BKG-002897,SES-051662,USR-07460,EXP-0280,2024-11-27,2024-12-04,2,124.46,0.0,paid_search,mobile,completed,248.92
BKG-002898,SES-051716,USR-06262,EXP-0212,2024-07-14,2024-07-18,2,58.94,0.0,organic,mobile,completed,117.88
BKG-002899,SES-051733,USR-07634,EXP-0071,2025-03-04,2025-03-08,2,50.13,0.0,paid_search,desktop,completed,100.26
BKG-002900,SES-051761,USR-00656,EXP-0125,2024-11-26,2024-12-23,1,49.87,0.14,social,desktop,completed,42.89
BKG-002901,SES-051773,USR-05058,EXP-0126,2024-09-27,2024-10-07,2,66.67,0.0,paid_search,desktop,completed,133.34
BKG-002902,SES-051795,USR-05048,EXP-0035,2025-04-14,2025-04-28,2,127.82,0.06,paid_search,tablet,completed,240.3
BKG-002903,SES-051814,USR-01615,EXP-0027,2024-12-10,2024-12-16,2,216.3,0.0,affiliates,desktop,completed,432.6
BKG-002904,SES-051832,USR-04140,EXP-0257,2025-06-22,2025-07-06,6,94.55,0.0,referral,desktop,completed,567.3
BKG-002905,SES-051848,USR-04134,EXP-0034,2025-01-13,2025-02-18,4,111.45,0.0,email,desktop,completed,445.8
BKG-002906,SES-051859,USR-04957,EXP-0223,2024-07-09,2024-07-10,2,92.27,0.07,paid_search,desktop,completed,171.62
BKG-002907,SES-051908,USR-06485,EXP-0144,2025-05-08,2025-05-19,2,99.08,0.0,email,tablet,cancelled,198.16
BKG-002908,SES-051922,USR-04400,EXP-0015,2024-09-25,2024-09-27,1,35.7,0.0,paid_search,desktop,completed,35.7
BKG-002909,SES-051935,USR-05808,EXP-0057,2024-07-28,2024-07-30,6,83.79,0.05,organic,desktop,completed,477.6
BKG-002910,SES-051936,USR-03213,EXP-0058,2024-09-14,2024-10-05,2,157.66,0.13,organic,desktop,refunded,274.33
BKG-002911,SES-051950,USR-01814,EXP-0033,2024-08-24,2024-09-06,4,73.78,0.0,organic,desktop,completed,295.12
BKG-002912,SES-051953,USR-04708,EXP-0188,2025-06-19,2025-07-08,2,42.36,0.11,paid_search,desktop,completed,75.4
BKG-002913,SES-051955,USR-03782,EXP-0126,2024-10-29,2024-11-16,3,75.92,0.0,organic,desktop,completed,227.76
BKG-002914,SES-052011,USR-04973,EXP-0069,2024-08-21,2024-08-24,3,108.43,0.0,referral,desktop,completed,325.29
BKG-002915,SES-052012,USR-07513,EXP-0297,2025-04-09,2025-04-26,2,88.02,0.1,organic,desktop,completed,158.44
BKG-002916,SES-052023,USR-03227,EXP-0004,2024-10-10,2024-10-22,2,60.25,0.0,organic,desktop,completed,120.5
BKG-002917,SES-052076,USR-06173,EXP-0217,2024-10-27,2024-11-10,1,47.81,0.18,email,mobile,completed,39.2
BKG-002918,SES-052141,USR-02027,EXP-0171,2024-10-27,2024-10-29,1,136.24,0.11,referral,desktop,completed,121.25
BKG-002919,SES-052149,USR-05360,EXP-0062,2024-07-29,2024-08-01,2,126.8,0.0,organic,desktop,cancelled,253.6
BKG-002920,SES-052172,USR-07920,EXP-0035,2024-12-22,2025-01-04,6,136.73,0.06,organic,mobile,completed,771.16
BKG-002921,SES-052201,USR-02704,EXP-0252,2024-07-14,2024-07-21,1,88.38,0.0,affiliates,mobile,cancelled,88.38
BKG-002922,SES-052216,USR-01007,EXP-0136,2025-05-21,2025-06-11,3,45.46,0.0,referral,desktop,completed,136.38
BKG-002923,SES-052232,USR-02970,EXP-0031,2024-12-12,2024-12-18,2,60.96,0.0,paid_search,desktop,completed,121.92
BKG-002924,SES-052239,USR-04605,EXP-0151,2024-11-28,2024-12-12,2,57.69,0.0,paid_search,desktop,completed,115.38
BKG-002925,SES-052245,USR-00035,EXP-0284,2025-04-09,2025-04-13,2,188.69,0.08,organic,mobile,completed,347.19
BKG-002926,SES-052267,USR-06018,EXP-0163,2025-06-24,2025-07-24,2,46.25,0.19,paid_search,desktop,completed,74.93
BKG-002927,SES-052272,USR-00765,EXP-0055,2024-07-09,2024-07-20,1,68.11,0.0,email,desktop,completed,68.11
BKG-002928,SES-052280,USR-01436,EXP-0294,2024-09-06,2024-09-20,2,85.27,0.11,organic,mobile,completed,151.78
BKG-002929,SES-052300,USR-03964,EXP-0095,2025-02-02,2025-02-21,3,125.12,0.0,organic,mobile,completed,375.36
BKG-002930,SES-052342,USR-03379,EXP-0110,2025-03-08,2025-03-11,3,132.89,0.0,email,tablet,completed,398.67
BKG-002931,SES-052363,USR-04731,EXP-0150,2025-05-21,2025-05-25,1,96.18,0.0,paid_search,tablet,completed,96.18
BKG-002932,SES-052390,USR-00135,EXP-0263,2024-09-03,2024-09-08,2,67.77,0.0,referral,mobile,completed,135.54
BKG-002933,SES-052440,USR-04039,EXP-0248,2025-03-31,2025-04-01,2,170.04,0.13,organic,desktop,completed,295.87
BKG-002934,SES-052485,USR-01182,EXP-0075,2024-09-21,2024-09-29,5,97.89,0.0,social,desktop,completed,489.45
BKG-002935,SES-052501,USR-02796,EXP-0151,2025-03-19,2025-03-21,2,69.46,0.0,referral,desktop,completed,138.92
BKG-002936,SES-052566,USR-03223,EXP-0135,2025-05-30,2025-06-11,3,69.95,0.0,paid_search,desktop,cancelled,209.85
BKG-002937,SES-052587,USR-00624,EXP-0085,2024-12-22,2024-12-27,2,191.37,0.17,affiliates,mobile,completed,317.67
BKG-002938,SES-052600,USR-00953,EXP-0011,2025-05-13,2025-06-22,1,72.6,0.19,email,mobile,completed,58.81
BKG-002939,SES-052657,USR-05955,EXP-0205,2024-08-16,2024-08-17,1,112.03,0.1,email,desktop,completed,100.83
BKG-002940,SES-052696,USR-05212,EXP-0092,2024-09-03,2024-09-04,1,59.3,0.14,paid_search,desktop,completed,51.0
BKG-002941,SES-052746,USR-00079,EXP-0175,2025-05-13,2025-05-19,1,82.88,0.0,affiliates,desktop,completed,82.88
BKG-002942,SES-052759,USR-05529,EXP-0249,2024-11-03,2024-12-12,4,239.42,0.19,organic,mobile,completed,775.72
BKG-002943,SES-052773,USR-00175,EXP-0182,2025-05-03,2025-05-04,2,64.2,0.0,social,desktop,completed,128.4
BKG-002944,SES-052787,USR-01682,EXP-0123,2024-09-22,2024-10-10,3,94.31,0.0,paid_search,desktop,completed,282.93
BKG-002945,SES-052804,USR-07825,EXP-0071,2025-05-31,2025-06-04,1,61.35,0.0,affiliates,desktop,completed,61.35
BKG-002946,SES-052829,USR-03664,EXP-0274,2025-03-04,2025-03-09,4,32.09,0.0,email,mobile,completed,128.36
BKG-002947,SES-052835,USR-07222,EXP-0252,2024-12-09,2024-12-10,2,82.3,0.15,paid_search,desktop,cancelled,139.91
BKG-002948,SES-052843,USR-05712,EXP-0041,2025-02-10,2025-02-19,3,28.84,0.0,organic,desktop,completed,86.52
BKG-002949,SES-052855,USR-06417,EXP-0152,2025-03-26,2025-04-17,2,220.24,0.0,social,mobile,completed,440.48
BKG-002950,SES-052874,USR-07163,EXP-0240,2025-06-21,2025-07-04,2,88.97,0.0,paid_search,mobile,completed,177.94
BKG-002951,SES-052877,USR-04457,EXP-0161,2025-02-07,2025-02-08,1,182.44,0.0,email,desktop,completed,182.44
BKG-002952,SES-052879,USR-02130,EXP-0201,2025-05-25,2025-05-30,2,75.4,0.0,paid_search,mobile,refunded,150.8
BKG-002953,SES-052897,USR-06697,EXP-0120,2024-12-09,2024-12-30,2,74.16,0.0,organic,mobile,completed,148.32
BKG-002954,SES-052899,USR-01601,EXP-0142,2025-05-27,2025-06-07,2,89.36,0.0,organic,mobile,completed,178.72
BKG-002955,SES-052943,USR-06239,EXP-0068,2025-01-19,2025-02-07,4,99.3,0.0,social,mobile,completed,397.2
BKG-002956,SES-052945,USR-06376,EXP-0006,2024-12-21,2024-12-29,6,42.53,0.0,paid_search,desktop,cancelled,255.18
BKG-002957,SES-052955,USR-03344,EXP-0076,2025-02-02,2025-02-10,2,75.42,0.0,organic,mobile,completed,150.84
BKG-002958,SES-052965,USR-03986,EXP-0047,2025-04-25,2025-05-23,2,133.88,0.0,email,mobile,completed,267.76
BKG-002959,SES-053011,USR-03702,EXP-0077,2025-06-03,2025-06-18,2,166.24,0.11,organic,mobile,completed,295.91
BKG-002960,SES-053031,USR-04671,EXP-0224,2025-05-18,2025-06-19,2,64.64,0.18,paid_search,mobile,completed,106.01
BKG-002961,SES-053042,USR-00654,EXP-0147,2025-03-29,2025-04-06,2,31.77,0.14,organic,mobile,completed,54.64
BKG-002962,SES-053044,USR-03786,EXP-0034,2024-08-28,2024-09-07,2,100.09,0.0,paid_search,mobile,completed,200.18
BKG-002963,SES-053051,USR-00503,EXP-0168,2025-04-06,2025-05-13,3,187.38,0.0,paid_search,desktop,completed,562.14
BKG-002964,SES-053059,USR-05568,EXP-0057,2024-12-26,2024-12-27,5,87.78,0.0,paid_search,desktop,completed,438.9
BKG-002965,SES-053076,USR-06600,EXP-0112,2025-03-21,2025-05-14,2,48.79,0.0,affiliates,desktop,cancelled,97.58
BKG-002966,SES-053111,USR-06152,EXP-0257,2025-01-29,2025-02-02,2,92.52,0.0,organic,mobile,completed,185.04
BKG-002967,SES-053117,USR-01063,EXP-0155,2024-08-01,2024-08-08,2,68.11,0.0,organic,desktop,completed,136.22
BKG-002968,SES-053121,USR-02492,EXP-0103,2024-07-24,2024-07-27,2,77.01,0.0,organic,desktop,completed,154.02
BKG-002969,SES-053144,USR-07913,EXP-0096,2024-07-09,2024-07-12,2,116.6,0.0,organic,mobile,completed,233.2
BKG-002970,SES-053169,USR-06915,EXP-0138,2024-07-24,2024-08-28,1,63.94,0.17,organic,desktop,completed,53.07
BKG-002971,SES-053195,USR-01149,EXP-0293,2025-04-08,2025-04-14,2,88.76,0.17,affiliates,mobile,completed,147.34
BKG-002972,SES-053216,USR-06078,EXP-0196,2025-02-20,2025-04-25,1,65.92,0.11,paid_search,desktop,completed,58.67
BKG-002973,SES-053222,USR-00900,EXP-0073,2024-11-28,2024-12-19,3,89.17,0.0,referral,mobile,completed,267.51
BKG-002974,SES-053227,USR-01173,EXP-0028,2024-09-02,2024-09-12,4,61.22,0.0,affiliates,mobile,completed,244.88
BKG-002975,SES-053263,USR-07340,EXP-0073,2025-01-09,2025-01-24,2,96.32,0.11,paid_search,mobile,completed,171.45
BKG-002976,SES-053285,USR-07336,EXP-0170,2024-08-03,2024-08-08,4,171.01,0.19,affiliates,desktop,cancelled,554.07
BKG-002977,SES-053292,USR-06569,EXP-0292,2024-10-26,2024-11-12,2,100.06,0.0,email,desktop,completed,200.12
BKG-002978,SES-053305,USR-07893,EXP-0250,2025-05-01,2025-05-10,5,50.01,0.0,social,mobile,completed,250.05
BKG-002979,SES-053324,USR-05548,EXP-0134,2025-03-24,2025-04-09,2,41.5,0.19,organic,mobile,completed,67.23
BKG-002980,SES-053352,USR-02296,EXP-0067,2025-02-18,2025-02-22,2,67.32,0.0,organic,desktop,completed,134.64
BKG-002981,SES-053364,USR-02327,EXP-0073,2025-01-05,2025-01-06,2,96.67,0.09,paid_search,mobile,completed,175.94
BKG-002982,SES-053367,USR-03609,EXP-0264,2025-04-23,2025-06-24,1,129.11,0.0,social,desktop,completed,129.11
BKG-002983,SES-053384,USR-03819,EXP-0290,2025-06-26,2025-07-11,1,179.82,0.0,paid_search,desktop,completed,179.82
BKG-002984,SES-053391,USR-05706,EXP-0260,2025-04-23,2025-05-19,1,51.36,0.0,organic,mobile,completed,51.36
BKG-002985,SES-053401,USR-07463,EXP-0182,2025-04-05,2025-04-15,2,61.17,0.0,paid_search,mobile,completed,122.34
BKG-002986,SES-053442,USR-04785,EXP-0050,2025-06-14,2025-07-01,1,76.68,0.0,affiliates,desktop,completed,76.68
BKG-002987,SES-053538,USR-03562,EXP-0131,2025-06-10,2025-06-30,2,92.98,0.0,paid_search,mobile,completed,185.96
BKG-002988,SES-053551,USR-01091,EXP-0064,2025-03-25,2025-04-03,1,76.9,0.05,paid_search,mobile,completed,73.06
BKG-002989,SES-053555,USR-05312,EXP-0106,2024-08-23,2024-09-05,3,132.12,0.08,email,desktop,cancelled,364.65
BKG-002990,SES-053592,USR-06137,EXP-0200,2025-04-08,2025-04-28,2,108.81,0.0,organic,mobile,cancelled,217.62
BKG-002991,SES-053600,USR-00844,EXP-0243,2025-04-24,2025-05-23,2,86.24,0.0,organic,desktop,completed,172.48
BKG-002992,SES-053624,USR-01707,EXP-0026,2024-12-13,2025-01-10,2,26.74,0.1,referral,desktop,completed,48.13
BKG-002993,SES-053629,USR-04281,EXP-0144,2024-10-16,2024-10-21,2,87.9,0.1,organic,desktop,completed,158.22
BKG-002994,SES-053645,USR-07338,EXP-0026,2025-06-17,2025-08-05,2,27.07,0.0,email,mobile,completed,54.14
BKG-002995,SES-053655,USR-02373,EXP-0043,2024-09-08,2024-09-19,3,33.83,0.0,referral,mobile,completed,101.49
BKG-002996,SES-053691,USR-07222,EXP-0124,2024-09-28,2024-10-15,2,83.63,0.16,organic,mobile,completed,140.5
BKG-002997,SES-053696,USR-02138,EXP-0287,2024-08-26,2024-09-06,2,88.92,0.0,paid_search,mobile,completed,177.84
BKG-002998,SES-053738,USR-03267,EXP-0144,2024-08-26,2024-08-28,1,80.08,0.2,affiliates,mobile,completed,64.06
BKG-002999,SES-053746,USR-04518,EXP-0067,2024-10-31,2024-11-19,1,66.35,0.0,paid_search,mobile,cancelled,66.35
BKG-003000,SES-053750,USR-07572,EXP-0093,2024-09-26,2024-10-30,6,46.15,0.0,paid_search,desktop,completed,276.9
BKG-003001,SES-053756,USR-07546,EXP-0268,2025-01-06,2025-01-07,4,70.27,0.0,organic,mobile,cancelled,281.08
BKG-003002,SES-053768,USR-06590,EXP-0048,2025-01-29,2025-02-06,1,91.88,0.0,organic,desktop,completed,91.88
BKG-003003,SES-053770,USR-05583,EXP-0264,2024-12-26,2025-01-20,1,119.4,0.14,organic,desktop,completed,102.68
BKG-003004,SES-053789,USR-07740,EXP-0162,2024-10-20,2024-11-14,2,73.38,0.13,social,desktop,completed,127.68
BKG-003005,SES-053792,USR-04920,EXP-0148,2025-01-03,2025-01-09,2,107.07,0.2,organic,mobile,completed,171.31
BKG-003006,SES-053817,USR-01403,EXP-0094,2024-08-22,2024-08-26,3,89.62,0.19,social,desktop,completed,217.78
BKG-003007,SES-053820,USR-03126,EXP-0191,2025-01-04,2025-01-07,3,68.52,0.15,affiliates,mobile,completed,174.73
BKG-003008,SES-053821,USR-06433,EXP-0226,2024-12-31,2025-01-05,3,124.19,0.0,affiliates,desktop,completed,372.57
BKG-003009,SES-053849,USR-06386,EXP-0207,2025-04-01,2025-04-19,3,105.92,0.0,paid_search,desktop,completed,317.76
BKG-003010,SES-053859,USR-05766,EXP-0036,2024-08-10,2024-08-13,2,69.48,0.0,organic,mobile,completed,138.96
BKG-003011,SES-053877,USR-03857,EXP-0091,2024-11-01,2024-11-13,2,114.0,0.0,organic,mobile,completed,228.0
BKG-003012,SES-053894,USR-02758,EXP-0091,2025-02-06,2025-02-10,6,108.26,0.0,organic,mobile,completed,649.56
BKG-003013,SES-053898,USR-03817,EXP-0220,2024-09-11,2024-09-22,2,38.32,0.0,paid_search,desktop,completed,76.64
BKG-003014,SES-053918,USR-05035,EXP-0193,2024-07-06,2024-07-09,3,80.29,0.0,paid_search,mobile,completed,240.87
BKG-003015,SES-053929,USR-07556,EXP-0155,2024-09-02,2024-09-07,2,64.05,0.0,organic,mobile,completed,128.1
BKG-003016,SES-053932,USR-07121,EXP-0273,2025-05-30,2025-06-16,2,38.02,0.0,affiliates,mobile,completed,76.04
BKG-003017,SES-053935,USR-03602,EXP-0032,2024-09-17,2024-10-11,1,88.75,0.08,paid_search,mobile,completed,81.65
BKG-003018,SES-053949,USR-02316,EXP-0017,2025-05-22,2025-05-31,3,92.92,0.0,paid_search,mobile,completed,278.76
BKG-003019,SES-053956,USR-01617,EXP-0224,2024-08-08,2024-08-20,1,80.21,0.0,paid_search,mobile,completed,80.21
BKG-003020,SES-053972,USR-03071,EXP-0155,2024-08-10,2024-09-16,2,67.97,0.0,affiliates,mobile,completed,135.94
BKG-003021,SES-053993,USR-06105,EXP-0223,2024-09-11,2024-09-12,1,88.58,0.0,email,mobile,completed,88.58
BKG-003022,SES-054010,USR-07601,EXP-0051,2025-01-25,2025-02-13,2,28.08,0.14,paid_search,desktop,cancelled,48.3
BKG-003023,SES-054019,USR-04954,EXP-0259,2025-02-12,2025-02-14,3,111.85,0.19,social,desktop,completed,271.8
BKG-003024,SES-054020,USR-06800,EXP-0058,2024-08-26,2024-09-05,6,144.53,0.0,organic,desktop,completed,867.18
BKG-003025,SES-054047,USR-04009,EXP-0251,2024-11-10,2024-11-14,2,87.98,0.0,email,desktop,completed,175.96
BKG-003026,SES-054114,USR-01422,EXP-0106,2025-04-12,2025-04-15,3,138.58,0.0,paid_search,desktop,cancelled,415.74
BKG-003027,SES-054117,USR-05776,EXP-0058,2025-02-23,2025-03-11,2,141.46,0.0,organic,desktop,completed,282.92
BKG-003028,SES-054135,USR-00757,EXP-0073,2024-12-16,2025-01-10,2,86.73,0.12,email,desktop,completed,152.64
BKG-003029,SES-054152,USR-02959,EXP-0216,2025-05-09,2025-05-13,1,91.6,0.16,organic,desktop,completed,76.94
BKG-003030,SES-054159,USR-02216,EXP-0004,2025-06-15,2025-07-04,2,52.99,0.0,referral,mobile,completed,105.98
BKG-003031,SES-054179,USR-02797,EXP-0103,2024-07-17,2024-07-23,1,85.89,0.0,paid_search,mobile,completed,85.89
BKG-003032,SES-054194,USR-03365,EXP-0094,2024-09-16,2024-09-24,3,87.09,0.0,paid_search,desktop,completed,261.27
BKG-003033,SES-054196,USR-00515,EXP-0233,2024-11-28,2024-12-08,2,193.85,0.0,organic,desktop,completed,387.7
BKG-003034,SES-054207,USR-05850,EXP-0031,2025-01-13,2025-01-15,2,62.1,0.0,email,mobile,completed,124.2
BKG-003035,SES-054238,USR-04377,EXP-0201,2024-09-09,2024-09-14,4,70.28,0.11,email,mobile,completed,250.2
BKG-003036,SES-054267,USR-00807,EXP-0173,2025-06-06,2025-06-11,1,67.73,0.0,social,mobile,refunded,67.73
BKG-003037,SES-054299,USR-05915,EXP-0264,2024-07-06,2024-07-13,2,115.17,0.12,organic,desktop,completed,202.7
BKG-003038,SES-054330,USR-03616,EXP-0179,2025-02-18,2025-02-20,2,41.43,0.0,affiliates,desktop,completed,82.86
BKG-003039,SES-054352,USR-07181,EXP-0231,2024-08-24,2024-08-28,2,56.04,0.0,email,desktop,completed,112.08
BKG-003040,SES-054391,USR-06535,EXP-0153,2024-12-12,2024-12-18,2,56.24,0.0,email,mobile,completed,112.48
BKG-003041,SES-054414,USR-03938,EXP-0067,2025-01-01,2025-01-13,2,61.88,0.0,affiliates,mobile,completed,123.76
BKG-003042,SES-054453,USR-06862,EXP-0103,2024-10-08,2024-11-12,4,78.34,0.0,organic,desktop,completed,313.36
BKG-003043,SES-054456,USR-03889,EXP-0236,2024-08-29,2024-09-01,4,121.26,0.0,paid_search,desktop,completed,485.04
BKG-003044,SES-054481,USR-00725,EXP-0244,2025-05-21,2025-06-03,2,103.87,0.09,paid_search,mobile,completed,189.04
BKG-003045,SES-054489,USR-05035,EXP-0234,2025-04-30,2025-05-04,2,103.45,0.0,affiliates,mobile,completed,206.9
BKG-003046,SES-054505,USR-02382,EXP-0107,2025-02-07,2025-02-08,2,33.27,0.0,organic,desktop,completed,66.54
BKG-003047,SES-054506,USR-05478,EXP-0136,2025-06-25,2025-06-27,3,43.67,0.06,paid_search,tablet,completed,123.15
BKG-003048,SES-054514,USR-07307,EXP-0241,2024-08-20,2024-08-26,2,122.7,0.0,organic,desktop,completed,245.4
BKG-003049,SES-054521,USR-03683,EXP-0149,2025-06-06,2025-06-23,4,53.78,0.14,organic,desktop,completed,185.0
BKG-003050,SES-054561,USR-05487,EXP-0185,2024-12-28,2024-12-29,1,93.95,0.07,paid_search,mobile,completed,87.37
BKG-003051,SES-054582,USR-01691,EXP-0228,2024-12-20,2025-01-02,2,144.72,0.0,organic,desktop,completed,289.44
BKG-003052,SES-054596,USR-07847,EXP-0085,2025-03-17,2025-03-23,2,195.36,0.14,affiliates,mobile,completed,336.02
BKG-003053,SES-054598,USR-05487,EXP-0029,2025-06-02,2025-06-07,6,81.44,0.19,email,desktop,cancelled,395.8
BKG-003054,SES-054604,USR-01938,EXP-0056,2025-06-12,2025-07-06,1,40.99,0.0,paid_search,mobile,completed,40.99
BKG-003055,SES-054612,USR-01596,EXP-0214,2025-03-27,2025-05-01,2,80.58,0.0,paid_search,tablet,completed,161.16
BKG-003056,SES-054619,USR-00008,EXP-0219,2025-02-16,2025-02-17,2,201.47,0.0,social,mobile,completed,402.94
BKG-003057,SES-054623,USR-01880,EXP-0284,2024-09-24,2024-11-02,6,204.85,0.15,email,desktop,completed,1044.73
BKG-003058,SES-054637,USR-04034,EXP-0036,2024-11-07,2024-11-12,3,69.88,0.16,paid_search,mobile,completed,176.1
BKG-003059,SES-054648,USR-02613,EXP-0171,2024-11-09,2024-11-18,2,129.39,0.1,paid_search,desktop,completed,232.9
BKG-003060,SES-054664,USR-02275,EXP-0043,2024-11-07,2024-11-13,1,31.03,0.0,paid_search,mobile,completed,31.03
BKG-003061,SES-054670,USR-04689,EXP-0128,2025-04-13,2025-05-10,3,69.69,0.0,paid_search,mobile,cancelled,209.07
BKG-003062,SES-054711,USR-00481,EXP-0171,2024-07-02,2024-07-03,3,130.35,0.0,organic,desktop,completed,391.05
BKG-003063,SES-054734,USR-03694,EXP-0102,2025-04-14,2025-04-27,2,54.22,0.0,paid_search,desktop,cancelled,108.44
BKG-003064,SES-054779,USR-00187,EXP-0202,2025-04-21,2025-05-14,1,48.67,0.0,paid_search,mobile,refunded,48.67
BKG-003065,SES-054789,USR-05805,EXP-0288,2024-09-14,2024-09-15,2,70.84,0.0,affiliates,mobile,completed,141.68
BKG-003066,SES-054790,USR-06457,EXP-0073,2025-03-09,2025-03-10,1,90.99,0.06,email,mobile,completed,85.53
BKG-003067,SES-054862,USR-02329,EXP-0086,2024-12-06,2024-12-22,2,31.66,0.15,affiliates,desktop,completed,53.82
BKG-003068,SES-054864,USR-07050,EXP-0101,2025-04-16,2025-04-17,3,30.47,0.08,paid_search,desktop,completed,84.1
BKG-003069,SES-054880,USR-07398,EXP-0102,2025-05-17,2025-05-21,5,46.65,0.0,affiliates,mobile,completed,233.25
BKG-003070,SES-054939,USR-07416,EXP-0248,2025-03-18,2025-03-20,2,164.48,0.0,paid_search,mobile,completed,328.96
BKG-003071,SES-054944,USR-06634,EXP-0115,2025-01-22,2025-02-13,1,23.83,0.0,social,desktop,completed,23.83
BKG-003072,SES-054973,USR-07554,EXP-0065,2024-08-14,2024-08-22,2,89.65,0.08,paid_search,mobile,completed,164.96
BKG-003073,SES-055023,USR-06329,EXP-0300,2024-10-18,2024-10-20,6,62.76,0.08,organic,mobile,completed,346.44
BKG-003074,SES-055027,USR-04481,EXP-0030,2024-09-21,2024-10-03,2,102.72,0.0,paid_search,desktop,completed,205.44
BKG-003075,SES-055047,USR-02568,EXP-0045,2025-01-10,2025-01-20,5,147.09,0.0,organic,mobile,completed,735.45
BKG-003076,SES-055083,USR-07504,EXP-0064,2025-03-18,2025-05-15,4,73.55,0.16,email,mobile,completed,247.13
BKG-003077,SES-055093,USR-06866,EXP-0222,2024-10-23,2024-11-01,2,39.83,0.0,referral,desktop,completed,79.66
BKG-003078,SES-055122,USR-07641,EXP-0165,2025-04-21,2025-05-03,2,54.85,0.0,paid_search,desktop,refunded,109.7
BKG-003079,SES-055144,USR-07500,EXP-0011,2025-06-14,2025-06-25,1,73.82,0.0,social,desktop,completed,73.82
BKG-003080,SES-055177,USR-07525,EXP-0281,2024-10-25,2024-10-28,1,41.63,0.0,affiliates,desktop,completed,41.63
BKG-003081,SES-055204,USR-00120,EXP-0113,2025-01-04,2025-01-17,2,134.18,0.0,organic,desktop,completed,268.36
BKG-003082,SES-055230,USR-01065,EXP-0264,2024-10-26,2024-12-10,2,109.61,0.0,paid_search,desktop,completed,219.22
BKG-003083,SES-055231,USR-05989,EXP-0082,2025-02-12,2025-03-02,3,165.86,0.11,social,mobile,completed,442.85
BKG-003084,SES-055257,USR-04332,EXP-0074,2025-04-12,2025-05-24,4,148.93,0.0,paid_search,mobile,completed,595.72
BKG-003085,SES-055273,USR-05860,EXP-0156,2025-04-03,2025-04-04,2,49.83,0.0,paid_search,mobile,completed,99.66
BKG-003086,SES-055280,USR-05801,EXP-0212,2025-06-19,2025-06-23,2,56.16,0.0,organic,desktop,cancelled,112.32
BKG-003087,SES-055284,USR-05206,EXP-0139,2025-03-03,2025-03-12,2,98.54,0.0,affiliates,mobile,completed,197.08
BKG-003088,SES-055309,USR-06558,EXP-0157,2025-04-16,2025-05-03,3,94.22,0.0,referral,mobile,completed,282.66
BKG-003089,SES-055356,USR-05426,EXP-0001,2024-11-23,2024-12-21,2,55.58,0.0,email,mobile,completed,111.16
BKG-003090,SES-055370,USR-08000,EXP-0193,2024-10-08,2024-11-11,2,80.7,0.09,email,desktop,completed,146.87
BKG-003091,SES-055411,USR-05681,EXP-0216,2024-12-13,2024-12-31,1,95.59,0.16,organic,mobile,completed,80.3
BKG-003092,SES-055459,USR-03584,EXP-0057,2024-10-28,2024-11-17,2,94.46,0.0,organic,mobile,completed,188.92
BKG-003093,SES-055465,USR-04574,EXP-0268,2024-10-13,2024-10-19,4,79.3,0.0,organic,mobile,completed,317.2
BKG-003094,SES-055473,USR-06483,EXP-0116,2024-09-03,2024-09-13,3,70.1,0.0,organic,desktop,completed,210.3
BKG-003095,SES-055510,USR-07466,EXP-0263,2024-10-07,2024-10-11,4,57.13,0.0,email,tablet,completed,228.52
BKG-003096,SES-055542,USR-04786,EXP-0129,2025-06-12,2025-06-24,2,196.48,0.0,email,tablet,completed,392.96
BKG-003097,SES-055559,USR-07820,EXP-0293,2025-01-28,2025-02-12,6,97.03,0.0,paid_search,mobile,completed,582.18
BKG-003098,SES-055576,USR-03923,EXP-0042,2025-05-04,2025-05-17,5,130.49,0.16,affiliates,desktop,completed,548.06
BKG-003099,SES-055616,USR-00257,EXP-0223,2025-06-16,2025-06-25,5,90.46,0.0,paid_search,desktop,completed,452.3
BKG-003100,SES-055655,USR-00896,EXP-0295,2025-03-19,2025-03-21,1,44.97,0.0,email,desktop,completed,44.97
BKG-003101,SES-055667,USR-03862,EXP-0194,2024-10-10,2024-10-19,6,85.15,0.0,social,desktop,completed,510.9
BKG-003102,SES-055678,USR-00065,EXP-0184,2024-10-28,2024-11-12,3,74.07,0.0,email,mobile,cancelled,222.21
BKG-003103,SES-055757,USR-04963,EXP-0043,2024-11-01,2024-11-13,2,35.69,0.0,social,desktop,completed,71.38
BKG-003104,SES-055762,USR-04295,EXP-0110,2024-12-04,2024-12-23,2,138.23,0.16,organic,mobile,completed,232.23
BKG-003105,SES-055765,USR-04903,EXP-0236,2024-10-29,2024-11-17,5,112.93,0.0,paid_search,desktop,completed,564.65
BKG-003106,SES-055796,USR-06056,EXP-0238,2025-06-03,2025-06-07,5,74.36,0.0,paid_search,mobile,cancelled,371.8
BKG-003107,SES-055798,USR-07301,EXP-0216,2024-10-20,2024-11-09,2,87.28,0.0,organic,tablet,completed,174.56
BKG-003108,SES-055813,USR-04493,EXP-0192,2025-04-27,2025-05-13,4,54.55,0.0,organic,desktop,completed,218.2
BKG-003109,SES-055832,USR-05646,EXP-0193,2024-11-11,2024-11-22,2,79.65,0.06,affiliates,mobile,completed,149.74
BKG-003110,SES-055860,USR-07525,EXP-0122,2024-10-25,2024-10-28,2,101.08,0.0,paid_search,tablet,completed,202.16
BKG-003111,SES-055932,USR-02753,EXP-0112,2025-06-20,2025-06-28,2,49.3,0.0,email,desktop,completed,98.6
BKG-003112,SES-055949,USR-01928,EXP-0015,2024-09-07,2024-09-24,2,31.09,0.17,paid_search,desktop,completed,51.61
BKG-003113,SES-055953,USR-07577,EXP-0070,2024-09-28,2024-10-05,1,78.01,0.0,email,mobile,completed,78.01
BKG-003114,SES-055973,USR-05578,EXP-0024,2025-03-11,2025-03-14,2,94.83,0.0,referral,desktop,completed,189.66
BKG-003115,SES-055980,USR-01192,EXP-0120,2025-05-10,2025-05-29,5,69.2,0.15,paid_search,mobile,completed,294.1
BKG-003116,SES-056019,USR-01933,EXP-0261,2024-12-05,2024-12-26,2,109.27,0.0,email,mobile,completed,218.54
BKG-003117,SES-056029,USR-06450,EXP-0291,2025-01-10,2025-01-14,5,109.15,0.0,organic,mobile,completed,545.75
BKG-003118,SES-056031,USR-03039,EXP-0027,2024-11-04,2024-11-17,1,206.15,0.0,paid_search,desktop,completed,206.15
BKG-003119,SES-056045,USR-07433,EXP-0057,2024-10-02,2024-10-08,4,90.97,0.0,paid_search,mobile,completed,363.88
BKG-003120,SES-056050,USR-06462,EXP-0098,2024-09-04,2024-10-02,6,76.13,0.0,organic,mobile,completed,456.78
BKG-003121,SES-056060,USR-07863,EXP-0281,2024-12-13,2024-12-18,1,37.38,0.0,organic,desktop,completed,37.38
BKG-003122,SES-056077,USR-01459,EXP-0002,2025-03-20,2025-04-01,2,34.88,0.0,paid_search,mobile,completed,69.76
BKG-003123,SES-056094,USR-04112,EXP-0189,2025-06-10,2025-06-17,1,93.16,0.0,paid_search,desktop,completed,93.16
BKG-003124,SES-056144,USR-03527,EXP-0300,2025-06-18,2025-07-21,4,61.92,0.0,organic,desktop,completed,247.68
BKG-003125,SES-056182,USR-05389,EXP-0086,2024-07-16,2024-07-18,3,31.67,0.13,paid_search,desktop,completed,82.66
BKG-003126,SES-056184,USR-05031,EXP-0022,2024-08-03,2024-08-06,2,78.96,0.0,organic,mobile,completed,157.92
BKG-003127,SES-056200,USR-01125,EXP-0190,2024-11-29,2024-12-14,2,72.05,0.0,affiliates,mobile,completed,144.1
BKG-003128,SES-056223,USR-06970,EXP-0023,2024-11-28,2024-12-09,2,36.71,0.18,paid_search,desktop,completed,60.2
BKG-003129,SES-056246,USR-02512,EXP-0255,2024-10-14,2024-10-15,5,87.37,0.0,referral,mobile,completed,436.85
BKG-003130,SES-056248,USR-04411,EXP-0212,2025-05-22,2025-05-23,3,55.73,0.0,organic,mobile,completed,167.19
BKG-003131,SES-056288,USR-05678,EXP-0060,2025-02-28,2025-03-05,5,94.03,0.0,referral,mobile,completed,470.15
BKG-003132,SES-056303,USR-01193,EXP-0005,2025-01-01,2025-01-27,2,74.2,0.0,email,tablet,completed,148.4
BKG-003133,SES-056316,USR-00214,EXP-0078,2024-07-11,2024-08-07,2,47.81,0.0,organic,mobile,completed,95.62
BKG-003134,SES-056328,USR-02299,EXP-0021,2025-04-06,2025-04-13,2,90.58,0.0,paid_search,desktop,completed,181.16
BKG-003135,SES-056334,USR-00529,EXP-0234,2024-11-14,2024-11-20,4,87.01,0.1,paid_search,desktop,completed,313.24
BKG-003136,SES-056350,USR-04527,EXP-0171,2024-07-31,2024-08-01,2,123.19,0.0,affiliates,desktop,completed,246.38
BKG-003137,SES-056400,USR-04646,EXP-0250,2025-06-28,2025-07-24,1,44.77,0.0,organic,desktop,completed,44.77
BKG-003138,SES-056404,USR-07032,EXP-0298,2024-11-29,2024-11-30,1,83.74,0.0,referral,mobile,completed,83.74
BKG-003139,SES-056413,USR-04381,EXP-0255,2024-07-14,2024-08-09,5,80.13,0.19,paid_search,mobile,completed,324.53
BKG-003140,SES-056444,USR-02492,EXP-0196,2024-07-11,2024-08-15,2,56.92,0.0,email,mobile,completed,113.84
BKG-003141,SES-056449,USR-02694,EXP-0093,2024-08-17,2024-09-15,1,45.3,0.18,referral,desktop,completed,37.15
BKG-003142,SES-056494,USR-00054,EXP-0238,2025-06-11,2025-06-30,2,59.76,0.0,organic,mobile,completed,119.52
BKG-003143,SES-056510,USR-01444,EXP-0094,2024-10-18,2024-10-20,2,93.49,0.0,referral,desktop,completed,186.98
BKG-003144,SES-056527,USR-07080,EXP-0238,2024-11-23,2024-12-28,2,70.21,0.14,paid_search,mobile,completed,120.76
BKG-003145,SES-056543,USR-00870,EXP-0274,2025-03-07,2025-03-28,2,32.98,0.0,paid_search,desktop,completed,65.96
BKG-003146,SES-056572,USR-03129,EXP-0066,2025-01-24,2025-03-19,1,54.18,0.0,paid_search,tablet,cancelled,54.18
BKG-003147,SES-056598,USR-06405,EXP-0147,2025-05-29,2025-06-04,2,32.54,0.0,referral,desktop,cancelled,65.08
BKG-003148,SES-056604,USR-05160,EXP-0278,2025-03-23,2025-04-10,2,59.58,0.0,paid_search,mobile,completed,119.16
BKG-003149,SES-056621,USR-01987,EXP-0168,2024-10-29,2024-11-01,1,181.99,0.0,paid_search,mobile,completed,181.99
BKG-003150,SES-056635,USR-07752,EXP-0103,2025-01-04,2025-01-06,6,75.02,0.0,paid_search,mobile,completed,450.12
BKG-003151,SES-056640,USR-03661,EXP-0281,2024-09-12,2024-09-29,1,38.4,0.0,paid_search,desktop,cancelled,38.4
BKG-003152,SES-056644,USR-04526,EXP-0106,2025-04-30,2025-05-13,2,122.6,0.06,social,desktop,completed,230.49
BKG-003153,SES-056662,USR-03765,EXP-0279,2024-10-07,2024-11-05,2,95.22,0.0,organic,mobile,completed,190.44
BKG-003154,SES-056670,USR-06514,EXP-0026,2025-03-26,2025-04-06,1,28.26,0.19,referral,mobile,completed,22.89
BKG-003155,SES-056727,USR-00592,EXP-0062,2024-10-27,2024-10-28,3,124.67,0.0,organic,tablet,completed,374.01
BKG-003156,SES-056728,USR-04143,EXP-0146,2025-06-10,2025-06-26,2,47.76,0.0,organic,mobile,completed,95.52
BKG-003157,SES-056740,USR-07748,EXP-0186,2025-01-24,2025-02-05,4,58.46,0.0,organic,mobile,completed,233.84
BKG-003158,SES-056745,USR-01057,EXP-0226,2025-05-13,2025-06-02,3,132.54,0.17,paid_search,mobile,completed,330.02
BKG-003159,SES-056747,USR-02779,EXP-0259,2025-01-04,2025-01-12,2,150.42,0.0,paid_search,tablet,refunded,300.84
BKG-003160,SES-056755,USR-05728,EXP-0140,2024-11-26,2024-12-02,1,134.95,0.0,affiliates,mobile,completed,134.95
BKG-003161,SES-056790,USR-03655,EXP-0048,2025-06-14,2025-06-22,3,100.25,0.0,referral,mobile,completed,300.75
BKG-003162,SES-056809,USR-01690,EXP-0214,2025-02-16,2025-02-27,2,71.26,0.0,paid_search,desktop,completed,142.52
BKG-003163,SES-056811,USR-04871,EXP-0234,2024-08-04,2024-08-05,3,94.38,0.0,paid_search,mobile,cancelled,283.14
BKG-003164,SES-056825,USR-02013,EXP-0223,2024-08-20,2024-09-09,4,103.08,0.16,paid_search,mobile,completed,346.35
BKG-003165,SES-056852,USR-07126,EXP-0152,2024-12-03,2024-12-05,3,208.54,0.0,affiliates,mobile,completed,625.62
BKG-003166,SES-056881,USR-04770,EXP-0174,2024-08-19,2024-09-04,2,102.01,0.0,email,mobile,completed,204.02
BKG-003167,SES-056885,USR-07034,EXP-0257,2024-09-20,2024-09-29,2,93.7,0.0,paid_search,mobile,completed,187.4
BKG-003168,SES-056887,USR-04354,EXP-0191,2025-03-20,2025-04-02,2,78.96,0.0,email,desktop,cancelled,157.92
BKG-003169,SES-056890,USR-05318,EXP-0231,2025-02-12,2025-02-19,6,58.46,0.0,paid_search,mobile,completed,350.76
BKG-003170,SES-056909,USR-03813,EXP-0106,2024-08-11,2024-08-12,2,117.85,0.0,paid_search,mobile,completed,235.7
BKG-003171,SES-056910,USR-01584,EXP-0293,2025-04-04,2025-04-07,4,85.5,0.0,organic,mobile,cancelled,342.0
BKG-003172,SES-056976,USR-03854,EXP-0233,2024-08-17,2024-08-25,2,185.23,0.0,organic,desktop,completed,370.46
BKG-003173,SES-057019,USR-03645,EXP-0109,2024-12-14,2024-12-16,1,71.48,0.1,paid_search,tablet,completed,64.33
BKG-003174,SES-057025,USR-00318,EXP-0286,2025-04-02,2025-05-04,1,47.45,0.0,organic,mobile,completed,47.45
BKG-003175,SES-057035,USR-03312,EXP-0182,2025-03-27,2025-04-16,3,63.89,0.0,organic,mobile,completed,191.67
BKG-003176,SES-057049,USR-01227,EXP-0007,2024-09-27,2024-09-30,2,127.75,0.0,organic,desktop,completed,255.5
BKG-003177,SES-057106,USR-01213,EXP-0228,2025-02-03,2025-02-10,4,157.72,0.18,email,desktop,completed,517.32
BKG-003178,SES-057132,USR-03777,EXP-0159,2025-05-08,2025-05-10,3,57.47,0.0,paid_search,desktop,completed,172.41
BKG-003179,SES-057139,USR-07932,EXP-0259,2025-03-12,2025-03-22,2,140.0,0.0,email,desktop,completed,280.0
BKG-003180,SES-057156,USR-04432,EXP-0215,2024-10-08,2024-10-24,2,41.56,0.0,social,desktop,completed,83.12
BKG-003181,SES-057192,USR-05033,EXP-0231,2025-02-07,2025-02-12,2,58.5,0.0,paid_search,desktop,completed,117.0
BKG-003182,SES-057204,USR-05839,EXP-0260,2025-06-23,2025-06-24,4,54.99,0.0,affiliates,desktop,completed,219.96
BKG-003183,SES-057211,USR-06277,EXP-0042,2024-10-27,2024-10-28,2,138.72,0.06,social,mobile,completed,260.79
BKG-003184,SES-057230,USR-05931,EXP-0044,2024-09-25,2024-09-26,1,221.94,0.0,paid_search,mobile,completed,221.94
BKG-003185,SES-057245,USR-00147,EXP-0094,2025-06-18,2025-06-19,2,95.11,0.0,referral,desktop,cancelled,190.22
BKG-003186,SES-057257,USR-00149,EXP-0131,2025-04-11,2025-04-16,3,79.87,0.17,organic,mobile,refunded,198.88
BKG-003187,SES-057262,USR-01639,EXP-0070,2024-10-04,2024-10-23,4,78.24,0.14,referral,desktop,completed,269.15
BKG-003188,SES-057267,USR-06314,EXP-0022,2024-08-01,2024-08-30,4,75.91,0.0,affiliates,desktop,completed,303.64
BKG-003189,SES-057269,USR-05238,EXP-0028,2024-08-17,2024-08-28,1,61.88,0.05,email,mobile,completed,58.79
BKG-003190,SES-057312,USR-07358,EXP-0099,2025-01-03,2025-01-04,1,82.95,0.0,paid_search,mobile,completed,82.95
BKG-003191,SES-057334,USR-00498,EXP-0241,2025-04-18,2025-04-21,2,148.96,0.08,referral,mobile,completed,274.09
BKG-003192,SES-057344,USR-04294,EXP-0229,2025-05-16,2025-05-18,1,78.0,0.0,paid_search,desktop,completed,78.0
BKG-003193,SES-057351,USR-02120,EXP-0253,2025-04-11,2025-04-26,2,56.17,0.0,affiliates,desktop,completed,112.34
BKG-003194,SES-057390,USR-00073,EXP-0176,2025-04-17,2025-04-19,2,64.1,0.11,organic,mobile,completed,114.1
BKG-003195,SES-057407,USR-03194,EXP-0086,2025-02-22,2025-03-01,1,30.68,0.13,paid_search,mobile,completed,26.69
BKG-003196,SES-057459,USR-05864,EXP-0087,2025-05-25,2025-05-31,5,127.2,0.0,paid_search,mobile,completed,636.0
BKG-003197,SES-057470,USR-03609,EXP-0055,2025-03-01,2025-03-10,1,66.01,0.0,referral,desktop,cancelled,66.01
BKG-003198,SES-057500,USR-04482,EXP-0231,2025-06-29,2025-07-13,1,64.94,0.11,affiliates,desktop,completed,57.8
BKG-003199,SES-057540,USR-01236,EXP-0070,2024-11-09,2024-11-26,2,80.09,0.05,paid_search,mobile,completed,152.17
BKG-003200,SES-057588,USR-01440,EXP-0145,2024-10-16,2024-10-23,2,125.01,0.0,email,mobile,completed,250.02
BKG-003201,SES-057598,USR-07496,EXP-0262,2024-10-18,2024-10-25,1,94.43,0.0,paid_search,mobile,refunded,94.43
BKG-003202,SES-057604,USR-04186,EXP-0064,2024-08-14,2024-08-19,2,69.54,0.0,organic,desktop,completed,139.08
BKG-003203,SES-057610,USR-05620,EXP-0221,2024-07-29,2024-08-09,2,86.41,0.0,organic,mobile,completed,172.82
BKG-003204,SES-057684,USR-06715,EXP-0194,2025-06-11,2025-06-25,1,76.1,0.0,paid_search,mobile,completed,76.1
BKG-003205,SES-057728,USR-01920,EXP-0274,2024-11-24,2024-12-08,5,33.96,0.0,paid_search,desktop,completed,169.8
BKG-003206,SES-057732,USR-07122,EXP-0260,2024-08-21,2024-09-02,1,46.29,0.1,organic,desktop,completed,41.66
BKG-003207,SES-057739,USR-03592,EXP-0184,2024-10-23,2024-10-31,2,80.31,0.0,affiliates,desktop,completed,160.62
BKG-003208,SES-057768,USR-00436,EXP-0247,2025-03-22,2025-04-10,2,141.45,0.0,organic,mobile,refunded,282.9
BKG-003209,SES-057786,USR-04803,EXP-0206,2024-10-12,2024-11-04,4,72.92,0.19,organic,mobile,completed,236.26
BKG-003210,SES-057805,USR-03974,EXP-0011,2024-08-15,2024-09-16,3,71.99,0.0,referral,mobile,completed,215.97
BKG-003211,SES-057827,USR-04662,EXP-0145,2025-06-03,2025-06-04,2,125.39,0.15,social,desktop,completed,213.16
BKG-003212,SES-057870,USR-02263,EXP-0089,2024-07-31,2024-08-15,2,78.63,0.0,organic,mobile,cancelled,157.26
BKG-003213,SES-057873,USR-05075,EXP-0040,2025-03-08,2025-04-09,1,178.23,0.0,affiliates,mobile,cancelled,178.23
BKG-003214,SES-057907,USR-01171,EXP-0181,2025-02-07,2025-02-11,1,120.89,0.0,organic,tablet,completed,120.89
BKG-003215,SES-057961,USR-02912,EXP-0167,2024-07-04,2024-07-24,2,87.1,0.0,affiliates,mobile,completed,174.2
BKG-003216,SES-057967,USR-00930,EXP-0103,2025-06-23,2025-07-03,2,85.32,0.19,paid_search,desktop,completed,138.22
BKG-003217,SES-057977,USR-07098,EXP-0063,2024-12-09,2024-12-12,1,92.95,0.08,affiliates,mobile,completed,85.51
BKG-003218,SES-058016,USR-07848,EXP-0257,2024-07-01,2024-07-04,4,97.81,0.0,affiliates,desktop,completed,391.24
BKG-003219,SES-058020,USR-03764,EXP-0010,2024-09-18,2024-09-28,6,55.39,0.12,paid_search,mobile,completed,292.46
BKG-003220,SES-058021,USR-07805,EXP-0227,2024-07-16,2024-07-20,3,100.01,0.0,social,mobile,completed,300.03
BKG-003221,SES-058027,USR-06505,EXP-0199,2024-10-24,2024-11-07,2,73.94,0.0,email,mobile,completed,147.88
BKG-003222,SES-058029,USR-03404,EXP-0087,2024-12-25,2025-01-09,2,136.49,0.12,social,desktop,completed,240.22
BKG-003223,SES-058034,USR-01933,EXP-0005,2025-05-04,2025-05-30,3,74.58,0.0,paid_search,mobile,completed,223.74
BKG-003224,SES-058079,USR-05532,EXP-0229,2025-02-15,2025-03-01,2,85.16,0.0,organic,mobile,completed,170.32
BKG-003225,SES-058125,USR-03226,EXP-0191,2024-09-20,2024-11-29,4,73.82,0.0,referral,mobile,completed,295.28
BKG-003226,SES-058130,USR-00179,EXP-0124,2025-01-17,2025-02-06,2,84.47,0.0,affiliates,desktop,refunded,168.94
BKG-003227,SES-058198,USR-05249,EXP-0004,2024-10-22,2024-10-30,4,58.18,0.0,referral,desktop,completed,232.72
BKG-003228,SES-058220,USR-00978,EXP-0217,2025-04-23,2025-04-25,2,48.34,0.0,paid_search,desktop,completed,96.68
BKG-003229,SES-058229,USR-03145,EXP-0205,2025-05-05,2025-05-06,3,125.07,0.0,organic,mobile,completed,375.21
BKG-003230,SES-058239,USR-01764,EXP-0266,2025-02-21,2025-03-20,2,63.78,0.2,email,mobile,completed,102.05
BKG-003231,SES-058248,USR-06990,EXP-0001,2024-09-02,2024-09-12,2,55.13,0.11,organic,mobile,completed,98.13
BKG-003232,SES-058322,USR-06071,EXP-0267,2024-07-06,2024-07-13,3,50.31,0.0,paid_search,mobile,completed,150.93
BKG-003233,SES-058326,USR-03930,EXP-0052,2024-08-30,2024-09-01,2,76.37,0.09,referral,desktop,completed,138.99
BKG-003234,SES-058354,USR-05751,EXP-0040,2024-07-30,2024-07-31,4,168.93,0.0,organic,desktop,completed,675.72
BKG-003235,SES-058386,USR-05773,EXP-0042,2025-01-25,2025-01-28,2,147.09,0.0,email,desktop,completed,294.18
BKG-003236,SES-058401,USR-04889,EXP-0017,2025-04-23,2025-04-27,2,74.32,0.0,social,tablet,completed,148.64
BKG-003237,SES-058407,USR-06244,EXP-0030,2025-01-07,2025-01-13,2,103.85,0.0,paid_search,mobile,completed,207.7
BKG-003238,SES-058452,USR-07816,EXP-0197,2025-01-12,2025-01-27,1,77.53,0.0,paid_search,mobile,completed,77.53
BKG-003239,SES-058453,USR-02103,EXP-0226,2024-09-09,2024-10-27,1,115.43,0.0,referral,desktop,completed,115.43
BKG-003240,SES-058456,USR-00828,EXP-0141,2025-03-05,2025-03-24,3,47.9,0.0,email,desktop,cancelled,143.7
BKG-003241,SES-058457,USR-03351,EXP-0252,2024-08-16,2024-08-27,2,86.28,0.0,organic,desktop,completed,172.56
BKG-003242,SES-058469,USR-07690,EXP-0209,2024-08-07,2024-09-19,1,79.48,0.0,email,mobile,completed,79.48
BKG-003243,SES-058479,USR-03551,EXP-0238,2025-02-25,2025-02-26,2,75.37,0.0,social,mobile,completed,150.74
BKG-003244,SES-058503,USR-07742,EXP-0221,2024-07-01,2024-07-02,4,88.11,0.0,referral,desktop,completed,352.44
BKG-003245,SES-058513,USR-07022,EXP-0214,2024-09-26,2024-09-30,3,80.12,0.0,organic,desktop,completed,240.36
BKG-003246,SES-058531,USR-05400,EXP-0056,2024-11-11,2024-11-16,6,36.7,0.0,organic,desktop,completed,220.2
BKG-003247,SES-058568,USR-05093,EXP-0191,2024-11-27,2024-12-10,2,71.86,0.08,organic,mobile,completed,132.22
BKG-003248,SES-058575,USR-02853,EXP-0081,2024-10-22,2024-11-09,1,90.07,0.0,referral,mobile,completed,90.07
BKG-003249,SES-058596,USR-04330,EXP-0162,2024-08-17,2024-08-26,2,68.93,0.0,paid_search,desktop,completed,137.86
BKG-003250,SES-058623,USR-04994,EXP-0149,2024-10-29,2024-11-06,3,58.9,0.0,paid_search,desktop,completed,176.7
BKG-003251,SES-058661,USR-06089,EXP-0098,2025-03-02,2025-03-19,4,86.7,0.17,organic,desktop,completed,287.84
BKG-003252,SES-058663,USR-06665,EXP-0109,2024-12-20,2024-12-26,2,80.55,0.0,organic,mobile,completed,161.1
BKG-003253,SES-058680,USR-04980,EXP-0157,2024-10-11,2024-10-19,2,104.29,0.06,paid_search,mobile,completed,196.07
BKG-003254,SES-058683,USR-04774,EXP-0289,2024-10-16,2024-10-20,3,67.89,0.0,paid_search,desktop,completed,203.67
BKG-003255,SES-058686,USR-03022,EXP-0291,2025-03-10,2025-03-12,1,99.54,0.0,organic,mobile,completed,99.54
BKG-003256,SES-058727,USR-00145,EXP-0078,2025-02-28,2025-03-07,2,47.96,0.0,paid_search,desktop,cancelled,95.92
BKG-003257,SES-058732,USR-04713,EXP-0039,2024-09-15,2024-09-19,2,73.65,0.0,organic,mobile,completed,147.3
BKG-003258,SES-058755,USR-04768,EXP-0195,2025-04-14,2025-05-12,4,74.39,0.0,affiliates,mobile,completed,297.56
BKG-003259,SES-058758,USR-06265,EXP-0214,2025-02-24,2025-03-28,1,79.6,0.0,affiliates,mobile,completed,79.6
BKG-003260,SES-058769,USR-05836,EXP-0191,2024-09-30,2024-10-23,4,65.05,0.0,organic,mobile,completed,260.2
BKG-003261,SES-058782,USR-06549,EXP-0025,2025-04-21,2025-04-22,2,44.29,0.17,paid_search,mobile,cancelled,73.52
BKG-003262,SES-058784,USR-00891,EXP-0223,2025-05-08,2025-05-10,1,94.05,0.08,email,desktop,completed,86.53
BKG-003263,SES-058798,USR-05645,EXP-0268,2024-10-28,2024-11-02,1,78.91,0.0,paid_search,mobile,completed,78.91
BKG-003264,SES-058807,USR-07863,EXP-0167,2025-02-06,2025-02-09,2,84.05,0.08,paid_search,mobile,completed,154.65
BKG-003265,SES-058826,USR-07652,EXP-0061,2024-09-16,2024-09-21,1,52.28,0.0,paid_search,desktop,completed,52.28
BKG-003266,SES-058853,USR-01746,EXP-0247,2025-01-02,2025-01-05,6,127.53,0.0,email,desktop,completed,765.18
BKG-003267,SES-058891,USR-05425,EXP-0180,2025-01-10,2025-02-08,2,199.81,0.0,organic,desktop,completed,399.62
BKG-003268,SES-058922,USR-07923,EXP-0053,2024-07-09,2024-07-23,6,35.48,0.16,organic,mobile,completed,178.82
BKG-003269,SES-058926,USR-05472,EXP-0229,2025-03-20,2025-03-27,4,85.29,0.0,paid_search,mobile,completed,341.16
BKG-003270,SES-058974,USR-03092,EXP-0050,2025-04-26,2025-04-29,3,71.53,0.0,affiliates,desktop,completed,214.59
BKG-003271,SES-059005,USR-05775,EXP-0237,2025-06-18,2025-07-01,3,64.27,0.0,paid_search,mobile,completed,192.81
BKG-003272,SES-059021,USR-04660,EXP-0044,2025-02-12,2025-02-16,2,206.48,0.08,email,mobile,completed,379.92
BKG-003273,SES-059048,USR-06582,EXP-0075,2025-06-17,2025-06-24,2,102.21,0.0,referral,desktop,completed,204.42
BKG-003274,SES-059086,USR-06469,EXP-0081,2024-09-20,2024-10-05,2,87.39,0.16,paid_search,desktop,completed,146.82
BKG-003275,SES-059109,USR-02138,EXP-0037,2025-03-04,2025-03-07,2,87.64,0.0,organic,mobile,completed,175.28
BKG-003276,SES-059110,USR-02279,EXP-0267,2025-02-03,2025-02-04,3,52.83,0.13,organic,mobile,completed,137.89
BKG-003277,SES-059129,USR-02822,EXP-0069,2025-03-04,2025-03-07,1,95.53,0.0,paid_search,mobile,completed,95.53
BKG-003278,SES-059132,USR-04662,EXP-0028,2024-10-16,2024-10-30,2,58.07,0.09,paid_search,desktop,completed,105.69
BKG-003279,SES-059172,USR-03125,EXP-0267,2025-02-10,2025-02-14,2,48.25,0.16,paid_search,mobile,completed,81.06
BKG-003280,SES-059207,USR-00537,EXP-0096,2025-02-22,2025-03-02,4,127.73,0.0,paid_search,desktop,completed,510.92
BKG-003281,SES-059211,USR-02541,EXP-0266,2024-09-24,2024-10-18,2,60.01,0.18,social,desktop,completed,98.42
BKG-003282,SES-059242,USR-03331,EXP-0280,2025-02-25,2025-03-15,3,128.72,0.0,organic,mobile,completed,386.16
BKG-003283,SES-059260,USR-04802,EXP-0168,2025-06-09,2025-06-12,3,163.05,0.18,paid_search,desktop,completed,401.1
BKG-003284,SES-059307,USR-06811,EXP-0148,2025-06-06,2025-06-28,2,111.2,0.0,paid_search,mobile,completed,222.4
BKG-003285,SES-059308,USR-03278,EXP-0186,2024-07-18,2024-07-27,2,59.96,0.0,paid_search,desktop,completed,119.92
BKG-003286,SES-059322,USR-02853,EXP-0160,2025-01-19,2025-01-29,4,79.44,0.14,email,desktop,completed,273.27
BKG-003287,SES-059338,USR-03775,EXP-0118,2024-12-09,2024-12-20,4,50.83,0.0,organic,mobile,completed,203.32
BKG-003288,SES-059354,USR-03844,EXP-0287,2025-03-13,2025-03-22,2,85.6,0.0,email,desktop,completed,171.2
BKG-003289,SES-059381,USR-01050,EXP-0166,2025-02-27,2025-03-16,2,75.11,0.06,referral,mobile,completed,141.21
BKG-003290,SES-059399,USR-04451,EXP-0110,2025-03-01,2025-04-01,1,133.5,0.0,affiliates,desktop,completed,133.5
BKG-003291,SES-059400,USR-06800,EXP-0125,2024-07-14,2024-07-17,5,48.25,0.0,paid_search,mobile,completed,241.25
BKG-003292,SES-059412,USR-07763,EXP-0300,2024-10-26,2024-11-04,3,71.19,0.0,email,desktop,completed,213.57
BKG-003293,SES-059413,USR-07171,EXP-0179,2024-12-31,2025-01-17,3,40.2,0.06,paid_search,mobile,completed,113.36
BKG-003294,SES-059420,USR-07083,EXP-0234,2025-04-18,2025-04-23,6,94.93,0.11,paid_search,mobile,completed,506.93
BKG-003295,SES-059428,USR-04772,EXP-0176,2025-01-30,2025-01-31,2,62.73,0.0,affiliates,mobile,completed,125.46
BKG-003296,SES-059429,USR-03054,EXP-0087,2025-01-10,2025-01-18,2,132.95,0.0,email,desktop,completed,265.9
BKG-003297,SES-059430,USR-03256,EXP-0243,2025-03-14,2025-03-23,1,84.85,0.0,affiliates,desktop,completed,84.85
BKG-003298,SES-059452,USR-05747,EXP-0057,2025-01-07,2025-01-29,2,97.0,0.0,organic,desktop,completed,194.0
BKG-003299,SES-059456,USR-00470,EXP-0084,2024-10-30,2024-11-20,2,70.95,0.0,organic,mobile,completed,141.9
BKG-003300,SES-059473,USR-03926,EXP-0154,2025-06-20,2025-06-24,2,46.66,0.0,affiliates,mobile,completed,93.32
BKG-003301,SES-059485,USR-04238,EXP-0159,2025-05-16,2025-05-23,1,57.9,0.08,email,desktop,completed,53.27
BKG-003302,SES-059508,USR-03788,EXP-0073,2025-06-09,2025-07-13,2,98.17,0.0,social,mobile,cancelled,196.34
BKG-003303,SES-059520,USR-00713,EXP-0234,2024-11-06,2024-12-12,1,83.88,0.16,referral,mobile,completed,70.46
BKG-003304,SES-059549,USR-05366,EXP-0055,2024-11-29,2024-12-05,1,64.85,0.0,email,desktop,cancelled,64.85
BKG-003305,SES-059578,USR-00657,EXP-0056,2024-09-19,2024-09-21,2,33.55,0.0,organic,desktop,completed,67.1
BKG-003306,SES-059579,USR-05408,EXP-0273,2024-10-16,2024-10-23,4,36.45,0.0,affiliates,desktop,completed,145.8
BKG-003307,SES-059594,USR-01395,EXP-0097,2025-04-10,2025-04-26,2,90.67,0.0,affiliates,desktop,completed,181.34
BKG-003308,SES-059599,USR-03475,EXP-0026,2024-07-21,2024-07-27,1,28.04,0.0,referral,desktop,completed,28.04
BKG-003309,SES-059614,USR-06715,EXP-0163,2024-07-03,2024-07-11,2,50.37,0.0,paid_search,tablet,completed,100.74
BKG-003310,SES-059664,USR-05517,EXP-0216,2024-07-28,2024-08-14,2,91.82,0.0,social,desktop,completed,183.64
BKG-003311,SES-059688,USR-01782,EXP-0154,2025-04-08,2025-05-14,3,45.91,0.07,organic,mobile,cancelled,128.09
BKG-003312,SES-059692,USR-02651,EXP-0016,2024-08-30,2024-09-13,2,104.08,0.0,paid_search,mobile,completed,208.16
BKG-003313,SES-059702,USR-01576,EXP-0067,2025-05-04,2025-05-23,1,62.67,0.0,organic,desktop,completed,62.67
BKG-003314,SES-059707,USR-00497,EXP-0269,2025-03-30,2025-04-15,2,57.48,0.11,organic,desktop,completed,102.31
BKG-003315,SES-059709,USR-07179,EXP-0170,2025-01-02,2025-01-20,2,174.7,0.0,paid_search,desktop,completed,349.4
BKG-003316,SES-059710,USR-06687,EXP-0098,2024-07-31,2024-08-22,2,92.34,0.2,affiliates,desktop,completed,147.74
BKG-003317,SES-059713,USR-04583,EXP-0027,2025-03-13,2025-03-16,3,225.59,0.0,organic,tablet,completed,676.77
BKG-003318,SES-059769,USR-07470,EXP-0031,2025-01-22,2025-01-27,1,53.76,0.0,organic,desktop,completed,53.76
BKG-003319,SES-059772,USR-02892,EXP-0136,2024-11-18,2024-11-28,2,45.53,0.14,email,desktop,completed,78.31
BKG-003320,SES-059858,USR-03311,EXP-0081,2024-11-25,2024-12-20,4,95.12,0.14,paid_search,desktop,completed,327.21
BKG-003321,SES-059886,USR-05543,EXP-0274,2024-12-10,2024-12-26,3,36.63,0.17,organic,desktop,completed,91.21
BKG-003322,SES-059887,USR-05022,EXP-0214,2025-05-11,2025-05-24,5,84.45,0.0,paid_search,desktop,completed,422.25
BKG-003323,SES-059913,USR-02073,EXP-0232,2024-11-11,2024-11-13,1,46.85,0.0,paid_search,mobile,cancelled,46.85
BKG-003324,SES-059918,USR-07506,EXP-0187,2024-07-19,2024-07-20,1,52.41,0.17,paid_search,mobile,cancelled,43.5
BKG-003325,SES-059924,USR-04172,EXP-0115,2025-01-23,2025-01-24,2,25.92,0.0,organic,desktop,completed,51.84
BKG-003326,SES-059950,USR-06287,EXP-0132,2024-07-08,2024-08-06,2,106.93,0.0,affiliates,mobile,completed,213.86
BKG-003327,SES-059976,USR-07368,EXP-0010,2024-07-03,2024-07-16,2,49.22,0.0,paid_search,desktop,completed,98.44
BKG-003328,SES-059985,USR-07866,EXP-0207,2024-10-24,2024-11-22,3,94.92,0.0,paid_search,mobile,completed,284.76
BKG-003329,SES-060022,USR-04126,EXP-0221,2025-06-07,2025-06-11,3,76.12,0.0,referral,mobile,cancelled,228.36
BKG-003330,SES-060029,USR-00416,EXP-0038,2024-11-18,2024-11-29,3,191.57,0.0,affiliates,mobile,completed,574.71
BKG-003331,SES-060047,USR-04956,EXP-0157,2025-06-03,2025-06-05,1,115.15,0.13,social,mobile,completed,100.18
BKG-003332,SES-060076,USR-06109,EXP-0075,2025-05-30,2025-06-01,2,94.46,0.14,paid_search,desktop,cancelled,162.47
BKG-003333,SES-060081,USR-05182,EXP-0049,2025-03-29,2025-04-10,1,143.73,0.0,email,mobile,completed,143.73
BKG-003334,SES-060092,USR-01899,EXP-0289,2025-02-16,2025-03-04,2,63.63,0.0,paid_search,mobile,completed,127.26
BKG-003335,SES-060097,USR-07294,EXP-0299,2024-11-11,2024-11-28,2,103.33,0.16,organic,mobile,completed,173.59
BKG-003336,SES-060121,USR-02226,EXP-0118,2025-01-28,2025-02-17,3,51.27,0.0,paid_search,mobile,completed,153.81
BKG-003337,SES-060228,USR-01701,EXP-0078,2025-03-05,2025-03-06,4,47.03,0.0,email,mobile,completed,188.12
BKG-003338,SES-060239,USR-03898,EXP-0295,2024-12-19,2024-12-28,4,47.97,0.15,paid_search,mobile,completed,163.1
BKG-003339,SES-060255,USR-01690,EXP-0032,2025-05-19,2025-05-24,1,80.33,0.0,organic,mobile,completed,80.33
BKG-003340,SES-060325,USR-04123,EXP-0087,2025-06-12,2025-06-27,1,129.26,0.0,email,mobile,completed,129.26
BKG-003341,SES-060352,USR-05621,EXP-0007,2024-09-29,2024-10-13,2,140.62,0.0,email,desktop,completed,281.24
BKG-003342,SES-060364,USR-05920,EXP-0160,2025-05-10,2025-05-14,2,83.52,0.18,affiliates,mobile,completed,136.97
BKG-003343,SES-060370,USR-07242,EXP-0209,2024-07-21,2024-08-28,2,78.95,0.0,paid_search,tablet,completed,157.9
BKG-003344,SES-060383,USR-01973,EXP-0101,2024-07-28,2024-08-03,2,29.37,0.11,paid_search,mobile,completed,52.28
BKG-003345,SES-060397,USR-04030,EXP-0188,2025-01-17,2025-02-09,2,45.29,0.1,organic,mobile,completed,81.52
BKG-003346,SES-060402,USR-04350,EXP-0173,2025-05-08,2025-05-09,3,68.93,0.0,email,mobile,completed,206.79
BKG-003347,SES-060406,USR-00073,EXP-0059,2025-05-21,2025-05-23,1,30.83,0.14,paid_search,mobile,refunded,26.51
BKG-003348,SES-060411,USR-04951,EXP-0085,2024-11-10,2024-12-01,5,191.22,0.1,paid_search,desktop,completed,860.49
BKG-003349,SES-060423,USR-07096,EXP-0122,2025-03-30,2025-03-31,4,97.6,0.0,paid_search,mobile,completed,390.4
BKG-003350,SES-060427,USR-01468,EXP-0273,2024-08-11,2024-08-29,4,38.12,0.18,organic,mobile,completed,125.03
BKG-003351,SES-060446,USR-01084,EXP-0084,2025-01-01,2025-01-04,2,69.66,0.0,paid_search,desktop,completed,139.32
BKG-003352,SES-060456,USR-04589,EXP-0104,2025-05-10,2025-05-28,2,149.94,0.0,paid_search,desktop,completed,299.88
BKG-003353,SES-060482,USR-04895,EXP-0215,2025-05-26,2025-06-19,1,42.8,0.14,paid_search,desktop,completed,36.81
BKG-003354,SES-060509,USR-00843,EXP-0179,2024-12-11,2024-12-23,2,43.21,0.0,referral,mobile,completed,86.42
BKG-003355,SES-060525,USR-06437,EXP-0123,2024-08-20,2024-09-07,2,81.75,0.0,organic,desktop,completed,163.5
BKG-003356,SES-060571,USR-03400,EXP-0088,2024-12-25,2024-12-30,3,55.21,0.0,email,mobile,completed,165.63
BKG-003357,SES-060575,USR-04712,EXP-0104,2025-02-19,2025-02-25,4,134.55,0.0,organic,mobile,completed,538.2
BKG-003358,SES-060580,USR-04597,EXP-0035,2025-02-07,2025-02-11,5,139.41,0.12,organic,mobile,completed,613.4
BKG-003359,SES-060589,USR-06993,EXP-0205,2025-01-12,2025-01-21,3,136.65,0.0,social,desktop,completed,409.95
BKG-003360,SES-060595,USR-02587,EXP-0119,2025-06-20,2025-06-22,2,115.77,0.0,affiliates,mobile,completed,231.54
BKG-003361,SES-060665,USR-06407,EXP-0195,2025-03-14,2025-04-05,3,68.89,0.0,organic,desktop,completed,206.67
BKG-003362,SES-060713,USR-01114,EXP-0273,2025-04-13,2025-04-16,3,36.79,0.0,paid_search,desktop,completed,110.37
BKG-003363,SES-060721,USR-01995,EXP-0088,2024-11-17,2024-12-05,5,61.9,0.0,organic,mobile,completed,309.5
BKG-003364,SES-060732,USR-04624,EXP-0019,2025-05-06,2025-05-31,2,33.29,0.1,organic,desktop,completed,59.92
BKG-003365,SES-060774,USR-07335,EXP-0197,2024-10-04,2024-10-31,2,81.27,0.0,paid_search,mobile,completed,162.54
BKG-003366,SES-060777,USR-04272,EXP-0156,2025-03-15,2025-03-23,2,50.21,0.0,organic,mobile,completed,100.42
BKG-003367,SES-060781,USR-01133,EXP-0266,2025-06-09,2025-06-17,6,60.61,0.17,organic,desktop,refunded,301.84
BKG-003368,SES-060798,USR-04100,EXP-0210,2024-10-28,2024-11-02,2,94.43,0.0,social,desktop,completed,188.86
BKG-003369,SES-060809,USR-04472,EXP-0105,2025-01-24,2025-02-05,4,75.84,0.0,organic,mobile,completed,303.36
BKG-003370,SES-060818,USR-01988,EXP-0272,2024-12-30,2025-01-10,1,88.18,0.0,paid_search,desktop,completed,88.18
BKG-003371,SES-060934,USR-05008,EXP-0093,2024-07-06,2024-07-11,2,47.51,0.0,affiliates,desktop,completed,95.02
BKG-003372,SES-060935,USR-06476,EXP-0198,2024-07-14,2024-08-04,4,83.22,0.0,paid_search,tablet,completed,332.88
BKG-003373,SES-060946,USR-04254,EXP-0074,2024-07-23,2024-08-02,1,156.15,0.0,organic,mobile,completed,156.15
BKG-003374,SES-060992,USR-01123,EXP-0274,2024-09-20,2024-09-28,4,33.46,0.0,paid_search,desktop,completed,133.84
BKG-003375,SES-060997,USR-07430,EXP-0071,2025-04-19,2025-04-21,3,50.11,0.0,organic,mobile,completed,150.33
BKG-003376,SES-061001,USR-06056,EXP-0206,2024-12-28,2025-01-02,2,68.13,0.12,paid_search,mobile,completed,119.91
BKG-003377,SES-061079,USR-02081,EXP-0034,2025-05-24,2025-06-07,1,100.71,0.19,paid_search,desktop,completed,81.58
BKG-003378,SES-061080,USR-07386,EXP-0284,2025-04-26,2025-04-28,4,197.33,0.0,organic,desktop,completed,789.32
BKG-003379,SES-061087,USR-02524,EXP-0030,2025-03-04,2025-03-20,2,106.49,0.0,organic,desktop,completed,212.98
BKG-003380,SES-061097,USR-00418,EXP-0003,2025-02-18,2025-03-26,2,100.06,0.0,paid_search,desktop,completed,200.12
BKG-003381,SES-061112,USR-02287,EXP-0246,2024-11-25,2024-12-30,5,135.3,0.09,email,mobile,completed,615.62
BKG-003382,SES-061117,USR-07772,EXP-0002,2024-07-24,2024-08-08,3,28.49,0.0,email,desktop,completed,85.47
BKG-003383,SES-061192,USR-06479,EXP-0108,2024-12-05,2024-12-07,2,68.48,0.0,paid_search,desktop,completed,136.96
BKG-003384,SES-061201,USR-02853,EXP-0165,2025-04-27,2025-05-07,2,51.8,0.0,paid_search,mobile,completed,103.6
BKG-003385,SES-061202,USR-06051,EXP-0150,2025-02-13,2025-02-19,1,99.33,0.0,social,desktop,completed,99.33
BKG-003386,SES-061209,USR-06344,EXP-0122,2024-11-28,2024-12-06,2,110.44,0.19,organic,mobile,completed,178.91
BKG-003387,SES-061223,USR-01077,EXP-0130,2024-10-26,2024-11-02,2,113.44,0.0,paid_search,mobile,completed,226.88
BKG-003388,SES-061232,USR-02056,EXP-0224,2025-06-08,2025-06-23,4,65.93,0.0,email,desktop,completed,263.72
BKG-003389,SES-061241,USR-01490,EXP-0052,2024-09-22,2024-10-18,2,79.76,0.0,organic,desktop,completed,159.52
BKG-003390,SES-061254,USR-05355,EXP-0125,2025-03-11,2025-03-15,3,54.14,0.12,organic,mobile,completed,142.93
BKG-003391,SES-061263,USR-06796,EXP-0057,2025-03-03,2025-03-13,1,96.53,0.09,organic,desktop,completed,87.84
BKG-003392,SES-061278,USR-00552,EXP-0192,2024-10-19,2024-10-25,6,58.4,0.0,paid_search,desktop,completed,350.4
BKG-003393,SES-061298,USR-00642,EXP-0069,2025-06-18,2025-06-30,5,108.99,0.0,organic,mobile,completed,544.95
BKG-003394,SES-061299,USR-05703,EXP-0110,2024-10-01,2024-10-11,2,119.71,0.0,affiliates,tablet,completed,239.42
BKG-003395,SES-061304,USR-05320,EXP-0239,2025-03-05,2025-03-06,2,188.54,0.0,paid_search,desktop,completed,377.08
BKG-003396,SES-061307,USR-02528,EXP-0218,2024-09-04,2024-09-30,2,48.07,0.0,organic,desktop,completed,96.14
BKG-003397,SES-061358,USR-01956,EXP-0261,2024-08-28,2024-09-07,1,124.84,0.0,referral,desktop,completed,124.84
BKG-003398,SES-061374,USR-05755,EXP-0183,2025-02-03,2025-02-05,4,22.29,0.0,organic,desktop,completed,89.16
BKG-003399,SES-061388,USR-01179,EXP-0105,2024-10-19,2024-11-01,4,71.72,0.0,organic,desktop,completed,286.88
BKG-003400,SES-061422,USR-05230,EXP-0174,2024-08-23,2024-10-05,3,96.23,0.0,social,mobile,completed,288.69
BKG-003401,SES-061461,USR-04324,EXP-0297,2025-02-01,2025-02-13,2,79.95,0.15,paid_search,desktop,completed,135.92
BKG-003402,SES-061488,USR-06556,EXP-0092,2025-06-01,2025-06-28,2,64.23,0.0,organic,desktop,completed,128.46
BKG-003403,SES-061522,USR-03007,EXP-0024,2025-05-02,2025-05-08,2,102.09,0.0,referral,mobile,completed,204.18
BKG-003404,SES-061531,USR-01686,EXP-0006,2025-04-26,2025-05-04,4,43.73,0.0,email,desktop,completed,174.92
BKG-003405,SES-061545,USR-04674,EXP-0037,2024-12-15,2025-01-09,1,85.46,0.17,referral,mobile,completed,70.93
BKG-003406,SES-061546,USR-02115,EXP-0082,2024-10-20,2024-10-24,6,176.8,0.09,organic,desktop,cancelled,965.33
BKG-003407,SES-061555,USR-07173,EXP-0036,2025-06-02,2025-06-16,4,73.58,0.0,referral,tablet,completed,294.32
BKG-003408,SES-061587,USR-01356,EXP-0014,2024-11-10,2024-11-21,3,122.59,0.2,affiliates,mobile,completed,294.22
BKG-003409,SES-061596,USR-05931,EXP-0245,2025-04-02,2025-06-02,2,128.57,0.0,email,desktop,completed,257.14
BKG-003410,SES-061602,USR-02873,EXP-0126,2025-03-27,2025-03-28,2,70.27,0.0,organic,desktop,completed,140.54
BKG-003411,SES-061663,USR-07605,EXP-0135,2024-07-04,2024-07-31,2,78.23,0.14,paid_search,mobile,cancelled,134.56
BKG-003412,SES-061666,USR-01122,EXP-0238,2025-05-27,2025-06-01,1,70.46,0.0,paid_search,mobile,completed,70.46
BKG-003413,SES-061684,USR-04845,EXP-0040,2024-09-06,2024-09-20,1,175.09,0.12,organic,mobile,completed,154.08
BKG-003414,SES-061705,USR-03317,EXP-0040,2025-01-07,2025-01-29,2,172.97,0.0,affiliates,mobile,completed,345.94
BKG-003415,SES-061707,USR-06319,EXP-0227,2024-12-24,2025-01-13,2,85.31,0.0,paid_search,desktop,completed,170.62
BKG-003416,SES-061728,USR-03908,EXP-0206,2025-03-17,2025-03-18,2,72.81,0.0,referral,mobile,completed,145.62
BKG-003417,SES-061732,USR-04801,EXP-0073,2024-12-29,2025-01-05,4,92.82,0.0,organic,desktop,completed,371.28
BKG-003418,SES-061750,USR-07458,EXP-0193,2024-08-22,2024-08-26,2,91.51,0.0,email,mobile,completed,183.02
BKG-003419,SES-061867,USR-06899,EXP-0184,2024-12-06,2024-12-16,2,72.47,0.16,email,desktop,completed,121.75
BKG-003420,SES-061922,USR-06463,EXP-0272,2024-08-31,2024-10-03,2,87.42,0.0,paid_search,mobile,completed,174.84
BKG-003421,SES-061941,USR-03869,EXP-0231,2024-12-26,2025-01-07,2,66.1,0.0,organic,desktop,completed,132.2
BKG-003422,SES-061944,USR-00644,EXP-0214,2025-01-10,2025-02-05,4,86.42,0.0,referral,desktop,cancelled,345.68
BKG-003423,SES-061956,USR-07286,EXP-0280,2024-10-26,2024-12-02,3,117.6,0.0,paid_search,mobile,completed,352.8
BKG-003424,SES-061965,USR-00120,EXP-0252,2024-07-20,2024-08-02,2,86.53,0.16,paid_search,tablet,completed,145.37
BKG-003425,SES-061983,USR-02979,EXP-0104,2025-04-09,2025-04-18,2,148.65,0.0,organic,mobile,completed,297.3
BKG-003426,SES-062003,USR-04038,EXP-0094,2024-12-21,2024-12-27,2,91.43,0.18,paid_search,mobile,completed,149.95
BKG-003427,SES-062034,USR-02272,EXP-0026,2025-06-03,2025-06-12,3,24.87,0.0,paid_search,desktop,completed,74.61
BKG-003428,SES-062053,USR-06056,EXP-0227,2024-07-24,2024-08-04,2,88.69,0.0,paid_search,mobile,refunded,177.38
BKG-003429,SES-062071,USR-06831,EXP-0073,2024-12-06,2024-12-07,2,81.81,0.19,email,desktop,completed,132.53
BKG-003430,SES-062097,USR-02790,EXP-0040,2024-10-16,2024-10-17,2,174.24,0.0,paid_search,desktop,completed,348.48
BKG-003431,SES-062099,USR-05471,EXP-0297,2025-03-12,2025-03-31,2,80.83,0.0,paid_search,mobile,completed,161.66
BKG-003432,SES-062102,USR-00793,EXP-0215,2024-11-14,2024-11-22,3,43.11,0.0,email,desktop,cancelled,129.33
BKG-003433,SES-062109,USR-01314,EXP-0270,2025-03-16,2025-03-21,2,89.85,0.0,organic,desktop,completed,179.7
BKG-003434,SES-062118,USR-02062,EXP-0242,2025-04-28,2025-04-30,2,74.32,0.0,affiliates,mobile,completed,148.64
BKG-003435,SES-062127,USR-02015,EXP-0096,2025-02-03,2025-02-18,1,116.23,0.0,social,desktop,cancelled,116.23
BKG-003436,SES-062173,USR-04120,EXP-0260,2025-06-15,2025-06-17,1,48.66,0.0,affiliates,mobile,completed,48.66
BKG-003437,SES-062175,USR-05260,EXP-0290,2025-01-26,2025-02-06,2,177.03,0.0,organic,mobile,completed,354.06
BKG-003438,SES-062198,USR-07990,EXP-0058,2025-06-15,2025-06-23,3,150.4,0.0,email,mobile,completed,451.2
BKG-003439,SES-062212,USR-02918,EXP-0112,2025-06-27,2025-07-04,2,46.26,0.0,paid_search,mobile,completed,92.52
BKG-003440,SES-062225,USR-06811,EXP-0257,2024-10-08,2024-10-11,4,105.78,0.0,organic,mobile,completed,423.12
BKG-003441,SES-062227,USR-03118,EXP-0226,2025-04-10,2025-04-20,1,136.13,0.13,affiliates,mobile,completed,118.43
BKG-003442,SES-062228,USR-04946,EXP-0119,2024-07-22,2024-08-05,2,130.84,0.0,organic,desktop,completed,261.68
BKG-003443,SES-062246,USR-02914,EXP-0236,2024-09-10,2024-09-27,1,129.07,0.0,organic,desktop,completed,129.07
BKG-003444,SES-062247,USR-03815,EXP-0115,2025-01-18,2025-01-26,1,26.72,0.0,social,mobile,completed,26.72
BKG-003445,SES-062253,USR-05579,EXP-0188,2024-10-24,2024-11-10,2,44.99,0.11,paid_search,desktop,completed,80.08
BKG-003446,SES-062263,USR-03283,EXP-0136,2024-12-02,2024-12-06,2,49.35,0.0,social,mobile,completed,98.7
BKG-003447,SES-062281,USR-06034,EXP-0029,2025-01-04,2025-01-25,2,80.97,0.06,organic,desktop,completed,152.22
BKG-003448,SES-062322,USR-07108,EXP-0212,2025-05-23,2025-05-29,3,55.51,0.0,social,desktop,completed,166.53
BKG-003449,SES-062341,USR-02109,EXP-0031,2025-06-15,2025-06-20,2,54.52,0.0,organic,mobile,completed,109.04
BKG-003450,SES-062344,USR-06112,EXP-0052,2024-07-14,2024-07-26,3,77.52,0.0,organic,desktop,completed,232.56
BKG-003451,SES-062444,USR-00018,EXP-0003,2025-04-27,2025-05-29,2,98.49,0.06,organic,desktop,completed,185.16
BKG-003452,SES-062488,USR-02359,EXP-0064,2024-09-21,2024-11-05,1,70.18,0.0,social,mobile,completed,70.18
BKG-003453,SES-062513,USR-06380,EXP-0022,2025-06-13,2025-06-15,2,74.74,0.0,organic,desktop,completed,149.48
BKG-003454,SES-062526,USR-06346,EXP-0086,2025-03-17,2025-03-22,2,33.08,0.0,paid_search,desktop,completed,66.16
BKG-003455,SES-062534,USR-04457,EXP-0259,2025-04-08,2025-04-09,1,127.66,0.0,affiliates,desktop,completed,127.66
BKG-003456,SES-062569,USR-04786,EXP-0165,2024-12-24,2025-01-15,2,49.37,0.0,affiliates,mobile,completed,98.74
BKG-003457,SES-062588,USR-07423,EXP-0047,2025-04-23,2025-04-24,6,132.55,0.1,referral,desktop,refunded,715.77
BKG-003458,SES-062628,USR-00648,EXP-0147,2024-12-28,2025-01-09,3,34.9,0.0,referral,mobile,completed,104.7
BKG-003459,SES-062650,USR-06536,EXP-0086,2025-05-03,2025-05-08,4,31.0,0.0,affiliates,desktop,completed,124.0
BKG-003460,SES-062670,USR-01971,EXP-0079,2025-04-12,2025-05-04,5,99.88,0.0,organic,mobile,completed,499.4
BKG-003461,SES-062692,USR-06152,EXP-0038,2024-09-02,2024-09-03,2,176.49,0.11,affiliates,mobile,completed,314.15
BKG-003462,SES-062714,USR-07009,EXP-0158,2025-05-18,2025-05-22,2,47.18,0.2,affiliates,mobile,completed,75.49
BKG-003463,SES-062717,USR-05186,EXP-0228,2024-11-18,2024-12-02,2,140.29,0.2,affiliates,mobile,completed,224.46
BKG-003464,SES-062776,USR-05223,EXP-0243,2025-04-07,2025-04-09,1,81.7,0.0,paid_search,tablet,refunded,81.7
BKG-003465,SES-062809,USR-07407,EXP-0224,2024-12-06,2024-12-29,3,67.62,0.0,paid_search,mobile,completed,202.86
BKG-003466,SES-062817,USR-02158,EXP-0282,2024-12-09,2024-12-27,6,180.06,0.0,paid_search,mobile,completed,1080.36
BKG-003467,SES-062838,USR-00559,EXP-0289,2024-09-01,2024-09-14,1,60.09,0.0,referral,desktop,completed,60.09
BKG-003468,SES-062839,USR-06013,EXP-0003,2024-10-17,2024-11-04,2,91.71,0.0,paid_search,desktop,cancelled,183.42
BKG-003469,SES-062852,USR-04849,EXP-0182,2024-11-21,2024-12-04,3,66.47,0.0,organic,mobile,completed,199.41
BKG-003470,SES-062894,USR-06745,EXP-0277,2025-06-21,2025-08-14,4,113.68,0.0,referral,mobile,completed,454.72
BKG-003471,SES-062915,USR-07591,EXP-0232,2025-04-30,2025-05-26,3,50.39,0.18,affiliates,tablet,completed,123.96
BKG-003472,SES-062942,USR-05350,EXP-0237,2024-12-25,2025-01-05,1,63.32,0.0,paid_search,mobile,completed,63.32
BKG-003473,SES-062978,USR-02152,EXP-0287,2025-06-12,2025-07-04,2,77.93,0.0,organic,mobile,completed,155.86
BKG-003474,SES-062983,USR-02823,EXP-0053,2024-09-23,2024-09-25,1,36.55,0.0,paid_search,desktop,completed,36.55
BKG-003475,SES-063002,USR-03678,EXP-0264,2025-01-31,2025-02-04,2,113.81,0.0,organic,mobile,completed,227.62
BKG-003476,SES-063003,USR-00419,EXP-0261,2024-11-19,2024-12-04,2,121.36,0.0,referral,desktop,completed,242.72
BKG-003477,SES-063010,USR-02822,EXP-0004,2025-03-23,2025-03-29,1,58.69,0.0,organic,mobile,completed,58.69
BKG-003478,SES-063020,USR-00229,EXP-0170,2024-08-15,2024-08-28,3,163.13,0.0,paid_search,mobile,cancelled,489.39
BKG-003479,SES-063023,USR-05751,EXP-0047,2024-09-04,2024-09-11,6,137.47,0.0,organic,mobile,completed,824.82
BKG-003480,SES-063032,USR-06316,EXP-0145,2024-09-23,2024-09-27,2,144.0,0.14,paid_search,desktop,completed,247.68
BKG-003481,SES-063056,USR-07161,EXP-0098,2024-08-03,2024-08-20,2,83.13,0.0,email,desktop,refunded,166.26
BKG-003482,SES-063063,USR-06387,EXP-0282,2025-02-25,2025-03-05,5,177.15,0.12,email,desktop,completed,779.46
BKG-003483,SES-063083,USR-06165,EXP-0105,2024-11-13,2024-11-16,1,73.71,0.0,affiliates,desktop,completed,73.71
BKG-003484,SES-063086,USR-02385,EXP-0159,2025-06-15,2025-06-23,2,67.93,0.0,affiliates,mobile,completed,135.86
BKG-003485,SES-063095,USR-02342,EXP-0274,2024-07-08,2024-07-20,5,31.14,0.0,affiliates,mobile,completed,155.7
BKG-003486,SES-063100,USR-04922,EXP-0161,2025-06-13,2025-06-26,3,175.97,0.19,paid_search,desktop,completed,427.61
BKG-003487,SES-063127,USR-03773,EXP-0269,2025-01-29,2025-02-04,2,59.14,0.0,affiliates,tablet,completed,118.28
BKG-003488,SES-063139,USR-06060,EXP-0082,2025-06-14,2025-06-19,2,164.8,0.0,email,mobile,refunded,329.6
BKG-003489,SES-063142,USR-00880,EXP-0014,2024-11-13,2024-11-17,3,117.07,0.05,email,desktop,completed,333.65
BKG-003490,SES-063162,USR-07798,EXP-0242,2024-11-15,2025-01-13,2,71.26,0.0,referral,mobile,completed,142.52
BKG-003491,SES-063207,USR-04330,EXP-0051,2025-04-13,2025-04-21,3,31.28,0.0,organic,desktop,completed,93.84
BKG-003492,SES-063234,USR-01985,EXP-0273,2024-11-26,2024-12-14,6,45.12,0.0,referral,mobile,completed,270.72
BKG-003493,SES-063265,USR-05122,EXP-0076,2025-02-12,2025-02-22,4,74.02,0.0,paid_search,mobile,completed,296.08
BKG-003494,SES-063290,USR-06284,EXP-0051,2025-01-26,2025-01-30,3,28.42,0.0,organic,tablet,completed,85.26
BKG-003495,SES-063351,USR-05794,EXP-0036,2025-04-14,2025-04-16,2,63.28,0.0,paid_search,desktop,completed,126.56
BKG-003496,SES-063368,USR-05059,EXP-0146,2024-08-05,2024-08-07,2,53.57,0.0,paid_search,mobile,cancelled,107.14
BKG-003497,SES-063376,USR-03361,EXP-0186,2025-01-21,2025-01-27,2,61.27,0.0,social,desktop,completed,122.54
BKG-003498,SES-063377,USR-00037,EXP-0244,2025-03-15,2025-03-20,1,109.4,0.2,organic,mobile,completed,87.52
BKG-003499,SES-063385,USR-05478,EXP-0165,2025-02-07,2025-02-17,2,57.29,0.12,email,desktop,refunded,100.83
BKG-003500,SES-063387,USR-04172,EXP-0202,2024-08-30,2024-09-16,5,52.23,0.0,paid_search,mobile,completed,261.15
BKG-003501,SES-063395,USR-04646,EXP-0288,2024-10-21,2024-10-24,4,73.12,0.05,paid_search,mobile,completed,277.86
BKG-003502,SES-063409,USR-04406,EXP-0051,2024-10-28,2024-11-14,3,28.78,0.0,referral,mobile,completed,86.34
BKG-003503,SES-063426,USR-04389,EXP-0184,2024-12-12,2024-12-20,2,61.38,0.0,organic,mobile,completed,122.76
BKG-003504,SES-063429,USR-02134,EXP-0008,2024-11-14,2024-11-20,1,60.02,0.0,organic,desktop,completed,60.02
BKG-003505,SES-063455,USR-06139,EXP-0243,2025-02-18,2025-02-24,2,82.78,0.0,paid_search,mobile,cancelled,165.56
BKG-003506,SES-063458,USR-06489,EXP-0216,2025-05-20,2025-05-23,3,90.2,0.0,organic,desktop,completed,270.6
BKG-003507,SES-063464,USR-04358,EXP-0194,2025-02-18,2025-03-31,2,81.22,0.09,organic,desktop,completed,147.82
BKG-003508,SES-063501,USR-03357,EXP-0237,2025-05-16,2025-05-18,4,64.86,0.06,paid_search,mobile,completed,243.87
BKG-003509,SES-063535,USR-05811,EXP-0073,2024-11-06,2024-11-11,5,84.24,0.0,organic,desktop,completed,421.2
BKG-003510,SES-063579,USR-06062,EXP-0039,2025-01-20,2025-01-21,1,65.03,0.0,paid_search,mobile,completed,65.03
BKG-003511,SES-063610,USR-02684,EXP-0080,2025-05-24,2025-06-20,2,75.3,0.0,referral,tablet,completed,150.6
BKG-003512,SES-063616,USR-06494,EXP-0237,2025-01-20,2025-01-27,4,62.79,0.1,paid_search,mobile,completed,226.04
BKG-003513,SES-063655,USR-00511,EXP-0280,2024-10-09,2024-10-10,2,115.06,0.0,social,mobile,completed,230.12
BKG-003514,SES-063661,USR-02709,EXP-0054,2024-07-06,2024-07-31,4,68.74,0.0,organic,mobile,completed,274.96
BKG-003515,SES-063698,USR-02748,EXP-0156,2024-10-13,2024-10-17,5,53.02,0.16,email,mobile,completed,222.68
BKG-003516,SES-063763,USR-04123,EXP-0284,2025-04-14,2025-04-30,1,190.3,0.17,paid_search,desktop,completed,157.95
BKG-003517,SES-063769,USR-07457,EXP-0122,2024-09-29,2024-10-04,2,110.18,0.0,paid_search,desktop,completed,220.36
BKG-003518,SES-063771,USR-05933,EXP-0189,2024-09-20,2024-09-23,2,95.23,0.0,paid_search,mobile,refunded,190.46
BKG-003519,SES-063784,USR-02842,EXP-0038,2025-02-08,2025-03-02,1,187.1,0.05,email,desktop,completed,177.74
BKG-003520,SES-063796,USR-04320,EXP-0027,2025-02-11,2025-02-17,2,211.32,0.15,organic,mobile,completed,359.24
BKG-003521,SES-063833,USR-00550,EXP-0191,2024-08-05,2024-08-10,5,76.39,0.18,affiliates,desktop,completed,313.2
BKG-003522,SES-063842,USR-03822,EXP-0254,2024-08-11,2024-08-22,4,212.8,0.0,referral,desktop,completed,851.2
BKG-003523,SES-063843,USR-00560,EXP-0288,2024-12-30,2025-01-21,3,73.61,0.0,email,mobile,completed,220.83
BKG-003524,SES-063845,USR-06501,EXP-0158,2025-03-02,2025-04-21,6,52.82,0.17,organic,mobile,completed,263.04
BKG-003525,SES-063851,USR-00864,EXP-0242,2025-01-28,2025-02-02,1,72.71,0.07,paid_search,desktop,completed,67.62
BKG-003526,SES-063858,USR-02686,EXP-0082,2024-10-18,2024-12-01,2,160.63,0.0,paid_search,tablet,completed,321.26
BKG-003527,SES-063905,USR-05515,EXP-0091,2025-03-21,2025-04-07,1,105.67,0.0,paid_search,mobile,completed,105.67
BKG-003528,SES-063910,USR-03451,EXP-0009,2024-09-21,2024-09-22,2,49.34,0.0,email,desktop,cancelled,98.68
BKG-003529,SES-063920,USR-06868,EXP-0225,2025-06-16,2025-06-17,6,141.79,0.0,affiliates,mobile,completed,850.74
BKG-003530,SES-063943,USR-04732,EXP-0139,2024-08-23,2024-09-22,2,102.53,0.0,social,mobile,completed,205.06
BKG-003531,SES-063997,USR-00356,EXP-0296,2024-10-23,2024-11-09,2,58.7,0.0,social,mobile,completed,117.4
BKG-003532,SES-064009,USR-03216,EXP-0048,2025-04-07,2025-04-25,1,101.79,0.0,organic,desktop,completed,101.79
BKG-003533,SES-064038,USR-01865,EXP-0181,2025-02-06,2025-03-03,2,105.75,0.15,affiliates,mobile,completed,179.78
BKG-003534,SES-064048,USR-02816,EXP-0093,2024-08-13,2024-08-26,2,48.64,0.12,paid_search,mobile,completed,85.61
BKG-003535,SES-064063,USR-06455,EXP-0135,2024-11-27,2024-12-12,4,68.31,0.07,paid_search,desktop,completed,254.11
BKG-003536,SES-064082,USR-06454,EXP-0180,2024-11-13,2024-12-13,1,182.88,0.0,referral,desktop,completed,182.88
BKG-003537,SES-064095,USR-07955,EXP-0255,2024-07-10,2024-07-19,2,81.98,0.0,organic,mobile,completed,163.96
BKG-003538,SES-064099,USR-07983,EXP-0161,2024-08-07,2024-08-22,3,180.09,0.0,organic,mobile,completed,540.27
BKG-003539,SES-064106,USR-05326,EXP-0151,2024-12-29,2024-12-31,2,61.54,0.0,paid_search,desktop,completed,123.08
BKG-003540,SES-064143,USR-06485,EXP-0126,2024-07-16,2024-07-24,6,68.41,0.0,organic,desktop,completed,410.46
BKG-003541,SES-064159,USR-03946,EXP-0172,2025-04-22,2025-04-29,2,60.61,0.0,email,desktop,completed,121.22
BKG-003542,SES-064166,USR-04474,EXP-0220,2024-09-06,2024-09-07,4,38.96,0.0,referral,desktop,completed,155.84
BKG-003543,SES-064212,USR-01006,EXP-0051,2024-12-04,2024-12-06,2,26.58,0.0,organic,mobile,completed,53.16
BKG-003544,SES-064237,USR-04714,EXP-0256,2024-09-30,2024-10-12,3,32.74,0.0,organic,mobile,refunded,98.22
BKG-003545,SES-064253,USR-04348,EXP-0101,2025-05-13,2025-05-30,2,29.41,0.0,paid_search,mobile,completed,58.82
BKG-003546,SES-064272,USR-00756,EXP-0172,2025-05-02,2025-05-24,2,63.49,0.0,paid_search,mobile,cancelled,126.98
BKG-003547,SES-064304,USR-03171,EXP-0161,2024-07-04,2024-07-30,2,145.51,0.0,referral,desktop,completed,291.02
BKG-003548,SES-064318,USR-03741,EXP-0090,2025-06-04,2025-06-10,2,131.54,0.0,referral,mobile,completed,263.08
BKG-003549,SES-064320,USR-06674,EXP-0178,2025-01-02,2025-01-17,3,101.81,0.13,organic,desktop,completed,265.72
BKG-003550,SES-064338,USR-05338,EXP-0125,2025-04-19,2025-05-01,2,48.77,0.2,social,mobile,completed,78.03
BKG-003551,SES-064346,USR-05882,EXP-0205,2024-07-28,2024-08-03,2,143.81,0.17,paid_search,mobile,completed,238.72
BKG-003552,SES-064348,USR-01493,EXP-0251,2024-07-30,2024-07-31,2,89.11,0.0,paid_search,mobile,completed,178.22
BKG-003553,SES-064349,USR-00674,EXP-0237,2025-05-25,2025-05-28,3,60.63,0.18,organic,mobile,completed,149.15
BKG-003554,SES-064353,USR-02207,EXP-0255,2025-04-10,2025-04-20,3,94.8,0.0,organic,desktop,completed,284.4
BKG-003555,SES-064359,USR-07040,EXP-0092,2024-07-01,2024-07-09,2,60.04,0.0,paid_search,desktop,completed,120.08
BKG-003556,SES-064362,USR-04093,EXP-0253,2024-08-07,2024-08-26,3,52.27,0.0,organic,mobile,completed,156.81
BKG-003557,SES-064412,USR-05993,EXP-0127,2025-02-16,2025-02-23,4,66.51,0.0,affiliates,desktop,completed,266.04
BKG-003558,SES-064440,USR-05807,EXP-0281,2025-04-24,2025-04-25,3,37.98,0.0,organic,mobile,completed,113.94
BKG-003559,SES-064480,USR-03422,EXP-0102,2024-08-13,2024-08-28,1,50.87,0.0,affiliates,desktop,completed,50.87
BKG-003560,SES-064491,USR-01934,EXP-0077,2024-11-16,2024-11-20,2,152.28,0.17,organic,desktop,completed,252.78
BKG-003561,SES-064512,USR-06970,EXP-0184,2024-11-23,2024-11-26,4,73.24,0.0,affiliates,mobile,completed,292.96
BKG-003562,SES-064516,USR-06097,EXP-0037,2025-03-29,2025-04-21,2,94.9,0.06,organic,desktop,completed,178.41
BKG-003563,SES-064537,USR-00155,EXP-0244,2025-06-11,2025-06-22,2,119.26,0.0,affiliates,mobile,completed,238.52
BKG-003564,SES-064551,USR-07398,EXP-0029,2025-03-05,2025-03-12,2,75.58,0.0,referral,mobile,completed,151.16
BKG-003565,SES-064555,USR-07801,EXP-0043,2025-01-12,2025-01-14,2,33.82,0.0,email,mobile,completed,67.64
BKG-003566,SES-064574,USR-04279,EXP-0252,2025-04-08,2025-05-13,3,79.61,0.0,social,mobile,completed,238.83
BKG-003567,SES-064592,USR-07140,EXP-0121,2024-12-15,2024-12-19,1,104.79,0.0,paid_search,desktop,completed,104.79
BKG-003568,SES-064612,USR-02169,EXP-0200,2024-11-03,2024-11-04,2,108.2,0.0,organic,desktop,completed,216.4
BKG-003569,SES-064622,USR-01748,EXP-0011,2024-11-21,2024-11-22,2,73.04,0.0,organic,mobile,completed,146.08
BKG-003570,SES-064638,USR-01322,EXP-0253,2024-11-12,2024-11-18,3,57.65,0.0,email,mobile,completed,172.95
BKG-003571,SES-064640,USR-02731,EXP-0150,2024-10-30,2024-11-19,2,98.67,0.0,paid_search,mobile,completed,197.34
BKG-003572,SES-064683,USR-02319,EXP-0286,2024-07-03,2024-07-24,3,49.39,0.0,email,mobile,completed,148.17
BKG-003573,SES-064711,USR-02871,EXP-0183,2024-07-15,2024-07-26,1,24.86,0.0,paid_search,mobile,completed,24.86
BKG-003574,SES-064713,USR-07129,EXP-0201,2024-08-26,2024-09-10,1,74.19,0.0,affiliates,mobile,completed,74.19
BKG-003575,SES-064763,USR-01492,EXP-0197,2025-04-22,2025-04-28,1,77.1,0.0,affiliates,desktop,cancelled,77.1
BKG-003576,SES-064789,USR-07802,EXP-0119,2024-10-28,2024-11-03,3,118.35,0.08,organic,desktop,completed,326.65
BKG-003577,SES-064831,USR-02966,EXP-0002,2025-06-10,2025-06-19,3,30.83,0.07,paid_search,mobile,completed,86.02
BKG-003578,SES-064871,USR-06325,EXP-0195,2025-02-25,2025-02-26,2,82.18,0.0,affiliates,desktop,completed,164.36
BKG-003579,SES-064873,USR-06706,EXP-0257,2025-01-09,2025-01-19,2,97.33,0.0,paid_search,mobile,completed,194.66
BKG-003580,SES-064890,USR-06052,EXP-0258,2025-01-03,2025-01-11,2,143.38,0.0,organic,desktop,cancelled,286.76
BKG-003581,SES-064893,USR-02171,EXP-0125,2024-11-28,2024-12-22,2,53.8,0.0,paid_search,desktop,completed,107.6
BKG-003582,SES-064904,USR-02357,EXP-0045,2024-12-10,2024-12-16,1,157.82,0.0,organic,desktop,completed,157.82
BKG-003583,SES-064908,USR-04730,EXP-0215,2024-07-11,2024-07-25,1,49.51,0.0,organic,desktop,completed,49.51
BKG-003584,SES-064915,USR-02513,EXP-0292,2025-03-25,2025-04-03,1,93.88,0.0,referral,mobile,completed,93.88
BKG-003585,SES-064929,USR-02758,EXP-0116,2024-07-04,2024-07-21,2,78.37,0.0,organic,mobile,completed,156.74
BKG-003586,SES-064956,USR-01795,EXP-0211,2024-10-23,2024-11-05,2,91.09,0.09,organic,desktop,completed,165.78
BKG-003587,SES-064984,USR-03147,EXP-0207,2025-03-02,2025-03-08,3,105.49,0.1,referral,mobile,completed,284.82
BKG-003588,SES-065027,USR-05095,EXP-0175,2024-07-31,2024-08-06,4,72.33,0.15,affiliates,mobile,completed,245.92
BKG-003589,SES-065031,USR-00242,EXP-0054,2025-02-14,2025-02-25,4,73.03,0.17,paid_search,desktop,completed,242.46
BKG-003590,SES-065038,USR-04272,EXP-0114,2024-11-19,2024-12-03,2,36.45,0.18,referral,mobile,completed,59.78
BKG-003591,SES-065045,USR-01998,EXP-0147,2025-04-16,2025-04-25,4,34.67,0.0,paid_search,mobile,completed,138.68
BKG-003592,SES-065061,USR-00825,EXP-0240,2024-12-10,2025-01-03,1,101.36,0.0,paid_search,desktop,completed,101.36
BKG-003593,SES-065126,USR-01973,EXP-0296,2024-11-06,2024-11-22,3,58.56,0.1,social,mobile,completed,158.11
BKG-003594,SES-065128,USR-07372,EXP-0126,2025-03-29,2025-04-06,2,76.52,0.0,organic,desktop,completed,153.04
BKG-003595,SES-065146,USR-02484,EXP-0059,2025-04-18,2025-05-12,2,32.37,0.1,organic,desktop,completed,58.27
BKG-003596,SES-065153,USR-07546,EXP-0233,2024-11-09,2024-12-07,2,210.42,0.0,organic,desktop,completed,420.84
BKG-003597,SES-065179,USR-00187,EXP-0293,2024-09-22,2024-09-26,6,95.99,0.0,email,mobile,completed,575.94
BKG-003598,SES-065221,USR-00981,EXP-0227,2025-04-27,2025-05-07,1,92.56,0.0,paid_search,desktop,completed,92.56
BKG-003599,SES-065280,USR-00051,EXP-0097,2024-10-30,2024-12-15,1,75.62,0.0,organic,mobile,completed,75.62
BKG-003600,SES-065286,USR-06082,EXP-0067,2024-10-19,2024-11-01,3,62.22,0.0,organic,mobile,completed,186.66
BKG-003601,SES-065292,USR-03713,EXP-0030,2025-04-21,2025-05-07,6,96.01,0.0,paid_search,mobile,cancelled,576.06
BKG-003602,SES-065293,USR-03419,EXP-0056,2025-03-09,2025-04-08,2,37.07,0.0,paid_search,desktop,completed,74.14
BKG-003603,SES-065308,USR-02136,EXP-0013,2024-07-15,2024-08-08,4,81.95,0.0,social,mobile,completed,327.8
BKG-003604,SES-065323,USR-02907,EXP-0135,2025-05-19,2025-05-20,2,75.98,0.0,organic,desktop,completed,151.96
BKG-003605,SES-065331,USR-07526,EXP-0262,2024-12-06,2024-12-13,2,96.31,0.0,affiliates,mobile,cancelled,192.62
BKG-003606,SES-065385,USR-02953,EXP-0087,2025-03-03,2025-03-08,2,128.91,0.08,paid_search,tablet,completed,237.19
BKG-003607,SES-065402,USR-05662,EXP-0074,2024-07-22,2024-08-06,2,143.28,0.14,paid_search,desktop,completed,246.44
BKG-003608,SES-065421,USR-04000,EXP-0233,2024-10-11,2024-10-30,2,204.27,0.0,organic,mobile,completed,408.54
BKG-003609,SES-065458,USR-04310,EXP-0025,2024-12-24,2024-12-26,2,44.06,0.0,paid_search,desktop,completed,88.12
BKG-003610,SES-065464,USR-01287,EXP-0239,2024-11-02,2024-11-03,2,156.78,0.0,paid_search,desktop,completed,313.56
BKG-003611,SES-065476,USR-05764,EXP-0008,2024-08-29,2024-09-16,5,65.05,0.0,paid_search,desktop,completed,325.25
BKG-003612,SES-065477,USR-00205,EXP-0012,2024-09-24,2024-09-25,2,70.51,0.0,email,mobile,refunded,141.02
BKG-003613,SES-065490,USR-06381,EXP-0291,2025-05-11,2025-05-26,2,111.09,0.19,referral,desktop,completed,179.97
BKG-003614,SES-065491,USR-00103,EXP-0106,2025-03-21,2025-03-26,2,130.32,0.17,affiliates,mobile,completed,216.33
BKG-003615,SES-065530,USR-00848,EXP-0067,2025-06-15,2025-06-29,2,58.95,0.0,organic,tablet,completed,117.9
BKG-003616,SES-065560,USR-00994,EXP-0034,2024-07-26,2024-08-04,6,110.23,0.0,email,desktop,completed,661.38
BKG-003617,SES-065562,USR-03787,EXP-0062,2025-03-19,2025-03-27,2,121.99,0.0,affiliates,desktop,completed,243.98
BKG-003618,SES-065582,USR-07105,EXP-0086,2025-04-09,2025-04-11,1,31.06,0.0,organic,mobile,completed,31.06
BKG-003619,SES-065585,USR-07196,EXP-0003,2024-10-14,2024-10-21,2,97.81,0.09,referral,mobile,completed,178.01
BKG-003620,SES-065598,USR-01441,EXP-0206,2024-09-19,2024-09-22,2,68.08,0.0,paid_search,desktop,completed,136.16
BKG-003621,SES-065607,USR-05149,EXP-0151,2024-09-22,2024-10-12,4,65.45,0.11,organic,mobile,completed,233.0
BKG-003622,SES-065619,USR-06621,EXP-0225,2025-06-16,2025-06-24,2,147.42,0.0,social,tablet,completed,294.84
BKG-003623,SES-065641,USR-07682,EXP-0195,2024-07-11,2024-07-31,4,74.0,0.16,paid_search,mobile,completed,248.64
BKG-003624,SES-065672,USR-05977,EXP-0290,2025-04-16,2025-04-18,4,143.03,0.0,social,mobile,completed,572.12
BKG-003625,SES-065673,USR-07729,EXP-0165,2025-01-28,2025-01-29,1,54.79,0.09,paid_search,mobile,completed,49.86
BKG-003626,SES-065775,USR-02418,EXP-0125,2024-12-21,2025-01-07,6,51.26,0.0,referral,mobile,completed,307.56
BKG-003627,SES-065789,USR-03965,EXP-0042,2024-08-20,2024-08-24,5,132.31,0.0,paid_search,mobile,completed,661.55
BKG-003628,SES-065844,USR-02878,EXP-0165,2025-02-21,2025-02-22,1,49.6,0.0,social,desktop,cancelled,49.6
BKG-003629,SES-065852,USR-06139,EXP-0250,2025-01-24,2025-02-22,2,51.98,0.0,social,mobile,completed,103.96
BKG-003630,SES-065888,USR-03594,EXP-0073,2025-01-09,2025-01-11,1,96.0,0.0,referral,mobile,completed,96.0
BKG-003631,SES-065917,USR-06507,EXP-0038,2024-11-29,2024-12-02,2,173.88,0.0,referral,tablet,completed,347.76
BKG-003632,SES-065943,USR-04896,EXP-0222,2025-06-18,2025-06-19,3,41.78,0.0,referral,mobile,cancelled,125.34
BKG-003633,SES-065947,USR-04297,EXP-0268,2024-11-12,2024-11-30,1,73.9,0.09,paid_search,desktop,completed,67.25
BKG-003634,SES-065956,USR-01092,EXP-0024,2024-10-06,2024-10-07,1,84.2,0.0,organic,desktop,completed,84.2
BKG-003635,SES-065960,USR-04903,EXP-0148,2025-02-04,2025-03-02,2,90.32,0.0,paid_search,desktop,completed,180.64
BKG-003636,SES-065961,USR-00731,EXP-0028,2024-08-27,2024-09-22,4,58.18,0.14,paid_search,desktop,completed,200.14
BKG-003637,SES-065990,USR-06284,EXP-0084,2025-06-12,2025-06-20,3,61.31,0.0,organic,mobile,completed,183.93
BKG-003638,SES-066011,USR-07980,EXP-0296,2025-06-11,2025-06-13,2,60.87,0.0,social,mobile,completed,121.74
BKG-003639,SES-066063,USR-07418,EXP-0153,2024-09-16,2024-09-19,2,53.27,0.0,social,desktop,completed,106.54
BKG-003640,SES-066096,USR-07601,EXP-0121,2024-11-17,2024-11-28,2,117.27,0.0,referral,desktop,completed,234.54
BKG-003641,SES-066107,USR-06963,EXP-0174,2025-04-12,2025-04-15,3,102.68,0.08,paid_search,mobile,completed,283.4
BKG-003642,SES-066118,USR-03759,EXP-0143,2024-12-16,2025-02-03,2,99.5,0.0,paid_search,desktop,completed,199.0
BKG-003643,SES-066169,USR-01109,EXP-0274,2024-12-12,2025-01-05,1,34.66,0.07,organic,mobile,cancelled,32.23
BKG-003644,SES-066183,USR-06088,EXP-0048,2025-05-10,2025-05-21,2,107.29,0.0,email,desktop,completed,214.58
BKG-003645,SES-066207,USR-06208,EXP-0039,2025-02-16,2025-03-01,2,71.41,0.09,organic,desktop,completed,129.97
BKG-003646,SES-066230,USR-03317,EXP-0156,2025-05-04,2025-05-17,3,51.15,0.0,affiliates,desktop,completed,153.45
BKG-003647,SES-066256,USR-07246,EXP-0033,2025-03-08,2025-03-16,2,73.19,0.11,paid_search,desktop,completed,130.28
BKG-003648,SES-066268,USR-01570,EXP-0245,2025-01-30,2025-02-17,3,122.21,0.12,affiliates,mobile,completed,322.63
BKG-003649,SES-066276,USR-07165,EXP-0136,2025-05-31,2025-06-11,2,45.67,0.0,paid_search,mobile,completed,91.34
BKG-003650,SES-066282,USR-03359,EXP-0295,2024-09-15,2024-09-20,6,44.78,0.0,referral,desktop,completed,268.68
BKG-003651,SES-066309,USR-06767,EXP-0064,2024-10-09,2024-10-22,2,69.76,0.0,paid_search,desktop,completed,139.52
BKG-003652,SES-066318,USR-04512,EXP-0239,2024-09-28,2024-09-29,2,171.23,0.0,organic,mobile,completed,342.46
BKG-003653,SES-066321,USR-07930,EXP-0046,2024-08-03,2024-08-10,5,183.87,0.0,organic,desktop,completed,919.35
BKG-003654,SES-066334,USR-07178,EXP-0255,2025-05-08,2025-05-16,5,93.9,0.15,affiliates,mobile,completed,399.08
BKG-003655,SES-066352,USR-01216,EXP-0120,2024-12-22,2025-01-05,2,73.32,0.0,paid_search,mobile,completed,146.64
BKG-003656,SES-066353,USR-07861,EXP-0294,2025-02-05,2025-03-05,2,79.71,0.0,paid_search,desktop,completed,159.42
BKG-003657,SES-066361,USR-01898,EXP-0297,2025-05-28,2025-06-02,2,83.31,0.0,email,mobile,completed,166.62
BKG-003658,SES-066436,USR-04448,EXP-0255,2024-10-04,2024-11-16,2,82.06,0.12,paid_search,desktop,completed,144.43
BKG-003659,SES-066441,USR-00102,EXP-0298,2024-12-14,2024-12-25,1,87.91,0.0,email,mobile,completed,87.91
BKG-003660,SES-066448,USR-01797,EXP-0224,2024-12-13,2024-12-15,1,62.41,0.0,organic,mobile,completed,62.41
BKG-003661,SES-066450,USR-06982,EXP-0039,2025-01-04,2025-01-10,6,69.47,0.0,organic,mobile,completed,416.82
BKG-003662,SES-066461,USR-01063,EXP-0079,2025-02-08,2025-02-17,3,104.16,0.13,affiliates,desktop,completed,271.86
BKG-003663,SES-066476,USR-05690,EXP-0139,2024-09-26,2024-10-09,3,108.09,0.0,organic,tablet,completed,324.27
BKG-003664,SES-066520,USR-06527,EXP-0266,2024-11-12,2024-12-09,2,63.68,0.0,referral,mobile,completed,127.36
BKG-003665,SES-066521,USR-06619,EXP-0089,2025-06-23,2025-07-12,2,74.9,0.0,paid_search,desktop,cancelled,149.8
BKG-003666,SES-066538,USR-01693,EXP-0249,2025-04-12,2025-04-19,2,236.15,0.0,email,mobile,completed,472.3
BKG-003667,SES-066540,USR-01627,EXP-0191,2024-09-22,2024-09-24,4,70.65,0.0,organic,desktop,completed,282.6
BKG-003668,SES-066566,USR-03812,EXP-0192,2024-10-05,2024-10-08,2,57.76,0.0,social,desktop,completed,115.52
BKG-003669,SES-066638,USR-04829,EXP-0169,2024-09-06,2024-09-08,2,90.5,0.0,organic,desktop,cancelled,181.0
BKG-003670,SES-066643,USR-03381,EXP-0195,2024-07-23,2024-08-05,1,73.96,0.0,affiliates,desktop,completed,73.96
BKG-003671,SES-066654,USR-02052,EXP-0241,2024-12-04,2024-12-11,3,123.02,0.0,paid_search,mobile,completed,369.06
BKG-003672,SES-066690,USR-04477,EXP-0202,2024-09-07,2024-09-12,4,46.47,0.18,paid_search,tablet,completed,152.42
BKG-003673,SES-066699,USR-04348,EXP-0174,2025-03-31,2025-04-05,2,88.91,0.17,paid_search,mobile,completed,147.59
BKG-003674,SES-066709,USR-05169,EXP-0069,2024-12-11,2024-12-13,2,94.7,0.0,paid_search,desktop,completed,189.4
BKG-003675,SES-066713,USR-00918,EXP-0108,2024-08-09,2024-09-03,2,66.91,0.0,paid_search,desktop,completed,133.82
BKG-003676,SES-066735,USR-04818,EXP-0124,2025-04-06,2025-04-23,2,77.31,0.0,organic,desktop,completed,154.62
BKG-003677,SES-066747,USR-05061,EXP-0293,2024-09-27,2024-10-23,3,97.82,0.0,paid_search,desktop,completed,293.46
BKG-003678,SES-066751,USR-07417,EXP-0291,2024-10-11,2024-10-28,2,94.91,0.0,organic,desktop,completed,189.82
BKG-003679,SES-066753,USR-07078,EXP-0006,2025-06-07,2025-06-13,2,46.18,0.0,paid_search,desktop,completed,92.36
BKG-003680,SES-066759,USR-00564,EXP-0158,2024-09-08,2024-09-17,3,51.86,0.0,organic,desktop,completed,155.58
BKG-003681,SES-066761,USR-07046,EXP-0273,2025-05-09,2025-05-30,2,44.14,0.16,paid_search,mobile,completed,74.16
BKG-003682,SES-066767,USR-07645,EXP-0093,2024-09-18,2024-10-18,2,48.55,0.0,affiliates,desktop,completed,97.1
BKG-003683,SES-066832,USR-06245,EXP-0053,2024-10-10,2024-10-15,2,36.95,0.0,organic,desktop,completed,73.9
BKG-003684,SES-066843,USR-02175,EXP-0220,2025-03-26,2025-03-29,3,38.96,0.07,social,mobile,completed,108.7
BKG-003685,SES-066873,USR-02282,EXP-0167,2025-05-01,2025-05-07,3,84.83,0.0,email,desktop,completed,254.49
BKG-003686,SES-066915,USR-03996,EXP-0256,2024-12-02,2024-12-08,4,37.09,0.17,referral,mobile,completed,123.14
BKG-003687,SES-066947,USR-03813,EXP-0069,2025-06-16,2025-07-10,2,93.65,0.0,referral,tablet,completed,187.3
BKG-003688,SES-066991,USR-02086,EXP-0207,2025-01-07,2025-02-13,1,102.42,0.0,paid_search,mobile,completed,102.42
BKG-003689,SES-067002,USR-03567,EXP-0237,2025-02-19,2025-03-16,4,59.37,0.05,social,mobile,completed,225.61
BKG-003690,SES-067007,USR-02727,EXP-0282,2024-07-22,2024-07-29,3,196.2,0.15,organic,mobile,completed,500.31
BKG-003691,SES-067022,USR-03260,EXP-0132,2024-07-12,2024-07-25,2,104.49,0.0,paid_search,mobile,completed,208.98
BKG-003692,SES-067039,USR-01272,EXP-0154,2024-12-05,2024-12-13,2,48.18,0.2,paid_search,mobile,completed,77.09
BKG-003693,SES-067040,USR-04860,EXP-0089,2025-02-05,2025-02-12,2,80.32,0.0,organic,mobile,completed,160.64
BKG-003694,SES-067058,USR-02222,EXP-0236,2025-05-12,2025-05-19,5,126.02,0.0,paid_search,mobile,completed,630.1
BKG-003695,SES-067072,USR-01855,EXP-0063,2024-07-17,2024-08-07,6,107.54,0.0,organic,mobile,completed,645.24
BKG-003696,SES-067076,USR-07126,EXP-0115,2024-08-04,2024-08-07,1,25.62,0.0,social,mobile,completed,25.62
BKG-003697,SES-067078,USR-06000,EXP-0237,2024-09-03,2024-09-20,6,67.23,0.0,referral,desktop,completed,403.38
BKG-003698,SES-067096,USR-03373,EXP-0192,2025-01-19,2025-01-25,2,54.35,0.0,organic,mobile,completed,108.7
BKG-003699,SES-067110,USR-07203,EXP-0076,2024-07-02,2024-07-15,2,73.49,0.0,paid_search,desktop,completed,146.98
BKG-003700,SES-067113,USR-00393,EXP-0234,2025-01-16,2025-01-29,2,91.7,0.16,paid_search,desktop,completed,154.06
BKG-003701,SES-067131,USR-06421,EXP-0098,2024-10-03,2024-10-04,2,82.99,0.0,paid_search,mobile,completed,165.98
BKG-003702,SES-067140,USR-06752,EXP-0283,2025-05-04,2025-05-07,6,139.98,0.09,affiliates,desktop,completed,764.29
BKG-003703,SES-067172,USR-04512,EXP-0002,2025-02-21,2025-02-26,2,28.52,0.0,paid_search,desktop,completed,57.04
BKG-003704,SES-067222,USR-03359,EXP-0208,2024-12-05,2024-12-08,4,65.04,0.0,organic,mobile,completed,260.16
BKG-003705,SES-067235,USR-07593,EXP-0111,2024-07-08,2024-07-17,3,94.83,0.0,affiliates,desktop,completed,284.49
BKG-003706,SES-067253,USR-03669,EXP-0052,2025-06-14,2025-07-01,1,65.5,0.11,referral,mobile,cancelled,58.3
BKG-003707,SES-067255,USR-04945,EXP-0045,2025-01-21,2025-02-13,6,147.14,0.0,paid_search,desktop,completed,882.84
BKG-003708,SES-067258,USR-04556,EXP-0156,2025-04-23,2025-04-26,5,56.2,0.17,paid_search,desktop,completed,233.23
BKG-003709,SES-067314,USR-06982,EXP-0018,2024-07-05,2024-07-23,2,55.22,0.17,paid_search,mobile,completed,91.67
BKG-003710,SES-067324,USR-06333,EXP-0057,2025-03-15,2025-03-19,4,95.52,0.0,paid_search,mobile,completed,382.08
BKG-003711,SES-067413,USR-03927,EXP-0034,2025-01-05,2025-01-14,2,93.33,0.0,organic,mobile,completed,186.66
BKG-003712,SES-067442,USR-07402,EXP-0079,2024-07-28,2024-09-03,2,98.04,0.0,organic,mobile,refunded,196.08
BKG-003713,SES-067475,USR-07296,EXP-0286,2025-03-18,2025-04-01,4,57.28,0.0,paid_search,desktop,completed,229.12
BKG-003714,SES-067485,USR-01019,EXP-0126,2024-07-13,2024-07-19,4,71.68,0.0,referral,mobile,completed,286.72
BKG-003715,SES-067496,USR-03839,EXP-0061,2025-06-18,2025-06-22,2,53.06,0.0,paid_search,mobile,completed,106.12
BKG-003716,SES-067505,USR-04920,EXP-0286,2025-03-01,2025-03-06,4,52.37,0.0,email,mobile,completed,209.48
BKG-003717,SES-067508,USR-06138,EXP-0049,2024-08-21,2024-09-03,3,111.26,0.15,paid_search,mobile,completed,283.71
BKG-003718,SES-067523,USR-05344,EXP-0171,2024-07-11,2024-08-03,3,126.32,0.0,paid_search,desktop,completed,378.96
BKG-003719,SES-067543,USR-02564,EXP-0137,2024-10-25,2024-11-08,5,48.92,0.0,social,mobile,completed,244.6
BKG-003720,SES-067554,USR-06509,EXP-0002,2025-02-16,2025-03-03,5,30.27,0.0,affiliates,mobile,completed,151.35
BKG-003721,SES-067572,USR-07740,EXP-0228,2025-01-19,2025-01-22,4,155.26,0.0,organic,mobile,completed,621.04
BKG-003722,SES-067578,USR-03927,EXP-0101,2024-11-16,2024-11-30,2,26.94,0.0,organic,mobile,completed,53.88
BKG-003723,SES-067598,USR-03343,EXP-0267,2024-11-21,2024-11-25,3,50.52,0.0,paid_search,mobile,completed,151.56
BKG-003724,SES-067605,USR-06637,EXP-0248,2024-10-24,2024-11-02,1,163.34,0.12,affiliates,mobile,refunded,143.74
BKG-003725,SES-067641,USR-01820,EXP-0024,2025-06-25,2025-06-26,2,92.73,0.0,social,mobile,completed,185.46
BKG-003726,SES-067646,USR-07124,EXP-0160,2024-09-24,2024-10-03,2,77.83,0.0,paid_search,mobile,completed,155.66
BKG-003727,SES-067670,USR-06452,EXP-0033,2024-11-08,2024-12-08,2,75.13,0.0,affiliates,mobile,completed,150.26
BKG-003728,SES-067681,USR-07439,EXP-0176,2024-11-03,2024-12-16,3,62.1,0.1,email,desktop,completed,167.67
BKG-003729,SES-067724,USR-06687,EXP-0038,2024-11-02,2024-12-04,3,161.53,0.08,affiliates,mobile,cancelled,445.82
BKG-003730,SES-067743,USR-03047,EXP-0199,2025-02-08,2025-02-18,2,72.81,0.18,organic,desktop,completed,119.41
BKG-003731,SES-067755,USR-06668,EXP-0261,2025-06-22,2025-07-15,4,106.37,0.19,affiliates,mobile,cancelled,344.64
BKG-003732,SES-067760,USR-03011,EXP-0173,2024-11-08,2024-12-09,2,63.85,0.17,organic,tablet,completed,105.99
BKG-003733,SES-067790,USR-06468,EXP-0240,2024-07-15,2024-07-25,5,87.07,0.0,paid_search,mobile,completed,435.35
BKG-003734,SES-067852,USR-04943,EXP-0063,2024-08-10,2024-08-18,2,104.85,0.15,organic,desktop,completed,178.24
BKG-003735,SES-067868,USR-02222,EXP-0059,2025-03-23,2025-03-27,4,33.27,0.0,organic,desktop,cancelled,133.08
BKG-003736,SES-067880,USR-04566,EXP-0197,2025-04-30,2025-05-26,3,76.4,0.08,organic,tablet,completed,210.86
BKG-003737,SES-067924,USR-07768,EXP-0082,2025-02-21,2025-02-26,2,178.33,0.0,organic,tablet,cancelled,356.66
BKG-003738,SES-067940,USR-03765,EXP-0026,2025-05-26,2025-05-28,2,29.23,0.0,paid_search,desktop,completed,58.46
BKG-003739,SES-067976,USR-02727,EXP-0020,2024-08-03,2024-08-24,2,118.71,0.0,paid_search,mobile,completed,237.42
BKG-003740,SES-067980,USR-07007,EXP-0219,2025-04-20,2025-04-23,1,219.93,0.0,email,desktop,completed,219.93
BKG-003741,SES-067989,USR-05866,EXP-0281,2025-03-05,2025-03-11,2,39.95,0.0,organic,mobile,completed,79.9
BKG-003742,SES-068022,USR-06371,EXP-0041,2024-10-04,2024-10-12,4,30.33,0.0,organic,desktop,completed,121.32
BKG-003743,SES-068026,USR-02036,EXP-0208,2024-09-06,2024-09-11,2,67.31,0.0,organic,desktop,completed,134.62
BKG-003744,SES-068084,USR-01017,EXP-0035,2025-02-25,2025-03-25,2,138.11,0.19,organic,mobile,completed,223.74
BKG-003745,SES-068089,USR-04093,EXP-0144,2024-07-07,2024-07-21,6,80.91,0.09,email,mobile,completed,441.77
BKG-003746,SES-068100,USR-05379,EXP-0063,2024-07-12,2024-07-26,2,104.68,0.0,paid_search,tablet,completed,209.36
BKG-003747,SES-068108,USR-07495,EXP-0293,2025-06-07,2025-06-20,2,99.14,0.14,organic,mobile,completed,170.52
BKG-003748,SES-068186,USR-05839,EXP-0036,2024-10-19,2024-10-20,2,67.81,0.0,organic,desktop,completed,135.62
BKG-003749,SES-068187,USR-01667,EXP-0287,2025-06-21,2025-06-29,1,78.32,0.16,affiliates,desktop,completed,65.79
BKG-003750,SES-068199,USR-00151,EXP-0105,2025-01-15,2025-01-28,2,61.41,0.0,organic,mobile,completed,122.82
BKG-003751,SES-068234,USR-07585,EXP-0047,2025-05-06,2025-05-12,2,142.97,0.0,paid_search,desktop,completed,285.94
BKG-003752,SES-068236,USR-05914,EXP-0146,2025-01-24,2025-02-01,2,55.51,0.0,email,mobile,completed,111.02
BKG-003753,SES-068253,USR-07629,EXP-0279,2024-09-17,2024-09-23,2,81.12,0.0,organic,desktop,completed,162.24
BKG-003754,SES-068262,USR-03102,EXP-0089,2025-03-15,2025-03-24,4,71.61,0.0,affiliates,tablet,completed,286.44
BKG-003755,SES-068280,USR-04193,EXP-0078,2025-03-26,2025-04-01,4,46.66,0.0,affiliates,desktop,completed,186.64
BKG-003756,SES-068292,USR-00038,EXP-0178,2024-10-22,2024-10-26,3,91.27,0.07,paid_search,desktop,completed,254.64
BKG-003757,SES-068293,USR-01357,EXP-0104,2025-01-21,2025-02-04,3,145.97,0.0,organic,desktop,completed,437.91
BKG-003758,SES-068327,USR-03651,EXP-0014,2025-04-10,2025-04-16,1,115.83,0.0,paid_search,mobile,cancelled,115.83
BKG-003759,SES-068390,USR-00535,EXP-0223,2025-01-09,2025-01-24,1,87.5,0.0,paid_search,mobile,completed,87.5
BKG-003760,SES-068399,USR-00426,EXP-0007,2025-01-28,2025-01-29,2,141.5,0.17,organic,desktop,completed,234.89
BKG-003761,SES-068403,USR-02493,EXP-0186,2025-05-25,2025-05-26,2,59.29,0.0,referral,desktop,completed,118.58
BKG-003762,SES-068406,USR-07125,EXP-0024,2024-11-17,2024-11-18,6,93.7,0.0,organic,mobile,completed,562.2
BKG-003763,SES-068427,USR-06990,EXP-0093,2024-11-11,2024-12-09,2,49.87,0.0,social,desktop,completed,99.74
BKG-003764,SES-068439,USR-03462,EXP-0165,2025-05-15,2025-05-24,3,53.22,0.0,organic,mobile,completed,159.66
BKG-003765,SES-068445,USR-02150,EXP-0203,2024-11-25,2024-11-29,2,129.77,0.0,referral,mobile,completed,259.54
BKG-003766,SES-068448,USR-04650,EXP-0132,2025-05-14,2025-05-15,5,104.5,0.0,organic,mobile,completed,522.5
BKG-003767,SES-068449,USR-00888,EXP-0086,2024-10-08,2024-10-20,2,30.46,0.0,organic,mobile,completed,60.92
BKG-003768,SES-068458,USR-02859,EXP-0231,2025-01-04,2025-01-21,3,68.09,0.0,paid_search,desktop,completed,204.27
BKG-003769,SES-068464,USR-06796,EXP-0258,2025-03-30,2025-04-14,5,121.75,0.05,paid_search,mobile,completed,578.31
BKG-003770,SES-068469,USR-07343,EXP-0002,2025-02-05,2025-03-18,2,30.79,0.0,paid_search,desktop,completed,61.58
BKG-003771,SES-068482,USR-06390,EXP-0261,2025-03-06,2025-03-11,5,128.8,0.0,referral,mobile,completed,644.0
BKG-003772,SES-068490,USR-06762,EXP-0086,2025-02-21,2025-03-02,2,32.39,0.0,organic,mobile,completed,64.78
BKG-003773,SES-068521,USR-01178,EXP-0223,2024-07-21,2024-07-28,6,105.78,0.0,organic,tablet,completed,634.68
BKG-003774,SES-068526,USR-02936,EXP-0051,2024-09-23,2024-10-02,3,30.98,0.0,email,desktop,completed,92.94
BKG-003775,SES-068540,USR-00726,EXP-0060,2024-10-19,2024-10-26,3,96.72,0.05,paid_search,desktop,completed,275.65
BKG-003776,SES-068542,USR-06849,EXP-0295,2025-06-08,2025-06-21,1,47.84,0.19,affiliates,mobile,completed,38.75
BKG-003777,SES-068554,USR-01004,EXP-0133,2024-11-24,2024-11-28,3,97.25,0.0,referral,tablet,completed,291.75
BKG-003778,SES-068584,USR-03403,EXP-0179,2025-03-09,2025-03-21,5,37.05,0.0,email,desktop,completed,185.25
BKG-003779,SES-068588,USR-06212,EXP-0018,2024-11-05,2024-12-09,6,56.8,0.12,referral,mobile,completed,299.9
BKG-003780,SES-068627,USR-00982,EXP-0024,2024-12-30,2025-01-04,6,89.65,0.0,email,desktop,completed,537.9
BKG-003781,SES-068641,USR-01861,EXP-0208,2024-11-06,2024-11-27,2,63.67,0.0,affiliates,desktop,completed,127.34
BKG-003782,SES-068669,USR-00220,EXP-0284,2025-05-10,2025-05-11,3,204.85,0.11,paid_search,mobile,completed,546.95
BKG-003783,SES-068681,USR-04767,EXP-0040,2024-07-12,2024-07-21,2,195.61,0.0,affiliates,mobile,refunded,391.22
BKG-003784,SES-068686,USR-03361,EXP-0127,2025-05-23,2025-05-29,2,67.97,0.0,paid_search,mobile,completed,135.94
BKG-003785,SES-068742,USR-05058,EXP-0111,2025-05-31,2025-06-04,2,106.64,0.0,organic,mobile,completed,213.28
BKG-003786,SES-068799,USR-00955,EXP-0200,2025-04-20,2025-04-30,3,106.59,0.09,paid_search,mobile,completed,290.99
BKG-003787,SES-068806,USR-01435,EXP-0103,2025-02-27,2025-03-06,3,86.26,0.0,referral,mobile,completed,258.78
BKG-003788,SES-068820,USR-05634,EXP-0297,2025-03-04,2025-03-08,2,87.23,0.0,referral,desktop,completed,174.46
BKG-003789,SES-068852,USR-04660,EXP-0290,2025-01-24,2025-01-25,3,169.98,0.0,referral,mobile,completed,509.94
BKG-003790,SES-068896,USR-00312,EXP-0022,2025-04-29,2025-05-08,1,80.03,0.12,organic,desktop,completed,70.43
BKG-003791,SES-068923,USR-03804,EXP-0228,2024-09-02,2024-09-08,5,146.55,0.05,organic,tablet,completed,696.11
BKG-003792,SES-068936,USR-01691,EXP-0271,2024-07-03,2024-07-06,2,103.93,0.1,organic,mobile,completed,187.07
BKG-003793,SES-068941,USR-03687,EXP-0094,2024-12-27,2025-01-03,2,75.35,0.0,organic,desktop,completed,150.7
BKG-003794,SES-068948,USR-03804,EXP-0118,2024-08-09,2024-08-12,2,53.29,0.0,paid_search,mobile,completed,106.58
BKG-003795,SES-068949,USR-07812,EXP-0028,2024-12-04,2025-01-02,3,66.04,0.13,referral,mobile,completed,172.36
BKG-003796,SES-068960,USR-00339,EXP-0125,2025-04-12,2025-04-17,2,53.19,0.0,paid_search,desktop,completed,106.38
BKG-003797,SES-068985,USR-02373,EXP-0240,2025-03-28,2025-04-14,1,96.95,0.09,paid_search,desktop,completed,88.22
BKG-003798,SES-068994,USR-03608,EXP-0139,2025-04-27,2025-05-15,2,91.56,0.0,organic,desktop,cancelled,183.12
BKG-003799,SES-068996,USR-05386,EXP-0139,2025-02-07,2025-02-11,1,86.36,0.0,paid_search,mobile,completed,86.36
BKG-003800,SES-068997,USR-01401,EXP-0190,2024-09-22,2024-09-23,2,72.08,0.0,email,mobile,completed,144.16
BKG-003801,SES-068999,USR-05794,EXP-0091,2025-03-26,2025-04-01,2,116.48,0.0,organic,desktop,completed,232.96
BKG-003802,SES-069032,USR-07036,EXP-0259,2025-01-30,2025-02-19,2,125.53,0.11,referral,mobile,completed,223.44
BKG-003803,SES-069036,USR-07710,EXP-0257,2025-05-29,2025-07-20,2,93.8,0.09,affiliates,desktop,cancelled,170.72
BKG-003804,SES-069057,USR-00505,EXP-0038,2024-08-01,2024-08-02,2,172.78,0.0,referral,mobile,completed,345.56
BKG-003805,SES-069063,USR-01571,EXP-0257,2025-04-11,2025-04-29,2,89.38,0.0,paid_search,mobile,completed,178.76
BKG-003806,SES-069065,USR-06619,EXP-0133,2025-03-17,2025-05-15,1,103.13,0.0,organic,mobile,completed,103.13
BKG-003807,SES-069068,USR-06398,EXP-0195,2024-07-13,2024-07-28,2,71.8,0.0,organic,desktop,cancelled,143.6
BKG-003808,SES-069091,USR-06580,EXP-0140,2025-04-06,2025-04-29,2,137.94,0.0,paid_search,desktop,completed,275.88
BKG-003809,SES-069112,USR-00259,EXP-0104,2024-08-07,2024-08-10,2,147.27,0.0,affiliates,mobile,completed,294.54
BKG-003810,SES-069195,USR-06354,EXP-0030,2025-05-21,2025-05-29,1,102.47,0.1,organic,desktop,completed,92.22
BKG-003811,SES-069252,USR-00385,EXP-0063,2025-02-05,2025-02-10,3,104.72,0.0,organic,mobile,completed,314.16
BKG-003812,SES-069263,USR-07783,EXP-0186,2024-07-12,2024-07-18,2,60.71,0.15,email,mobile,completed,103.21
BKG-003813,SES-069273,USR-04078,EXP-0131,2025-01-31,2025-02-04,4,91.42,0.0,social,mobile,completed,365.68
BKG-003814,SES-069294,USR-02112,EXP-0257,2024-12-22,2024-12-29,1,103.67,0.0,paid_search,desktop,completed,103.67
BKG-003815,SES-069299,USR-04857,EXP-0017,2024-07-18,2024-07-21,2,84.94,0.0,paid_search,mobile,completed,169.88
BKG-003816,SES-069313,USR-01291,EXP-0139,2025-01-06,2025-01-09,3,114.03,0.0,email,mobile,completed,342.09
BKG-003817,SES-069325,USR-07687,EXP-0098,2025-05-31,2025-07-31,3,85.69,0.0,paid_search,mobile,completed,257.07
BKG-003818,SES-069328,USR-03404,EXP-0217,2025-04-25,2025-05-04,2,51.92,0.17,organic,mobile,completed,86.19
BKG-003819,SES-069341,USR-00007,EXP-0043,2025-04-10,2025-04-13,3,38.27,0.0,organic,desktop,completed,114.81
BKG-003820,SES-069372,USR-03278,EXP-0005,2025-05-07,2025-05-14,3,71.87,0.0,organic,desktop,completed,215.61
BKG-003821,SES-069403,USR-05044,EXP-0075,2024-10-04,2024-10-07,5,97.18,0.15,organic,desktop,completed,413.02
BKG-003822,SES-069463,USR-03275,EXP-0147,2024-11-04,2024-12-08,4,37.32,0.0,paid_search,desktop,completed,149.28
BKG-003823,SES-069528,USR-07641,EXP-0149,2024-12-06,2024-12-15,2,58.57,0.0,referral,desktop,completed,117.14
BKG-003824,SES-069530,USR-06374,EXP-0283,2024-07-09,2024-07-24,2,152.57,0.0,paid_search,desktop,completed,305.14
BKG-003825,SES-069548,USR-05264,EXP-0147,2024-09-20,2024-09-23,3,31.71,0.0,organic,desktop,completed,95.13
BKG-003826,SES-069601,USR-04196,EXP-0062,2024-12-10,2024-12-20,6,125.49,0.0,paid_search,desktop,completed,752.94
BKG-003827,SES-069618,USR-05822,EXP-0252,2024-07-25,2024-08-01,4,81.08,0.0,paid_search,mobile,completed,324.32
BKG-003828,SES-069622,USR-03024,EXP-0223,2024-07-18,2024-08-17,4,93.53,0.08,affiliates,mobile,completed,344.19
BKG-003829,SES-069623,USR-02100,EXP-0283,2025-03-02,2025-04-05,2,148.35,0.18,organic,mobile,completed,243.29
BKG-003830,SES-069637,USR-01869,EXP-0267,2025-06-10,2025-07-03,2,46.65,0.1,affiliates,desktop,completed,83.97
BKG-003831,SES-069663,USR-07572,EXP-0235,2025-06-22,2025-06-24,2,60.22,0.0,organic,desktop,completed,120.44
BKG-003832,SES-069672,USR-04626,EXP-0031,2025-04-14,2025-04-25,1,65.29,0.0,email,mobile,completed,65.29
BKG-003833,SES-069673,USR-04404,EXP-0174,2025-04-21,2025-05-11,4,93.48,0.0,referral,mobile,completed,373.92
BKG-003834,SES-069675,USR-04478,EXP-0084,2025-02-28,2025-03-03,2,70.06,0.0,paid_search,mobile,completed,140.12
BKG-003835,SES-069691,USR-01577,EXP-0088,2025-04-15,2025-04-17,2,58.32,0.0,organic,mobile,completed,116.64
BKG-003836,SES-069692,USR-01698,EXP-0044,2024-08-14,2024-08-22,2,219.23,0.0,referral,desktop,completed,438.46
BKG-003837,SES-069706,USR-02253,EXP-0120,2024-07-02,2024-07-20,2,71.49,0.0,organic,desktop,completed,142.98
BKG-003838,SES-069727,USR-05312,EXP-0075,2024-08-23,2024-09-29,3,88.54,0.2,paid_search,desktop,completed,212.5
BKG-003839,SES-069771,USR-04867,EXP-0071,2025-06-29,2025-07-05,2,58.57,0.0,paid_search,mobile,completed,117.14
BKG-003840,SES-069772,USR-02289,EXP-0264,2024-11-26,2024-11-27,3,138.74,0.06,email,desktop,completed,391.25
BKG-003841,SES-069774,USR-07144,EXP-0289,2024-12-29,2025-01-01,6,64.38,0.0,social,desktop,completed,386.28
BKG-003842,SES-069778,USR-04614,EXP-0082,2025-01-14,2025-01-18,1,177.72,0.0,organic,desktop,completed,177.72
BKG-003843,SES-069784,USR-03174,EXP-0119,2025-02-15,2025-02-23,1,103.13,0.0,organic,mobile,completed,103.13
BKG-003844,SES-069788,USR-07279,EXP-0194,2024-07-23,2024-08-12,4,91.36,0.0,paid_search,mobile,completed,365.44
BKG-003845,SES-069812,USR-05493,EXP-0199,2024-10-23,2024-10-29,2,75.73,0.0,paid_search,tablet,completed,151.46
BKG-003846,SES-069825,USR-06078,EXP-0179,2025-04-04,2025-05-11,5,40.39,0.0,paid_search,desktop,completed,201.95
BKG-003847,SES-069856,USR-05410,EXP-0040,2024-09-23,2024-10-13,2,182.98,0.06,organic,desktop,completed,344.0
BKG-003848,SES-069859,USR-05142,EXP-0092,2024-07-13,2024-07-24,1,61.67,0.0,paid_search,mobile,completed,61.67
BKG-003849,SES-069880,USR-03833,EXP-0060,2025-01-07,2025-01-09,2,100.6,0.0,affiliates,mobile,completed,201.2
BKG-003850,SES-069926,USR-03449,EXP-0252,2024-08-14,2024-08-20,4,82.72,0.0,affiliates,desktop,completed,330.88
BKG-003851,SES-069942,USR-07499,EXP-0056,2024-09-22,2024-10-16,3,31.6,0.0,paid_search,desktop,completed,94.8
BKG-003852,SES-069943,USR-05676,EXP-0153,2024-08-19,2024-09-05,2,55.26,0.0,paid_search,desktop,completed,110.52
BKG-003853,SES-069951,USR-03645,EXP-0059,2024-07-10,2024-07-16,3,32.38,0.0,organic,mobile,completed,97.14
BKG-003854,SES-070024,USR-03956,EXP-0038,2024-09-03,2024-09-29,4,175.06,0.0,organic,desktop,completed,700.24
BKG-003855,SES-070025,USR-01810,EXP-0120,2024-07-08,2024-08-05,5,89.5,0.0,paid_search,desktop,completed,447.5
BKG-003856,SES-070048,USR-07132,EXP-0240,2025-04-04,2025-04-05,2,92.04,0.0,referral,mobile,completed,184.08
BKG-003857,SES-070060,USR-00662,EXP-0221,2025-01-12,2025-01-23,2,75.83,0.0,organic,desktop,completed,151.66
BKG-003858,SES-070066,USR-04232,EXP-0142,2025-04-30,2025-06-06,3,79.48,0.0,organic,desktop,completed,238.44
BKG-003859,SES-070071,USR-04662,EXP-0279,2024-08-16,2024-10-12,1,98.76,0.0,paid_search,desktop,completed,98.76
BKG-003860,SES-070091,USR-05100,EXP-0259,2025-04-16,2025-04-30,2,119.83,0.0,organic,mobile,completed,239.66
BKG-003861,SES-070133,USR-03448,EXP-0135,2025-02-08,2025-02-11,4,75.62,0.0,organic,desktop,completed,302.48
BKG-003862,SES-070139,USR-03726,EXP-0291,2024-07-02,2024-07-04,3,104.89,0.0,referral,mobile,completed,314.67
BKG-003863,SES-070164,USR-05417,EXP-0279,2025-02-16,2025-02-26,1,98.2,0.0,paid_search,mobile,completed,98.2
BKG-003864,SES-070174,USR-04780,EXP-0221,2025-02-27,2025-03-02,2,77.49,0.0,email,mobile,completed,154.98
BKG-003865,SES-070187,USR-06768,EXP-0236,2025-04-02,2025-05-14,6,134.19,0.11,affiliates,mobile,completed,716.57
BKG-003866,SES-070204,USR-01843,EXP-0186,2025-04-05,2025-04-08,2,54.84,0.07,paid_search,mobile,completed,102.0
BKG-003867,SES-070230,USR-03622,EXP-0045,2025-04-30,2025-05-01,2,139.09,0.07,affiliates,desktop,completed,258.71
BKG-003868,SES-070282,USR-04192,EXP-0268,2024-11-09,2024-11-22,1,68.21,0.0,social,mobile,completed,68.21
BKG-003869,SES-070285,USR-04354,EXP-0170,2024-07-02,2024-07-09,5,178.79,0.0,social,mobile,completed,893.95
BKG-003870,SES-070301,USR-02428,EXP-0010,2025-03-05,2025-03-06,3,56.09,0.0,social,tablet,completed,168.27
BKG-003871,SES-070332,USR-06505,EXP-0229,2025-03-15,2025-04-10,3,75.72,0.11,organic,mobile,completed,202.17
BKG-003872,SES-070370,USR-03897,EXP-0088,2025-05-19,2025-05-22,3,54.67,0.0,paid_search,mobile,completed,164.01
BKG-003873,SES-070389,USR-04561,EXP-0071,2024-10-30,2024-11-01,2,58.66,0.0,paid_search,desktop,completed,117.32
BKG-003874,SES-070391,USR-06264,EXP-0096,2025-02-14,2025-02-16,1,114.06,0.0,paid_search,desktop,refunded,114.06
BKG-003875,SES-070397,USR-07515,EXP-0197,2025-01-01,2025-01-21,1,85.14,0.0,paid_search,desktop,completed,85.14
BKG-003876,SES-070420,USR-01799,EXP-0098,2024-07-03,2024-07-09,2,87.02,0.17,organic,desktop,cancelled,144.45
BKG-003877,SES-070422,USR-05434,EXP-0037,2024-10-29,2024-11-19,2,92.57,0.0,paid_search,desktop,completed,185.14
BKG-003878,SES-070439,USR-07129,EXP-0045,2024-11-27,2024-12-11,6,166.27,0.0,organic,desktop,completed,997.62
BKG-003879,SES-070444,USR-01287,EXP-0228,2024-07-14,2024-08-06,4,153.55,0.0,organic,desktop,completed,614.2
BKG-003880,SES-070453,USR-04454,EXP-0175,2025-01-02,2025-01-04,3,80.66,0.0,organic,mobile,completed,241.98
BKG-003881,SES-070469,USR-01987,EXP-0017,2024-07-09,2024-07-29,2,81.53,0.14,referral,mobile,completed,140.23
BKG-003882,SES-070493,USR-05097,EXP-0074,2024-07-03,2024-07-06,6,143.99,0.0,paid_search,desktop,completed,863.94
BKG-003883,SES-070555,USR-05170,EXP-0142,2025-05-07,2025-05-10,4,80.07,0.0,organic,mobile,completed,320.28
BKG-003884,SES-070577,USR-02006,EXP-0298,2025-01-11,2025-01-12,3,75.91,0.12,paid_search,desktop,completed,200.4
BKG-003885,SES-070592,USR-01576,EXP-0240,2025-04-02,2025-04-14,1,95.03,0.0,email,desktop,completed,95.03
BKG-003886,SES-070621,USR-05162,EXP-0107,2024-08-23,2024-09-06,1,33.58,0.0,paid_search,tablet,completed,33.58
BKG-003887,SES-070714,USR-06178,EXP-0047,2024-12-28,2025-01-03,1,135.37,0.0,email,desktop,completed,135.37
BKG-003888,SES-070715,USR-03133,EXP-0241,2025-05-13,2025-05-19,4,151.56,0.0,organic,desktop,completed,606.24
BKG-003889,SES-070791,USR-03665,EXP-0184,2024-09-06,2024-09-11,2,64.34,0.0,organic,mobile,completed,128.68
BKG-003890,SES-070804,USR-00052,EXP-0115,2025-04-02,2025-04-08,6,25.79,0.0,referral,desktop,completed,154.74
BKG-003891,SES-070808,USR-07920,EXP-0193,2025-01-18,2025-01-19,6,90.08,0.0,organic,mobile,completed,540.48
BKG-003892,SES-070852,USR-04868,EXP-0062,2025-02-07,2025-02-08,1,120.22,0.0,paid_search,mobile,completed,120.22
BKG-003893,SES-070865,USR-00834,EXP-0274,2025-02-17,2025-02-18,3,35.44,0.0,paid_search,desktop,completed,106.32
BKG-003894,SES-070881,USR-07885,EXP-0020,2024-11-14,2024-12-06,5,127.07,0.17,paid_search,mobile,cancelled,527.34
BKG-003895,SES-070895,USR-00258,EXP-0041,2025-06-10,2025-06-16,5,30.08,0.05,paid_search,desktop,completed,142.88
BKG-003896,SES-070903,USR-00732,EXP-0087,2025-03-14,2025-03-23,2,139.94,0.0,email,mobile,completed,279.88
BKG-003897,SES-070951,USR-06760,EXP-0225,2025-04-05,2025-05-14,2,142.67,0.15,paid_search,mobile,completed,242.54
BKG-003898,SES-070954,USR-05122,EXP-0065,2025-02-19,2025-02-24,4,90.07,0.0,organic,desktop,completed,360.28
BKG-003899,SES-070985,USR-02279,EXP-0046,2024-09-21,2024-10-12,3,178.68,0.0,paid_search,mobile,refunded,536.04
BKG-003900,SES-070993,USR-00630,EXP-0027,2025-02-19,2025-03-03,5,194.92,0.0,social,mobile,completed,974.6
BKG-003901,SES-070998,USR-05946,EXP-0219,2024-12-18,2024-12-25,1,216.09,0.0,organic,mobile,completed,216.09
BKG-003902,SES-071002,USR-06545,EXP-0111,2025-03-27,2025-04-06,2,113.09,0.0,affiliates,desktop,cancelled,226.18
BKG-003903,SES-071005,USR-04363,EXP-0009,2024-08-26,2024-08-31,1,56.89,0.0,paid_search,mobile,completed,56.89
BKG-003904,SES-071014,USR-01671,EXP-0099,2024-09-28,2024-09-29,2,88.23,0.0,social,mobile,completed,176.46
BKG-003905,SES-071036,USR-01030,EXP-0271,2024-08-13,2024-08-22,2,112.5,0.1,organic,desktop,completed,202.5
BKG-003906,SES-071043,USR-00140,EXP-0048,2024-08-28,2024-08-31,3,104.29,0.0,referral,desktop,completed,312.87
BKG-003907,SES-071102,USR-00345,EXP-0230,2025-02-08,2025-02-23,1,116.68,0.0,organic,desktop,completed,116.68
BKG-003908,SES-071111,USR-02281,EXP-0153,2024-12-13,2024-12-15,5,45.84,0.0,affiliates,mobile,completed,229.2
BKG-003909,SES-071146,USR-07202,EXP-0051,2024-10-23,2024-10-24,2,31.03,0.2,affiliates,mobile,completed,49.65
BKG-003910,SES-071180,USR-04556,EXP-0209,2025-03-17,2025-04-07,2,92.98,0.11,organic,desktop,completed,165.5
BKG-003911,SES-071182,USR-04293,EXP-0136,2024-10-20,2024-10-21,1,46.38,0.0,organic,tablet,completed,46.38
BKG-003912,SES-071189,USR-02521,EXP-0254,2024-11-29,2024-12-19,4,200.33,0.0,email,mobile,cancelled,801.32
BKG-003913,SES-071202,USR-03882,EXP-0145,2024-08-17,2024-08-23,4,142.02,0.0,paid_search,desktop,completed,568.08
BKG-003914,SES-071212,USR-02770,EXP-0178,2025-03-04,2025-03-12,2,105.54,0.0,social,desktop,completed,211.08
BKG-003915,SES-071224,USR-07025,EXP-0243,2025-04-25,2025-05-08,3,76.69,0.0,referral,desktop,completed,230.07
BKG-003916,SES-071309,USR-00580,EXP-0163,2024-09-13,2024-09-28,3,46.96,0.0,paid_search,desktop,completed,140.88
BKG-003917,SES-071346,USR-07955,EXP-0114,2025-06-09,2025-06-21,5,33.5,0.0,social,mobile,completed,167.5
BKG-003918,SES-071353,USR-07241,EXP-0125,2025-03-23,2025-04-02,2,53.29,0.0,organic,mobile,completed,106.58
BKG-003919,SES-071372,USR-03410,EXP-0266,2024-10-28,2024-11-02,6,67.04,0.0,paid_search,mobile,completed,402.24
BKG-003920,SES-071388,USR-00127,EXP-0235,2025-06-10,2025-06-13,6,53.03,0.06,email,mobile,completed,299.09
BKG-003921,SES-071411,USR-02447,EXP-0157,2025-05-19,2025-05-30,3,100.17,0.19,organic,desktop,completed,243.41
BKG-003922,SES-071447,USR-01112,EXP-0036,2024-07-31,2024-08-10,5,73.74,0.1,affiliates,mobile,completed,331.83
BKG-003923,SES-071476,USR-03786,EXP-0156,2025-02-18,2025-03-11,2,50.41,0.18,social,desktop,completed,82.67
BKG-003924,SES-071485,USR-07510,EXP-0194,2025-04-10,2025-04-14,1,87.25,0.0,paid_search,desktop,completed,87.25
BKG-003925,SES-071516,USR-05140,EXP-0166,2024-08-04,2024-08-10,6,75.02,0.0,organic,mobile,completed,450.12
BKG-003926,SES-071517,USR-02316,EXP-0285,2024-07-22,2024-07-27,4,43.93,0.0,paid_search,mobile,completed,175.72
BKG-003927,SES-071532,USR-00368,EXP-0095,2024-08-29,2024-09-05,2,125.59,0.0,affiliates,mobile,completed,251.18
BKG-003928,SES-071548,USR-01812,EXP-0244,2024-11-17,2024-11-27,1,112.19,0.19,organic,mobile,completed,90.87
BKG-003929,SES-071561,USR-04295,EXP-0160,2024-11-12,2024-11-26,2,88.83,0.06,paid_search,desktop,completed,167.0
BKG-003930,SES-071567,USR-00604,EXP-0277,2025-01-24,2025-02-04,2,100.21,0.12,email,desktop,completed,176.37
BKG-003931,SES-071572,USR-00573,EXP-0289,2025-06-20,2025-06-27,3,62.2,0.0,organic,mobile,completed,186.6
BKG-003932,SES-071578,USR-00711,EXP-0101,2024-10-29,2024-11-09,3,29.27,0.11,paid_search,mobile,completed,78.15
BKG-003933,SES-071579,USR-05347,EXP-0068,2024-08-09,2024-08-26,3,103.34,0.0,organic,mobile,completed,310.02
BKG-003934,SES-071580,USR-02097,EXP-0231,2024-07-02,2024-07-18,1,59.39,0.0,paid_search,mobile,completed,59.39
BKG-003935,SES-071588,USR-02664,EXP-0070,2024-11-01,2024-11-13,2,76.17,0.0,paid_search,mobile,completed,152.34
BKG-003936,SES-071590,USR-07477,EXP-0099,2024-07-20,2024-08-07,2,86.49,0.0,paid_search,tablet,completed,172.98
BKG-003937,SES-071594,USR-05523,EXP-0235,2024-09-14,2024-09-17,2,57.21,0.0,organic,desktop,completed,114.42
BKG-003938,SES-071609,USR-07366,EXP-0268,2025-02-09,2025-02-18,2,76.69,0.0,affiliates,mobile,completed,153.38
BKG-003939,SES-071619,USR-03423,EXP-0198,2025-01-28,2025-02-13,2,79.58,0.0,referral,desktop,completed,159.16
BKG-003940,SES-071622,USR-02514,EXP-0228,2025-02-20,2025-04-25,3,152.97,0.0,affiliates,desktop,completed,458.91
BKG-003941,SES-071653,USR-03249,EXP-0066,2025-01-14,2025-01-26,4,50.64,0.0,organic,desktop,completed,202.56
BKG-003942,SES-071681,USR-01468,EXP-0134,2025-02-11,2025-02-20,3,44.71,0.0,email,desktop,completed,134.13
BKG-003943,SES-071687,USR-03870,EXP-0181,2025-03-07,2025-03-20,2,104.57,0.0,organic,mobile,completed,209.14
BKG-003944,SES-071714,USR-06492,EXP-0262,2025-04-05,2025-04-26,2,94.93,0.0,organic,mobile,completed,189.86
BKG-003945,SES-071747,USR-06101,EXP-0090,2025-06-21,2025-07-30,2,141.63,0.0,affiliates,desktop,completed,283.26
BKG-003946,SES-071777,USR-00441,EXP-0191,2025-06-29,2025-07-08,2,65.52,0.06,paid_search,desktop,completed,123.18
BKG-003947,SES-071789,USR-03223,EXP-0266,2025-01-21,2025-02-04,2,65.7,0.0,paid_search,mobile,completed,131.4
BKG-003948,SES-071801,USR-00518,EXP-0204,2024-07-29,2024-08-01,2,89.13,0.0,affiliates,desktop,completed,178.26
BKG-003949,SES-071807,USR-04974,EXP-0024,2025-06-19,2025-06-25,2,87.25,0.16,social,mobile,completed,146.58
BKG-003950,SES-071822,USR-04280,EXP-0022,2025-06-20,2025-07-04,1,76.89,0.0,organic,mobile,cancelled,76.89
BKG-003951,SES-071825,USR-03707,EXP-0254,2025-03-30,2025-05-01,5,187.93,0.0,paid_search,mobile,refunded,939.65
BKG-003952,SES-071829,USR-03067,EXP-0230,2024-07-11,2024-07-12,1,118.52,0.0,paid_search,mobile,completed,118.52
BKG-003953,SES-071852,USR-07841,EXP-0223,2025-02-19,2025-02-28,3,104.3,0.0,paid_search,mobile,completed,312.9
BKG-003954,SES-071889,USR-03805,EXP-0038,2025-05-07,2025-05-12,2,150.21,0.13,affiliates,mobile,completed,261.37
BKG-003955,SES-071910,USR-02728,EXP-0148,2024-10-01,2024-10-06,4,106.03,0.0,paid_search,desktop,completed,424.12
BKG-003956,SES-071966,USR-05128,EXP-0300,2025-06-20,2025-07-04,4,58.13,0.0,email,desktop,refunded,232.52
BKG-003957,SES-071987,USR-00926,EXP-0267,2024-08-15,2024-08-16,2,48.27,0.17,paid_search,desktop,refunded,80.13
BKG-003958,SES-071992,USR-01225,EXP-0290,2025-05-23,2025-05-27,1,162.41,0.13,paid_search,mobile,completed,141.3
BKG-003959,SES-072000,USR-03544,EXP-0068,2024-07-09,2024-07-11,6,108.92,0.06,paid_search,desktop,completed,614.31
BKG-003960,SES-072046,USR-03782,EXP-0015,2024-11-28,2024-12-09,2,35.17,0.07,paid_search,mobile,completed,65.42
BKG-003961,SES-072071,USR-04655,EXP-0044,2025-02-21,2025-02-24,3,204.47,0.0,organic,desktop,completed,613.41
BKG-003962,SES-072083,USR-05238,EXP-0295,2025-05-11,2025-05-15,3,46.62,0.15,paid_search,desktop,completed,118.88
BKG-003963,SES-072105,USR-05257,EXP-0096,2025-05-04,2025-06-17,1,118.53,0.0,paid_search,mobile,completed,118.53
BKG-003964,SES-072166,USR-03679,EXP-0243,2025-06-13,2025-07-03,2,76.36,0.0,organic,mobile,completed,152.72
BKG-003965,SES-072182,USR-03094,EXP-0204,2024-08-30,2024-09-01,2,74.71,0.0,paid_search,desktop,completed,149.42
BKG-003966,SES-072184,USR-02282,EXP-0188,2025-02-13,2025-02-18,2,41.37,0.0,email,desktop,completed,82.74
BKG-003967,SES-072195,USR-06152,EXP-0099,2024-09-19,2024-09-20,1,94.77,0.0,email,mobile,refunded,94.77
BKG-003968,SES-072198,USR-00370,EXP-0280,2025-06-09,2025-08-01,2,118.39,0.15,organic,desktop,completed,201.26
BKG-003969,SES-072231,USR-07121,EXP-0227,2024-11-05,2024-11-23,5,89.81,0.0,paid_search,desktop,completed,449.05
BKG-003970,SES-072274,USR-02275,EXP-0266,2024-12-02,2024-12-07,2,57.37,0.0,organic,mobile,completed,114.74
BKG-003971,SES-072276,USR-02674,EXP-0058,2025-04-06,2025-04-07,3,159.29,0.15,organic,mobile,completed,406.19
BKG-003972,SES-072318,USR-00229,EXP-0033,2024-08-20,2024-09-02,2,77.89,0.0,paid_search,tablet,completed,155.78
BKG-003973,SES-072398,USR-04867,EXP-0021,2024-07-30,2024-07-31,2,90.75,0.16,affiliates,desktop,completed,152.46
BKG-003974,SES-072403,USR-06042,EXP-0113,2025-02-18,2025-02-23,3,139.47,0.0,social,desktop,completed,418.41
BKG-003975,SES-072434,USR-02309,EXP-0256,2024-11-14,2024-12-14,1,35.77,0.16,email,mobile,completed,30.05
BKG-003976,SES-072456,USR-05090,EXP-0131,2024-09-19,2024-09-28,4,79.57,0.16,paid_search,mobile,completed,267.36
BKG-003977,SES-072458,USR-07514,EXP-0131,2025-02-17,2025-02-18,4,76.07,0.1,paid_search,desktop,completed,273.85
BKG-003978,SES-072461,USR-00166,EXP-0087,2025-02-02,2025-03-01,2,153.3,0.17,social,mobile,completed,254.48
BKG-003979,SES-072471,USR-03898,EXP-0232,2024-11-21,2024-12-03,1,52.17,0.07,paid_search,mobile,completed,48.52
BKG-003980,SES-072488,USR-05383,EXP-0251,2025-03-20,2025-03-24,6,80.63,0.0,social,desktop,completed,483.78
BKG-003981,SES-072490,USR-02503,EXP-0069,2025-01-01,2025-01-10,3,118.34,0.0,organic,desktop,completed,355.02
BKG-003982,SES-072511,USR-05462,EXP-0007,2024-10-30,2024-11-05,2,141.33,0.0,organic,desktop,completed,282.66
BKG-003983,SES-072528,USR-02172,EXP-0151,2025-03-21,2025-03-26,2,64.79,0.0,referral,mobile,completed,129.58
BKG-003984,SES-072541,USR-05761,EXP-0300,2025-01-13,2025-01-25,1,66.13,0.0,affiliates,desktop,completed,66.13
BKG-003985,SES-072546,USR-05582,EXP-0102,2024-11-11,2024-11-28,3,48.16,0.08,referral,mobile,completed,132.92
BKG-003986,SES-072580,USR-07074,EXP-0186,2025-02-13,2025-02-26,3,53.04,0.0,organic,desktop,completed,159.12
BKG-003987,SES-072608,USR-01522,EXP-0249,2025-05-30,2025-06-12,2,223.11,0.0,paid_search,desktop,completed,446.22
BKG-003988,SES-072618,USR-04728,EXP-0117,2024-08-11,2024-08-22,1,102.12,0.0,email,desktop,completed,102.12
BKG-003989,SES-072655,USR-04722,EXP-0040,2025-04-01,2025-04-02,2,177.69,0.08,paid_search,mobile,completed,326.95
BKG-003990,SES-072669,USR-07583,EXP-0093,2024-12-11,2024-12-12,1,48.62,0.0,organic,mobile,completed,48.62
BKG-003991,SES-072680,USR-00637,EXP-0017,2025-05-29,2025-06-02,6,85.51,0.1,paid_search,mobile,refunded,461.75
BKG-003992,SES-072681,USR-05781,EXP-0184,2025-05-17,2025-05-28,2,66.35,0.0,paid_search,mobile,completed,132.7
BKG-003993,SES-072691,USR-06325,EXP-0147,2024-07-19,2024-07-24,2,31.26,0.0,affiliates,mobile,completed,62.52
BKG-003994,SES-072693,USR-02419,EXP-0071,2025-03-15,2025-04-26,1,56.33,0.0,social,mobile,completed,56.33
BKG-003995,SES-072720,USR-03079,EXP-0288,2024-09-23,2024-10-12,6,72.59,0.0,paid_search,mobile,completed,435.54
BKG-003996,SES-072722,USR-03946,EXP-0074,2024-07-28,2024-08-30,3,145.5,0.12,paid_search,desktop,completed,384.12
BKG-003997,SES-072753,USR-07361,EXP-0185,2025-05-16,2025-05-28,4,97.61,0.11,referral,mobile,completed,347.49
BKG-003998,SES-072771,USR-01010,EXP-0132,2025-01-20,2025-01-25,1,103.29,0.0,organic,mobile,completed,103.29
BKG-003999,SES-072779,USR-06790,EXP-0217,2024-11-28,2024-12-01,5,51.0,0.0,social,mobile,completed,255.0
BKG-004000,SES-072790,USR-05352,EXP-0084,2025-05-08,2025-05-18,2,62.87,0.0,organic,desktop,completed,125.74
BKG-004001,SES-072817,USR-06344,EXP-0212,2025-04-18,2025-04-30,1,55.61,0.0,paid_search,desktop,completed,55.61
BKG-004002,SES-072908,USR-05399,EXP-0011,2024-12-11,2025-01-14,2,71.15,0.11,organic,mobile,completed,126.65
BKG-004003,SES-072958,USR-03991,EXP-0002,2024-10-04,2024-10-05,5,29.62,0.0,paid_search,desktop,completed,148.1
BKG-004004,SES-072963,USR-05870,EXP-0172,2024-09-26,2024-10-07,1,57.98,0.0,organic,mobile,completed,57.98
BKG-004005,SES-072988,USR-05528,EXP-0254,2025-06-09,2025-06-30,1,198.14,0.0,paid_search,mobile,completed,198.14
BKG-004006,SES-072993,USR-04860,EXP-0055,2024-08-10,2024-08-13,2,64.2,0.06,affiliates,mobile,cancelled,120.7
BKG-004007,SES-072994,USR-00411,EXP-0014,2025-06-20,2025-06-22,2,112.62,0.2,referral,desktop,completed,180.19
BKG-004008,SES-072996,USR-02646,EXP-0063,2024-08-27,2024-08-28,2,101.24,0.0,paid_search,desktop,completed,202.48
BKG-004009,SES-073011,USR-06694,EXP-0025,2024-08-07,2024-09-16,1,44.57,0.0,referral,mobile,completed,44.57
BKG-004010,SES-073020,USR-00782,EXP-0114,2025-01-04,2025-01-06,2,32.08,0.19,paid_search,mobile,completed,51.97
BKG-004011,SES-073046,USR-00312,EXP-0186,2024-12-12,2025-01-23,2,56.99,0.0,paid_search,mobile,completed,113.98
BKG-004012,SES-073048,USR-03124,EXP-0269,2024-12-14,2025-01-11,2,64.07,0.0,organic,desktop,completed,128.14
BKG-004013,SES-073052,USR-03038,EXP-0247,2025-04-30,2025-06-28,3,120.16,0.0,paid_search,mobile,cancelled,360.48
BKG-004014,SES-073053,USR-04487,EXP-0013,2024-09-22,2024-09-23,2,86.33,0.0,paid_search,desktop,completed,172.66
BKG-004015,SES-073060,USR-00503,EXP-0283,2025-05-23,2025-06-17,2,153.12,0.0,paid_search,mobile,completed,306.24
BKG-004016,SES-073062,USR-05140,EXP-0041,2025-01-04,2025-01-08,3,26.3,0.17,paid_search,mobile,completed,65.49
BKG-004017,SES-073089,USR-07994,EXP-0250,2024-07-16,2024-07-28,4,51.95,0.0,paid_search,desktop,completed,207.8
BKG-004018,SES-073103,USR-01184,EXP-0093,2025-02-20,2025-03-27,4,48.34,0.15,referral,tablet,completed,164.36
BKG-004019,SES-073109,USR-06390,EXP-0111,2025-05-28,2025-06-10,2,107.07,0.0,organic,mobile,completed,214.14
BKG-004020,SES-073130,USR-03839,EXP-0214,2025-04-13,2025-05-09,2,73.47,0.16,paid_search,desktop,completed,123.43
BKG-004021,SES-073132,USR-00382,EXP-0003,2024-09-17,2024-09-19,4,95.81,0.0,email,tablet,completed,383.24
BKG-004022,SES-073181,USR-03987,EXP-0281,2025-02-22,2025-02-24,1,39.79,0.0,organic,desktop,cancelled,39.79
BKG-004023,SES-073223,USR-00991,EXP-0198,2024-12-16,2024-12-28,2,68.39,0.1,email,desktop,completed,123.1
BKG-004024,SES-073229,USR-05725,EXP-0097,2024-12-21,2024-12-22,2,87.08,0.0,paid_search,mobile,completed,174.16
BKG-004025,SES-073230,USR-06501,EXP-0096,2025-04-27,2025-05-06,2,115.47,0.0,paid_search,mobile,completed,230.94
BKG-004026,SES-073243,USR-01733,EXP-0145,2024-09-11,2024-09-30,2,128.32,0.12,paid_search,mobile,completed,225.84
BKG-004027,SES-073251,USR-07768,EXP-0235,2024-11-30,2024-12-01,3,51.59,0.0,email,desktop,completed,154.77
BKG-004028,SES-073255,USR-03265,EXP-0176,2024-08-06,2024-08-13,6,62.88,0.11,affiliates,desktop,completed,335.78
BKG-004029,SES-073265,USR-00259,EXP-0037,2024-12-01,2024-12-26,2,89.94,0.0,paid_search,desktop,completed,179.88
BKG-004030,SES-073340,USR-04474,EXP-0214,2024-11-29,2024-12-16,2,76.72,0.0,organic,mobile,completed,153.44
BKG-004031,SES-073375,USR-02432,EXP-0118,2025-02-01,2025-02-03,2,46.12,0.12,organic,mobile,completed,81.17
BKG-004032,SES-073381,USR-04376,EXP-0081,2024-09-03,2024-09-11,2,96.91,0.0,paid_search,desktop,completed,193.82
BKG-004033,SES-073395,USR-06429,EXP-0136,2024-10-12,2024-10-19,2,49.6,0.0,paid_search,tablet,completed,99.2
BKG-004034,SES-073401,USR-00829,EXP-0230,2024-09-24,2024-10-10,2,119.25,0.0,organic,mobile,completed,238.5
BKG-004035,SES-073409,USR-07429,EXP-0118,2024-11-30,2024-12-09,2,56.6,0.0,paid_search,desktop,completed,113.2
BKG-004036,SES-073422,USR-04943,EXP-0047,2024-07-26,2024-08-02,1,133.17,0.12,organic,mobile,completed,117.19
BKG-004037,SES-073430,USR-01627,EXP-0117,2024-08-16,2024-08-21,2,118.97,0.15,paid_search,mobile,cancelled,202.25
BKG-004038,SES-073443,USR-02378,EXP-0112,2024-08-01,2024-08-17,3,55.14,0.0,affiliates,tablet,completed,165.42
BKG-004039,SES-073463,USR-04297,EXP-0185,2024-07-13,2024-07-15,2,97.67,0.0,paid_search,desktop,completed,195.34
BKG-004040,SES-073495,USR-06980,EXP-0205,2024-11-29,2024-12-03,4,120.58,0.0,paid_search,mobile,completed,482.32
BKG-004041,SES-073506,USR-01280,EXP-0228,2025-01-06,2025-01-29,2,152.46,0.09,referral,desktop,completed,277.48
BKG-004042,SES-073531,USR-04183,EXP-0158,2024-12-17,2024-12-20,6,53.3,0.0,email,desktop,completed,319.8
BKG-004043,SES-073537,USR-07452,EXP-0040,2024-08-26,2024-09-21,1,178.55,0.0,organic,desktop,completed,178.55
BKG-004044,SES-073554,USR-06634,EXP-0112,2025-04-03,2025-04-20,1,44.27,0.12,paid_search,desktop,completed,38.96
BKG-004045,SES-073573,USR-06801,EXP-0245,2025-04-12,2025-05-01,1,141.57,0.0,email,desktop,completed,141.57
BKG-004046,SES-073575,USR-00567,EXP-0208,2024-07-04,2024-07-19,1,57.4,0.11,paid_search,desktop,completed,51.09
BKG-004047,SES-073599,USR-07356,EXP-0016,2025-06-13,2025-06-23,2,107.29,0.0,referral,tablet,completed,214.58
BKG-004048,SES-073611,USR-06466,EXP-0259,2025-05-29,2025-06-17,2,108.76,0.19,paid_search,mobile,completed,176.19
BKG-004049,SES-073665,USR-05574,EXP-0090,2025-05-04,2025-06-01,2,130.89,0.0,paid_search,mobile,cancelled,261.78
BKG-004050,SES-073666,USR-06314,EXP-0054,2025-01-09,2025-01-11,2,63.76,0.0,social,desktop,completed,127.52
BKG-004051,SES-073668,USR-03345,EXP-0295,2025-01-22,2025-01-24,4,48.87,0.0,organic,mobile,completed,195.48
BKG-004052,SES-073670,USR-01009,EXP-0175,2025-03-12,2025-03-21,3,77.19,0.0,paid_search,mobile,completed,231.57
BKG-004053,SES-073699,USR-03577,EXP-0117,2024-07-27,2024-08-06,2,105.81,0.17,paid_search,mobile,completed,175.64
BKG-004054,SES-073760,USR-01594,EXP-0015,2024-11-27,2024-12-22,3,36.93,0.0,affiliates,mobile,completed,110.79
BKG-004055,SES-073816,USR-06023,EXP-0183,2024-08-17,2024-09-08,2,24.23,0.0,organic,desktop,completed,48.46
BKG-004056,SES-073821,USR-03450,EXP-0236,2024-08-04,2024-08-16,1,121.77,0.0,organic,mobile,completed,121.77
BKG-004057,SES-073829,USR-06070,EXP-0120,2024-07-13,2024-07-25,5,88.39,0.09,social,desktop,refunded,402.17
BKG-004058,SES-073835,USR-06051,EXP-0226,2024-08-04,2024-08-07,2,126.21,0.08,email,desktop,completed,232.23
BKG-004059,SES-073875,USR-02551,EXP-0299,2024-09-16,2024-09-28,3,113.08,0.14,paid_search,mobile,completed,291.75
BKG-004060,SES-073891,USR-01067,EXP-0287,2024-08-21,2024-09-07,1,80.24,0.0,email,desktop,completed,80.24
BKG-004061,SES-073907,USR-03619,EXP-0127,2024-07-11,2024-07-27,1,65.85,0.0,paid_search,tablet,completed,65.85
BKG-004062,SES-073913,USR-07292,EXP-0170,2024-09-19,2024-09-21,2,185.07,0.19,paid_search,desktop,completed,299.81
BKG-004063,SES-073943,USR-02172,EXP-0295,2025-04-23,2025-04-29,2,47.57,0.0,affiliates,desktop,completed,95.14
BKG-004064,SES-073971,USR-05486,EXP-0033,2024-11-19,2024-12-21,2,78.65,0.0,paid_search,mobile,refunded,157.3
BKG-004065,SES-074046,USR-03124,EXP-0083,2024-10-30,2024-11-03,2,91.22,0.0,organic,mobile,refunded,182.44
BKG-004066,SES-074073,USR-02736,EXP-0134,2024-09-22,2024-10-26,6,44.75,0.18,organic,mobile,completed,220.17
BKG-004067,SES-074083,USR-03028,EXP-0064,2025-06-07,2025-06-10,3,72.15,0.13,paid_search,desktop,completed,188.31
BKG-004068,SES-074093,USR-00416,EXP-0107,2025-05-15,2025-05-16,1,30.71,0.0,affiliates,mobile,completed,30.71
BKG-004069,SES-074166,USR-01487,EXP-0241,2024-08-18,2024-08-21,2,135.53,0.0,organic,desktop,completed,271.06
BKG-004070,SES-074174,USR-03462,EXP-0017,2024-07-22,2024-07-23,2,77.52,0.0,paid_search,mobile,cancelled,155.04
BKG-004071,SES-074215,USR-07876,EXP-0183,2025-05-03,2025-05-05,2,25.58,0.15,paid_search,tablet,completed,43.49
BKG-004072,SES-074222,USR-02814,EXP-0033,2024-07-16,2024-07-23,4,80.9,0.0,organic,mobile,completed,323.6
BKG-004073,SES-074273,USR-05715,EXP-0026,2025-03-30,2025-04-06,2,26.17,0.14,paid_search,desktop,completed,45.01
BKG-004074,SES-074287,USR-00001,EXP-0206,2025-03-01,2025-03-02,2,72.99,0.0,affiliates,mobile,completed,145.98
BKG-004075,SES-074292,USR-07103,EXP-0187,2025-01-17,2025-01-24,1,45.02,0.0,organic,desktop,completed,45.02
BKG-004076,SES-074319,USR-00045,EXP-0249,2025-01-23,2025-01-30,2,214.99,0.2,organic,desktop,completed,343.98
BKG-004077,SES-074320,USR-07423,EXP-0053,2025-05-23,2025-05-30,1,36.52,0.2,organic,desktop,completed,29.22
BKG-004078,SES-074327,USR-04145,EXP-0064,2025-05-09,2025-05-20,2,65.51,0.0,paid_search,mobile,completed,131.02
BKG-004079,SES-074341,USR-07502,EXP-0272,2025-01-09,2025-01-13,2,90.94,0.0,referral,desktop,completed,181.88
BKG-004080,SES-074380,USR-05750,EXP-0050,2025-01-02,2025-01-13,2,73.17,0.08,paid_search,desktop,cancelled,134.63
BKG-004081,SES-074381,USR-04585,EXP-0189,2025-04-03,2025-04-14,2,90.42,0.0,affiliates,desktop,cancelled,180.84
BKG-004082,SES-074392,USR-05855,EXP-0150,2025-05-09,2025-05-11,4,89.84,0.0,affiliates,desktop,completed,359.36
BKG-004083,SES-074408,USR-04751,EXP-0174,2025-04-18,2025-04-29,1,89.16,0.0,organic,desktop,completed,89.16
BKG-004084,SES-074423,USR-03125,EXP-0049,2025-04-27,2025-05-07,1,111.02,0.0,organic,mobile,completed,111.02
BKG-004085,SES-074448,USR-00937,EXP-0007,2025-01-26,2025-02-05,6,129.64,0.0,affiliates,mobile,completed,777.84
BKG-004086,SES-074461,USR-01801,EXP-0158,2025-04-21,2025-05-06,3,52.14,0.18,paid_search,mobile,completed,128.26
BKG-004087,SES-074464,USR-00665,EXP-0257,2024-12-03,2024-12-04,2,108.97,0.0,paid_search,desktop,completed,217.94
BKG-004088,SES-074483,USR-01499,EXP-0240,2024-11-02,2024-11-12,5,100.62,0.0,paid_search,mobile,refunded,503.1
BKG-004089,SES-074495,USR-00402,EXP-0076,2024-09-15,2024-09-19,2,74.66,0.0,organic,mobile,completed,149.32
BKG-004090,SES-074553,USR-04253,EXP-0084,2024-09-02,2024-09-08,2,68.83,0.0,paid_search,mobile,completed,137.66
BKG-004091,SES-074566,USR-01611,EXP-0265,2024-10-16,2024-11-07,1,62.83,0.15,affiliates,mobile,completed,53.41
BKG-004092,SES-074567,USR-04678,EXP-0035,2024-09-26,2024-10-07,2,133.42,0.0,organic,mobile,completed,266.84
BKG-004093,SES-074569,USR-04226,EXP-0165,2024-07-15,2024-07-28,2,54.05,0.0,organic,desktop,completed,108.1
BKG-004094,SES-074578,USR-01427,EXP-0222,2024-12-23,2024-12-26,1,36.31,0.0,social,desktop,refunded,36.31
BKG-004095,SES-074585,USR-05858,EXP-0138,2024-07-11,2024-07-19,2,57.03,0.0,email,desktop,completed,114.06
BKG-004096,SES-074598,USR-04064,EXP-0181,2025-03-15,2025-03-20,1,103.03,0.1,affiliates,desktop,completed,92.73
BKG-004097,SES-074599,USR-05317,EXP-0258,2025-05-15,2025-06-09,2,131.23,0.0,organic,mobile,completed,262.46
BKG-004098,SES-074609,USR-04293,EXP-0073,2025-05-19,2025-05-28,5,84.83,0.0,email,desktop,completed,424.15
BKG-004099,SES-074617,USR-07865,EXP-0263,2025-01-04,2025-01-29,1,62.55,0.0,organic,desktop,completed,62.55
BKG-004100,SES-074649,USR-00448,EXP-0277,2024-10-22,2024-10-29,1,121.87,0.1,affiliates,mobile,completed,109.68
BKG-004101,SES-074703,USR-00994,EXP-0208,2024-09-27,2024-10-29,1,69.5,0.0,organic,mobile,completed,69.5
BKG-004102,SES-074705,USR-04869,EXP-0048,2024-10-21,2024-11-13,2,98.55,0.0,email,desktop,completed,197.1
BKG-004103,SES-074712,USR-07955,EXP-0083,2025-02-12,2025-02-13,3,88.47,0.16,social,mobile,completed,222.94
BKG-004104,SES-074720,USR-06060,EXP-0228,2025-04-30,2025-05-15,1,156.11,0.0,paid_search,desktop,completed,156.11
BKG-004105,SES-074726,USR-07269,EXP-0245,2024-10-23,2024-10-26,1,126.86,0.11,referral,desktop,completed,112.91
BKG-004106,SES-074732,USR-05080,EXP-0265,2025-01-31,2025-02-13,2,56.34,0.0,organic,desktop,completed,112.68
BKG-004107,SES-074735,USR-07050,EXP-0054,2025-04-23,2025-05-02,2,70.45,0.0,social,mobile,completed,140.9
BKG-004108,SES-074752,USR-01417,EXP-0211,2025-01-01,2025-01-02,2,92.74,0.0,referral,desktop,completed,185.48
BKG-004109,SES-074766,USR-03653,EXP-0073,2025-06-16,2025-06-17,2,90.96,0.1,social,desktop,completed,163.73
BKG-004110,SES-074771,USR-04022,EXP-0264,2024-11-17,2024-11-25,2,131.99,0.0,paid_search,desktop,completed,263.98
BKG-004111,SES-074773,USR-04698,EXP-0237,2024-12-12,2024-12-25,4,70.43,0.0,affiliates,desktop,completed,281.72
BKG-004112,SES-074777,USR-03884,EXP-0099,2025-02-17,2025-02-19,2,84.03,0.0,affiliates,desktop,refunded,168.06
BKG-004113,SES-074791,USR-04554,EXP-0043,2024-07-23,2024-07-24,3,31.47,0.0,paid_search,mobile,cancelled,94.41
BKG-004114,SES-074817,USR-05217,EXP-0224,2024-12-05,2024-12-24,3,75.05,0.0,paid_search,mobile,completed,225.15
BKG-004115,SES-074820,USR-05423,EXP-0040,2025-06-26,2025-07-09,4,170.71,0.08,affiliates,mobile,completed,628.21
BKG-004116,SES-074821,USR-04763,EXP-0205,2024-07-02,2024-07-05,2,125.45,0.0,paid_search,mobile,completed,250.9
BKG-004117,SES-074827,USR-01259,EXP-0121,2025-03-14,2025-04-01,2,101.48,0.0,affiliates,mobile,completed,202.96
BKG-004118,SES-074830,USR-07247,EXP-0037,2025-01-02,2025-01-17,2,84.95,0.0,organic,desktop,completed,169.9
BKG-004119,SES-074853,USR-05214,EXP-0161,2025-03-20,2025-04-11,2,169.38,0.0,affiliates,desktop,completed,338.76
BKG-004120,SES-074860,USR-07608,EXP-0103,2024-08-27,2024-10-05,3,76.23,0.18,paid_search,mobile,completed,187.53
BKG-004121,SES-074866,USR-03882,EXP-0250,2025-01-17,2025-01-24,2,47.68,0.0,organic,mobile,completed,95.36
BKG-004122,SES-074886,USR-05618,EXP-0132,2025-01-24,2025-02-04,2,107.98,0.0,social,desktop,completed,215.96
BKG-004123,SES-074901,USR-03251,EXP-0025,2024-11-08,2024-12-11,2,45.84,0.0,referral,desktop,completed,91.68
BKG-004124,SES-074910,USR-05054,EXP-0222,2024-11-19,2024-12-10,2,36.58,0.0,social,desktop,completed,73.16
BKG-004125,SES-074940,USR-02881,EXP-0145,2024-08-09,2024-08-14,1,129.34,0.0,organic,mobile,cancelled,129.34
BKG-004126,SES-074958,USR-03143,EXP-0029,2025-01-25,2025-02-23,4,73.82,0.0,organic,desktop,cancelled,295.28
BKG-004127,SES-074959,USR-03343,EXP-0270,2024-11-01,2024-11-12,3,83.95,0.07,paid_search,mobile,completed,234.22
BKG-004128,SES-074973,USR-04683,EXP-0015,2024-07-13,2024-07-15,2,31.91,0.0,paid_search,desktop,completed,63.82
BKG-004129,SES-075007,USR-07732,EXP-0229,2024-09-05,2024-09-12,4,82.75,0.0,referral,tablet,completed,331.0
BKG-004130,SES-075057,USR-01091,EXP-0005,2024-12-23,2025-01-25,2,68.85,0.0,referral,mobile,completed,137.7
BKG-004131,SES-075065,USR-05632,EXP-0055,2025-01-14,2025-01-20,2,64.13,0.0,email,desktop,cancelled,128.26
BKG-004132,SES-075067,USR-05644,EXP-0167,2024-11-11,2024-11-18,2,78.68,0.0,organic,desktop,completed,157.36
BKG-004133,SES-075075,USR-01933,EXP-0053,2024-12-01,2024-12-24,2,43.48,0.0,paid_search,mobile,cancelled,86.96
BKG-004134,SES-075078,USR-06628,EXP-0108,2024-10-08,2024-10-14,3,63.37,0.05,email,mobile,completed,180.6
BKG-004135,SES-075084,USR-00674,EXP-0267,2024-07-13,2024-07-15,2,48.01,0.1,affiliates,mobile,cancelled,86.42
BKG-004136,SES-075107,USR-03786,EXP-0249,2025-06-14,2025-06-22,2,210.67,0.1,organic,mobile,completed,379.21
BKG-004137,SES-075115,USR-01126,EXP-0231,2025-02-11,2025-02-22,1,67.49,0.0,affiliates,desktop,completed,67.49
BKG-004138,SES-075120,USR-02306,EXP-0103,2025-02-03,2025-02-04,3,87.54,0.0,paid_search,desktop,refunded,262.62
BKG-004139,SES-075123,USR-04454,EXP-0093,2025-06-08,2025-06-10,1,49.03,0.0,affiliates,desktop,completed,49.03
BKG-004140,SES-075132,USR-04829,EXP-0143,2024-12-16,2024-12-17,1,97.3,0.0,organic,mobile,completed,97.3
BKG-004141,SES-075175,USR-04982,EXP-0238,2024-12-19,2025-01-04,1,70.5,0.0,social,mobile,completed,70.5
BKG-004142,SES-075178,USR-00434,EXP-0193,2025-01-19,2025-01-31,1,89.93,0.0,organic,mobile,cancelled,89.93
BKG-004143,SES-075184,USR-04662,EXP-0249,2025-05-07,2025-05-30,2,203.0,0.0,affiliates,mobile,completed,406.0
BKG-004144,SES-075196,USR-01667,EXP-0104,2025-03-10,2025-04-01,1,146.5,0.17,paid_search,desktop,completed,121.6
BKG-004145,SES-075237,USR-06819,EXP-0251,2024-11-03,2024-11-17,2,91.17,0.0,paid_search,tablet,completed,182.34
BKG-004146,SES-075246,USR-00286,EXP-0021,2025-05-31,2025-06-10,3,79.53,0.11,paid_search,desktop,completed,212.35
BKG-004147,SES-075273,USR-05779,EXP-0201,2024-09-14,2024-09-19,4,77.1,0.11,organic,tablet,cancelled,274.48
BKG-004148,SES-075290,USR-07149,EXP-0073,2024-07-19,2024-08-08,3,88.86,0.19,paid_search,mobile,completed,215.93
BKG-004149,SES-075310,USR-07757,EXP-0203,2024-12-15,2024-12-24,4,127.56,0.19,paid_search,mobile,completed,413.29
BKG-004150,SES-075317,USR-07381,EXP-0046,2024-07-27,2024-09-26,2,177.94,0.0,affiliates,desktop,completed,355.88
BKG-004151,SES-075330,USR-06269,EXP-0075,2024-08-21,2024-08-22,3,92.08,0.0,paid_search,desktop,completed,276.24
BKG-004152,SES-075353,USR-01339,EXP-0213,2024-10-03,2024-10-10,5,93.92,0.0,social,mobile,completed,469.6
BKG-004153,SES-075367,USR-03690,EXP-0284,2025-01-30,2025-02-08,5,196.18,0.0,organic,desktop,completed,980.9
BKG-004154,SES-075413,USR-04363,EXP-0285,2024-09-23,2024-10-04,3,39.25,0.13,organic,mobile,cancelled,102.44
BKG-004155,SES-075481,USR-07371,EXP-0109,2024-09-21,2024-09-29,2,74.98,0.14,referral,desktop,completed,128.97
BKG-004156,SES-075482,USR-04107,EXP-0017,2025-03-06,2025-04-12,3,83.89,0.0,email,desktop,completed,251.67
BKG-004157,SES-075496,USR-04418,EXP-0278,2024-08-17,2024-08-21,5,59.26,0.0,affiliates,desktop,completed,296.3
BKG-004158,SES-075508,USR-01960,EXP-0280,2025-06-27,2025-07-14,4,122.29,0.0,paid_search,desktop,completed,489.16
BKG-004159,SES-075521,USR-04832,EXP-0127,2024-11-14,2024-12-09,2,67.66,0.0,paid_search,mobile,completed,135.32
BKG-004160,SES-075526,USR-06697,EXP-0095,2025-06-07,2025-06-26,1,136.06,0.0,affiliates,desktop,completed,136.06
BKG-004161,SES-075544,USR-02157,EXP-0016,2024-07-27,2024-08-10,2,98.57,0.0,organic,mobile,completed,197.14
BKG-004162,SES-075578,USR-05705,EXP-0193,2025-03-19,2025-03-25,2,85.93,0.0,referral,mobile,completed,171.86
BKG-004163,SES-075583,USR-07321,EXP-0064,2025-05-24,2025-06-05,3,82.62,0.0,organic,desktop,completed,247.86
BKG-004164,SES-075593,USR-03451,EXP-0075,2024-10-21,2024-11-05,1,93.42,0.13,paid_search,desktop,completed,81.28
BKG-004165,SES-075615,USR-04444,EXP-0009,2025-06-07,2025-06-25,4,57.39,0.0,organic,desktop,completed,229.56
BKG-004166,SES-075623,USR-01841,EXP-0027,2025-05-13,2025-06-03,2,184.18,0.0,affiliates,mobile,completed,368.36
BKG-004167,SES-075625,USR-06112,EXP-0205,2024-12-20,2024-12-22,3,124.58,0.13,referral,mobile,completed,325.15
BKG-004168,SES-075642,USR-05235,EXP-0136,2024-12-31,2025-01-07,3,43.9,0.0,paid_search,mobile,completed,131.7
BKG-004169,SES-075650,USR-03194,EXP-0292,2024-11-11,2024-11-15,1,93.88,0.0,social,mobile,completed,93.88
BKG-004170,SES-075677,USR-05330,EXP-0085,2025-06-22,2025-06-25,2,194.34,0.0,email,desktop,completed,388.68
BKG-004171,SES-075690,USR-05360,EXP-0074,2025-06-16,2025-07-05,5,172.88,0.0,paid_search,mobile,completed,864.4
BKG-004172,SES-075737,USR-01604,EXP-0123,2025-03-02,2025-03-03,3,99.25,0.15,affiliates,desktop,completed,253.09
BKG-004173,SES-075770,USR-01561,EXP-0189,2025-04-29,2025-05-04,2,82.14,0.0,affiliates,mobile,completed,164.28
BKG-004174,SES-075800,USR-03812,EXP-0047,2025-05-16,2025-05-30,2,152.74,0.0,social,desktop,cancelled,305.48
BKG-004175,SES-075828,USR-03430,EXP-0162,2024-10-25,2024-11-09,1,64.65,0.09,organic,desktop,completed,58.83
BKG-004176,SES-075835,USR-06905,EXP-0187,2025-04-24,2025-05-19,2,48.06,0.0,paid_search,tablet,completed,96.12
BKG-004177,SES-075857,USR-04839,EXP-0088,2024-11-11,2024-12-08,2,60.45,0.0,social,mobile,completed,120.9
BKG-004178,SES-075882,USR-03456,EXP-0066,2025-05-01,2025-05-14,2,54.96,0.0,paid_search,mobile,completed,109.92
BKG-004179,SES-075900,USR-04198,EXP-0047,2025-05-25,2025-07-06,1,121.39,0.0,organic,desktop,completed,121.39
BKG-004180,SES-075907,USR-02463,EXP-0213,2024-10-21,2024-10-22,2,96.48,0.11,paid_search,desktop,completed,171.73
BKG-004181,SES-075946,USR-02546,EXP-0218,2024-10-17,2024-10-24,3,53.07,0.0,social,mobile,completed,159.21
BKG-004182,SES-075955,USR-05916,EXP-0100,2024-07-29,2024-08-11,6,125.78,0.0,email,desktop,completed,754.68
BKG-004183,SES-076029,USR-00707,EXP-0163,2024-07-06,2024-08-04,6,44.13,0.0,organic,mobile,completed,264.78
BKG-004184,SES-076035,USR-00258,EXP-0106,2024-11-23,2024-12-09,2,141.39,0.0,social,mobile,completed,282.78
BKG-004185,SES-076044,USR-04398,EXP-0190,2025-03-10,2025-03-12,4,75.6,0.0,organic,desktop,completed,302.4
BKG-004186,SES-076064,USR-05815,EXP-0273,2024-10-18,2024-10-29,6,36.31,0.17,paid_search,desktop,completed,180.82
BKG-004187,SES-076087,USR-06933,EXP-0260,2024-07-30,2024-08-01,1,51.08,0.0,organic,mobile,completed,51.08
BKG-004188,SES-076167,USR-01838,EXP-0021,2025-04-09,2025-04-14,4,97.08,0.0,organic,mobile,completed,388.32
BKG-004189,SES-076183,USR-04288,EXP-0156,2024-09-06,2024-09-20,2,53.08,0.0,organic,mobile,completed,106.16
BKG-004190,SES-076191,USR-05999,EXP-0297,2024-12-17,2025-01-18,6,93.01,0.0,organic,mobile,completed,558.06
BKG-004191,SES-076209,USR-03275,EXP-0042,2024-08-05,2024-08-18,2,143.9,0.0,organic,mobile,completed,287.8
BKG-004192,SES-076211,USR-02852,EXP-0246,2024-11-06,2024-11-14,2,144.09,0.0,referral,mobile,completed,288.18
BKG-004193,SES-076213,USR-06120,EXP-0039,2024-08-24,2024-09-10,3,65.61,0.0,paid_search,mobile,completed,196.83
BKG-004194,SES-076225,USR-07398,EXP-0232,2024-12-08,2024-12-12,2,54.68,0.0,affiliates,mobile,completed,109.36
BKG-004195,SES-076239,USR-03280,EXP-0078,2024-11-09,2024-11-22,3,44.28,0.0,referral,mobile,completed,132.84
BKG-004196,SES-076244,USR-05773,EXP-0110,2024-09-12,2024-09-14,2,131.4,0.0,organic,desktop,completed,262.8
BKG-004197,SES-076248,USR-03043,EXP-0103,2024-08-03,2024-08-19,2,79.69,0.0,paid_search,mobile,completed,159.38
BKG-004198,SES-076262,USR-00708,EXP-0052,2024-12-03,2024-12-04,4,66.93,0.0,paid_search,mobile,completed,267.72
BKG-004199,SES-076269,USR-00942,EXP-0057,2025-06-27,2025-06-28,2,92.74,0.13,paid_search,mobile,completed,161.37
BKG-004200,SES-076288,USR-02228,EXP-0298,2024-10-25,2024-11-02,2,83.15,0.0,paid_search,mobile,completed,166.3
BKG-004201,SES-076314,USR-01336,EXP-0113,2025-02-12,2025-02-13,2,123.85,0.13,affiliates,mobile,completed,215.5
BKG-004202,SES-076323,USR-00596,EXP-0285,2025-04-11,2025-05-05,2,39.89,0.05,paid_search,desktop,completed,75.79
BKG-004203,SES-076349,USR-07288,EXP-0155,2025-02-12,2025-02-20,3,66.69,0.0,paid_search,desktop,completed,200.07
BKG-004204,SES-076355,USR-03701,EXP-0209,2025-02-01,2025-02-06,1,85.17,0.0,organic,desktop,completed,85.17
BKG-004205,SES-076357,USR-06614,EXP-0180,2024-11-10,2024-11-26,1,190.92,0.05,referral,mobile,completed,181.37
BKG-004206,SES-076373,USR-07910,EXP-0029,2025-02-09,2025-03-03,4,78.86,0.0,organic,mobile,completed,315.44
BKG-004207,SES-076439,USR-02171,EXP-0241,2024-09-27,2024-10-04,2,124.03,0.07,social,mobile,completed,230.7
BKG-004208,SES-076483,USR-02951,EXP-0225,2025-05-03,2025-05-11,1,145.4,0.15,social,desktop,completed,123.59
BKG-004209,SES-076500,USR-04918,EXP-0032,2024-11-07,2024-12-10,6,78.85,0.0,affiliates,desktop,completed,473.1
BKG-004210,SES-076505,USR-04824,EXP-0149,2024-09-26,2024-10-11,3,67.81,0.1,email,desktop,completed,183.09
BKG-004211,SES-076518,USR-02241,EXP-0104,2024-09-08,2024-09-29,5,140.32,0.0,organic,desktop,completed,701.6
BKG-004212,SES-076528,USR-00431,EXP-0206,2025-01-02,2025-01-11,2,69.71,0.0,organic,tablet,completed,139.42
BKG-004213,SES-076573,USR-06955,EXP-0089,2025-05-26,2025-05-28,1,76.36,0.0,paid_search,mobile,completed,76.36
BKG-004214,SES-076577,USR-06428,EXP-0183,2025-05-30,2025-06-22,5,24.97,0.0,paid_search,desktop,completed,124.85
BKG-004215,SES-076613,USR-03719,EXP-0047,2025-05-21,2025-05-22,3,134.56,0.0,paid_search,desktop,refunded,403.68
BKG-004216,SES-076621,USR-03704,EXP-0114,2025-02-01,2025-02-07,2,35.05,0.0,referral,mobile,completed,70.1
BKG-004217,SES-076664,USR-06570,EXP-0028,2024-08-24,2024-08-28,3,62.94,0.0,paid_search,tablet,completed,188.82
BKG-004218,SES-076672,USR-06415,EXP-0064,2024-10-11,2024-10-25,4,70.51,0.0,paid_search,mobile,completed,282.04
BKG-004219,SES-076689,USR-04861,EXP-0197,2024-08-01,2024-08-17,3,82.85,0.0,referral,desktop,cancelled,248.55
BKG-004220,SES-076741,USR-03536,EXP-0255,2025-04-09,2025-04-14,3,89.02,0.0,referral,desktop,completed,267.06
BKG-004221,SES-076767,USR-07769,EXP-0018,2024-11-02,2024-11-06,4,62.35,0.17,referral,tablet,cancelled,207.0
BKG-004222,SES-076805,USR-07240,EXP-0179,2024-10-06,2024-10-12,2,41.96,0.07,referral,mobile,completed,78.05
BKG-004223,SES-076811,USR-04629,EXP-0069,2025-04-13,2025-04-25,1,98.12,0.0,social,desktop,completed,98.12
BKG-004224,SES-076848,USR-00664,EXP-0122,2025-02-12,2025-03-04,3,107.03,0.0,social,desktop,completed,321.09
BKG-004225,SES-076881,USR-00098,EXP-0048,2024-09-30,2024-10-09,2,101.32,0.07,paid_search,desktop,completed,188.46
BKG-004226,SES-076892,USR-03807,EXP-0182,2025-06-12,2025-06-17,6,64.18,0.08,organic,mobile,completed,354.27
BKG-004227,SES-076894,USR-06217,EXP-0282,2025-06-02,2025-07-30,2,171.86,0.19,email,desktop,completed,278.41
BKG-004228,SES-076909,USR-02332,EXP-0273,2024-10-25,2024-10-27,2,38.71,0.05,paid_search,mobile,completed,73.55
BKG-004229,SES-076911,USR-02300,EXP-0029,2025-05-29,2025-07-05,2,78.93,0.0,paid_search,desktop,completed,157.86
BKG-004230,SES-076928,USR-07784,EXP-0282,2024-07-13,2024-07-17,4,204.62,0.0,paid_search,mobile,completed,818.48
BKG-004231,SES-076953,USR-00509,EXP-0017,2025-02-27,2025-03-24,3,85.04,0.0,paid_search,tablet,completed,255.12
BKG-004232,SES-076961,USR-02809,EXP-0113,2025-05-22,2025-05-26,3,124.98,0.12,paid_search,mobile,completed,329.95
BKG-004233,SES-076971,USR-04496,EXP-0145,2025-02-04,2025-02-09,2,134.8,0.12,social,mobile,completed,237.25
BKG-004234,SES-077007,USR-07955,EXP-0081,2024-07-10,2024-07-22,1,93.79,0.0,paid_search,desktop,completed,93.79
BKG-004235,SES-077012,USR-02552,EXP-0257,2025-03-07,2025-03-22,5,100.93,0.0,organic,desktop,completed,504.65
BKG-004236,SES-077015,USR-06380,EXP-0218,2024-12-28,2025-01-02,3,51.13,0.0,affiliates,desktop,cancelled,153.39
BKG-004237,SES-077026,USR-07178,EXP-0188,2024-08-01,2024-08-15,2,41.89,0.0,email,desktop,completed,83.78
BKG-004238,SES-077031,USR-07841,EXP-0271,2025-05-14,2025-05-21,4,103.16,0.0,social,desktop,completed,412.64
BKG-004239,SES-077040,USR-06130,EXP-0125,2024-07-25,2024-07-29,3,50.07,0.0,paid_search,desktop,completed,150.21
BKG-004240,SES-077050,USR-00489,EXP-0257,2025-04-17,2025-07-06,2,94.01,0.0,affiliates,desktop,completed,188.02
BKG-004241,SES-077112,USR-07601,EXP-0138,2024-09-12,2024-10-02,4,63.05,0.17,email,desktop,completed,209.33
BKG-004242,SES-077121,USR-00192,EXP-0138,2024-08-17,2024-08-31,2,58.37,0.0,paid_search,desktop,completed,116.74
BKG-004243,SES-077141,USR-01530,EXP-0158,2024-10-10,2024-10-21,2,47.71,0.08,paid_search,mobile,completed,87.79
BKG-004244,SES-077143,USR-06087,EXP-0050,2024-10-02,2024-10-03,2,77.62,0.11,affiliates,desktop,completed,138.16
BKG-004245,SES-077148,USR-03642,EXP-0192,2025-04-26,2025-05-08,5,60.24,0.0,paid_search,desktop,cancelled,301.2
BKG-004246,SES-077168,USR-07430,EXP-0110,2025-02-09,2025-02-11,3,134.52,0.0,paid_search,desktop,completed,403.56
BKG-004247,SES-077173,USR-02171,EXP-0290,2024-10-12,2024-10-15,2,177.21,0.0,paid_search,desktop,completed,354.42
BKG-004248,SES-077174,USR-03922,EXP-0142,2025-04-16,2025-04-24,2,83.31,0.13,organic,desktop,completed,144.96
BKG-004249,SES-077190,USR-04930,EXP-0239,2025-01-01,2025-01-13,3,151.41,0.0,social,desktop,completed,454.23
BKG-004250,SES-077237,USR-05214,EXP-0043,2025-01-29,2025-03-01,2,32.84,0.0,affiliates,desktop,completed,65.68
BKG-004251,SES-077244,USR-07882,EXP-0257,2025-05-21,2025-05-26,3,108.52,0.12,email,mobile,cancelled,286.49
BKG-004252,SES-077282,USR-06640,EXP-0182,2024-12-16,2024-12-25,6,64.04,0.0,organic,desktop,completed,384.24
BKG-004253,SES-077327,USR-06559,EXP-0262,2024-09-20,2024-09-30,2,101.01,0.18,paid_search,desktop,cancelled,165.66
BKG-004254,SES-077328,USR-05813,EXP-0002,2024-07-06,2024-08-24,1,30.18,0.0,organic,mobile,completed,30.18
BKG-004255,SES-077356,USR-01981,EXP-0121,2025-02-20,2025-03-06,2,113.73,0.16,social,mobile,completed,191.07
BKG-004256,SES-077364,USR-04172,EXP-0278,2025-03-06,2025-03-26,4,65.87,0.0,referral,mobile,completed,263.48
BKG-004257,SES-077369,USR-07873,EXP-0011,2025-04-27,2025-05-08,2,74.27,0.0,referral,mobile,completed,148.54
BKG-004258,SES-077422,USR-06943,EXP-0283,2024-08-04,2024-08-08,5,152.01,0.1,organic,mobile,completed,684.04
BKG-004259,SES-077423,USR-05639,EXP-0269,2025-05-31,2025-06-04,1,59.18,0.0,email,tablet,completed,59.18
BKG-004260,SES-077429,USR-04187,EXP-0182,2024-12-13,2024-12-17,1,65.2,0.0,organic,desktop,completed,65.2
BKG-004261,SES-077455,USR-07922,EXP-0098,2024-08-01,2024-08-22,2,78.65,0.0,organic,desktop,refunded,157.3
BKG-004262,SES-077500,USR-02225,EXP-0146,2025-03-10,2025-03-19,2,50.05,0.0,paid_search,mobile,completed,100.1
BKG-004263,SES-077504,USR-04542,EXP-0163,2025-06-06,2025-07-12,3,50.96,0.0,affiliates,mobile,completed,152.88
BKG-004264,SES-077506,USR-06089,EXP-0017,2024-07-11,2024-08-10,6,81.82,0.0,paid_search,desktop,completed,490.92
BKG-004265,SES-077507,USR-03922,EXP-0180,2024-09-19,2024-10-12,2,206.85,0.09,paid_search,desktop,completed,376.47
BKG-004266,SES-077525,USR-03324,EXP-0204,2025-04-20,2025-04-23,4,75.38,0.07,paid_search,desktop,completed,280.41
BKG-004267,SES-077551,USR-04178,EXP-0104,2025-03-03,2025-03-12,5,153.05,0.0,organic,desktop,completed,765.25
BKG-004268,SES-077567,USR-01694,EXP-0151,2024-11-30,2024-12-07,3,56.11,0.0,affiliates,mobile,completed,168.33
BKG-004269,SES-077590,USR-02260,EXP-0246,2025-01-18,2025-02-22,1,141.63,0.0,paid_search,mobile,completed,141.63
BKG-004270,SES-077594,USR-01468,EXP-0195,2025-04-12,2025-04-18,2,77.48,0.0,organic,mobile,completed,154.96
BKG-004271,SES-077607,USR-06276,EXP-0122,2024-08-19,2024-09-26,2,97.06,0.0,affiliates,mobile,completed,194.12
BKG-004272,SES-077734,USR-07925,EXP-0148,2025-02-09,2025-02-16,2,102.22,0.08,referral,mobile,completed,188.08
BKG-004273,SES-077790,USR-07046,EXP-0217,2025-02-28,2025-03-03,2,45.99,0.0,referral,mobile,completed,91.98
BKG-004274,SES-077815,USR-04471,EXP-0157,2024-09-23,2024-09-26,2,104.21,0.11,affiliates,desktop,completed,185.49
BKG-004275,SES-077824,USR-04123,EXP-0272,2024-12-23,2025-02-08,2,100.23,0.0,social,mobile,completed,200.46
BKG-004276,SES-077835,USR-02453,EXP-0220,2025-03-15,2025-03-25,2,39.32,0.0,referral,desktop,completed,78.64
BKG-004277,SES-077851,USR-01091,EXP-0063,2024-11-30,2024-12-05,2,114.95,0.0,affiliates,desktop,completed,229.9
BKG-004278,SES-077874,USR-00540,EXP-0072,2025-03-12,2025-03-17,2,78.71,0.0,paid_search,tablet,completed,157.42
BKG-004279,SES-077986,USR-07122,EXP-0023,2025-02-10,2025-03-13,2,42.24,0.13,affiliates,mobile,completed,73.5
BKG-004280,SES-078039,USR-05404,EXP-0135,2024-12-04,2024-12-26,2,74.52,0.12,organic,desktop,completed,131.16
BKG-004281,SES-078071,USR-01727,EXP-0216,2025-06-29,2025-07-24,3,90.17,0.07,organic,desktop,completed,251.57
BKG-004282,SES-078115,USR-07842,EXP-0113,2024-09-01,2024-09-18,3,143.0,0.0,organic,mobile,completed,429.0
BKG-004283,SES-078117,USR-05868,EXP-0217,2024-08-17,2024-09-08,4,49.46,0.0,organic,mobile,completed,197.84
BKG-004284,SES-078161,USR-04529,EXP-0169,2025-01-27,2025-01-31,4,81.66,0.0,email,mobile,completed,326.64
BKG-004285,SES-078181,USR-07676,EXP-0022,2024-10-19,2024-11-03,2,72.26,0.12,social,mobile,completed,127.18
BKG-004286,SES-078182,USR-07575,EXP-0281,2025-04-08,2025-04-23,1,41.66,0.0,paid_search,mobile,completed,41.66
BKG-004287,SES-078208,USR-01487,EXP-0016,2024-12-14,2024-12-17,4,99.08,0.0,social,desktop,completed,396.32
BKG-004288,SES-078230,USR-05475,EXP-0142,2024-10-04,2024-10-08,2,87.16,0.0,affiliates,mobile,completed,174.32
BKG-004289,SES-078270,USR-02621,EXP-0003,2025-01-19,2025-01-28,1,102.13,0.0,paid_search,mobile,completed,102.13
BKG-004290,SES-078305,USR-06336,EXP-0136,2024-09-08,2024-09-12,2,44.79,0.0,email,mobile,cancelled,89.58
BKG-004291,SES-078329,USR-03397,EXP-0182,2024-11-02,2024-11-11,2,65.04,0.0,affiliates,desktop,cancelled,130.08
BKG-004292,SES-078332,USR-07241,EXP-0161,2025-04-22,2025-04-29,3,163.42,0.18,paid_search,desktop,completed,402.01
BKG-004293,SES-078376,USR-01566,EXP-0258,2024-07-14,2024-07-26,2,132.43,0.0,organic,desktop,completed,264.86
BKG-004294,SES-078383,USR-04913,EXP-0002,2024-08-07,2024-08-15,3,32.27,0.19,affiliates,mobile,cancelled,78.42
BKG-004295,SES-078384,USR-06998,EXP-0159,2025-04-12,2025-04-16,2,61.83,0.0,organic,mobile,cancelled,123.66
BKG-004296,SES-078385,USR-07905,EXP-0164,2025-04-26,2025-05-31,2,76.41,0.18,affiliates,mobile,completed,125.31
BKG-004297,SES-078400,USR-05157,EXP-0255,2025-01-03,2025-03-10,1,86.05,0.0,email,mobile,completed,86.05
BKG-004298,SES-078402,USR-00570,EXP-0105,2025-05-30,2025-06-07,2,74.85,0.0,referral,desktop,completed,149.7
BKG-004299,SES-078403,USR-03490,EXP-0247,2024-11-06,2024-11-21,2,126.74,0.0,paid_search,mobile,cancelled,253.48
BKG-004300,SES-078420,USR-06415,EXP-0043,2024-12-30,2025-01-13,1,36.02,0.0,affiliates,desktop,completed,36.02
BKG-004301,SES-078433,USR-01812,EXP-0048,2025-04-14,2025-04-17,2,95.27,0.0,email,desktop,completed,190.54
BKG-004302,SES-078476,USR-04215,EXP-0106,2024-08-14,2024-08-29,2,133.64,0.0,paid_search,mobile,completed,267.28
BKG-004303,SES-078497,USR-01201,EXP-0179,2025-05-05,2025-05-13,2,37.6,0.0,social,mobile,completed,75.2
BKG-004304,SES-078506,USR-07968,EXP-0064,2025-06-04,2025-06-21,3,73.3,0.16,paid_search,mobile,cancelled,184.72
BKG-004305,SES-078517,USR-04657,EXP-0299,2025-05-29,2025-05-30,4,114.44,0.0,organic,desktop,completed,457.76
BKG-004306,SES-078528,USR-01068,EXP-0277,2025-02-15,2025-03-04,2,107.94,0.0,organic,tablet,completed,215.88
BKG-004307,SES-078557,USR-06189,EXP-0185,2025-06-23,2025-07-08,3,98.96,0.15,affiliates,mobile,completed,252.35
BKG-004308,SES-078617,USR-05301,EXP-0240,2025-06-03,2025-06-12,2,85.77,0.0,social,desktop,completed,171.54
BKG-004309,SES-078669,USR-07026,EXP-0066,2024-09-20,2024-09-25,2,54.99,0.0,organic,mobile,completed,109.98
BKG-004310,SES-078692,USR-05710,EXP-0175,2025-03-15,2025-03-17,2,81.72,0.08,referral,mobile,completed,150.36
BKG-004311,SES-078701,USR-00402,EXP-0258,2025-04-16,2025-04-17,2,135.82,0.06,affiliates,desktop,completed,255.34
BKG-004312,SES-078705,USR-00138,EXP-0077,2025-03-16,2025-03-28,2,136.2,0.0,referral,desktop,cancelled,272.4
BKG-004313,SES-078734,USR-03592,EXP-0086,2024-10-13,2024-10-14,2,32.69,0.0,organic,mobile,completed,65.38
BKG-004314,SES-078745,USR-04976,EXP-0032,2025-06-14,2025-06-18,4,81.88,0.0,paid_search,mobile,completed,327.52
BKG-004315,SES-078754,USR-01645,EXP-0247,2024-10-11,2024-10-19,4,128.85,0.0,referral,desktop,completed,515.4
BKG-004316,SES-078775,USR-03092,EXP-0227,2024-10-12,2024-10-19,2,84.78,0.17,affiliates,mobile,completed,140.73
BKG-004317,SES-078783,USR-07846,EXP-0146,2024-08-11,2024-08-22,2,51.01,0.0,paid_search,desktop,completed,102.02
BKG-004318,SES-078788,USR-02167,EXP-0162,2025-05-13,2025-06-15,2,65.17,0.19,affiliates,tablet,cancelled,105.58
BKG-004319,SES-078795,USR-03530,EXP-0135,2024-11-29,2024-12-01,2,80.39,0.0,paid_search,desktop,completed,160.78
BKG-004320,SES-078798,USR-00079,EXP-0147,2025-02-07,2025-02-27,5,37.72,0.0,organic,desktop,completed,188.6
BKG-004321,SES-078804,USR-03336,EXP-0249,2025-04-29,2025-06-01,4,224.84,0.16,organic,mobile,completed,755.46
BKG-004322,SES-078825,USR-00842,EXP-0213,2025-05-18,2025-05-30,2,81.67,0.0,referral,desktop,completed,163.34
BKG-004323,SES-078828,USR-00618,EXP-0293,2024-12-05,2024-12-11,2,98.81,0.16,paid_search,desktop,completed,166.0
BKG-004324,SES-078834,USR-01858,EXP-0165,2025-06-13,2025-06-14,1,55.69,0.0,paid_search,mobile,completed,55.69
BKG-004325,SES-078843,USR-00560,EXP-0282,2024-07-30,2024-08-09,1,187.22,0.19,affiliates,desktop,completed,151.65
BKG-004326,SES-078860,USR-04791,EXP-0082,2024-09-12,2024-10-21,3,150.97,0.0,referral,desktop,completed,452.91
BKG-004327,SES-078866,USR-00310,EXP-0138,2024-11-01,2024-11-08,2,60.44,0.16,paid_search,desktop,completed,101.54
BKG-004328,SES-078867,USR-03878,EXP-0150,2025-05-02,2025-05-16,2,84.3,0.0,email,desktop,completed,168.6
BKG-004329,SES-078876,USR-03075,EXP-0133,2025-06-17,2025-06-29,2,86.44,0.0,paid_search,desktop,completed,172.88
BKG-004330,SES-078886,USR-03086,EXP-0027,2024-08-02,2024-08-22,1,203.16,0.0,paid_search,mobile,cancelled,203.16
BKG-004331,SES-078889,USR-06715,EXP-0244,2025-02-18,2025-03-08,2,115.74,0.0,paid_search,desktop,completed,231.48
BKG-004332,SES-078895,USR-06274,EXP-0023,2024-09-22,2024-11-09,2,37.98,0.0,email,mobile,completed,75.96
BKG-004333,SES-078915,USR-00090,EXP-0031,2024-12-30,2025-01-20,4,62.19,0.11,social,desktop,completed,221.4
BKG-004334,SES-078962,USR-03589,EXP-0106,2025-03-16,2025-03-23,4,132.98,0.0,referral,mobile,completed,531.92
BKG-004335,SES-078974,USR-00967,EXP-0140,2025-05-03,2025-05-12,6,143.67,0.0,paid_search,desktop,completed,862.02
BKG-004336,SES-079006,USR-06514,EXP-0287,2024-12-26,2024-12-27,1,81.57,0.0,organic,desktop,completed,81.57
BKG-004337,SES-079038,USR-01594,EXP-0052,2025-03-15,2025-03-30,1,75.7,0.15,organic,desktop,completed,64.34
BKG-004338,SES-079041,USR-02561,EXP-0009,2025-01-26,2025-01-27,2,52.9,0.0,affiliates,mobile,completed,105.8
BKG-004339,SES-079043,USR-03296,EXP-0152,2024-07-03,2024-08-05,2,190.5,0.18,affiliates,mobile,completed,312.42
BKG-004340,SES-079047,USR-05062,EXP-0187,2024-09-25,2024-10-01,3,51.32,0.06,referral,desktop,completed,144.72
BKG-004341,SES-079066,USR-01256,EXP-0122,2025-06-22,2025-07-27,2,105.6,0.0,referral,tablet,completed,211.2
BKG-004342,SES-079098,USR-07325,EXP-0053,2024-10-29,2024-11-23,2,39.33,0.16,paid_search,mobile,cancelled,66.07
BKG-004343,SES-079101,USR-04877,EXP-0238,2024-11-29,2024-12-07,2,75.77,0.0,organic,desktop,completed,151.54
BKG-004344,SES-079130,USR-04641,EXP-0029,2025-06-12,2025-06-16,2,81.85,0.0,referral,mobile,completed,163.7
BKG-004345,SES-079173,USR-06756,EXP-0249,2024-10-15,2024-10-20,6,201.33,0.13,referral,mobile,completed,1050.94
BKG-004346,SES-079205,USR-05123,EXP-0071,2025-03-18,2025-03-26,2,52.02,0.0,social,desktop,completed,104.04
BKG-004347,SES-079241,USR-04429,EXP-0012,2024-07-28,2024-08-07,2,74.68,0.2,organic,mobile,completed,119.49
BKG-004348,SES-079243,USR-05727,EXP-0074,2024-07-11,2024-07-26,2,137.66,0.0,paid_search,mobile,completed,275.32
BKG-004349,SES-079268,USR-07978,EXP-0227,2024-09-06,2024-10-09,2,89.02,0.14,referral,desktop,completed,153.11
BKG-004350,SES-079301,USR-06540,EXP-0240,2024-09-10,2024-09-18,1,96.28,0.0,social,mobile,completed,96.28
BKG-004351,SES-079314,USR-07187,EXP-0252,2024-12-01,2024-12-11,5,88.78,0.14,paid_search,mobile,completed,381.75
BKG-004352,SES-079334,USR-06753,EXP-0266,2024-09-26,2024-09-29,2,64.01,0.13,social,tablet,cancelled,111.38
BKG-004353,SES-079367,USR-04046,EXP-0056,2025-03-16,2025-03-21,2,34.22,0.0,affiliates,mobile,completed,68.44
BKG-004354,SES-079418,USR-05763,EXP-0077,2025-06-15,2025-06-22,2,150.38,0.11,organic,desktop,refunded,267.68
BKG-004355,SES-079419,USR-07403,EXP-0290,2024-12-05,2024-12-23,2,182.08,0.0,organic,mobile,completed,364.16
BKG-004356,SES-079421,USR-04393,EXP-0293,2025-02-09,2025-02-28,2,98.12,0.17,referral,desktop,completed,162.88
BKG-004357,SES-079434,USR-01214,EXP-0135,2025-04-01,2025-06-30,4,80.1,0.14,paid_search,mobile,completed,275.54
BKG-004358,SES-079444,USR-02590,EXP-0002,2024-07-07,2024-07-14,1,30.67,0.0,affiliates,mobile,completed,30.67
BKG-004359,SES-079448,USR-01974,EXP-0135,2024-11-14,2024-11-16,2,82.27,0.0,affiliates,desktop,completed,164.54
BKG-004360,SES-079465,USR-06991,EXP-0023,2025-04-24,2025-05-13,1,38.87,0.0,paid_search,desktop,completed,38.87
BKG-004361,SES-079475,USR-04172,EXP-0059,2024-11-23,2024-11-28,3,30.81,0.0,social,mobile,completed,92.43
BKG-004362,SES-079538,USR-07124,EXP-0276,2025-01-07,2025-03-24,4,107.5,0.0,affiliates,mobile,completed,430.0
BKG-004363,SES-079542,USR-03315,EXP-0234,2024-07-11,2024-07-15,1,89.57,0.08,paid_search,mobile,completed,82.4
BKG-004364,SES-079545,USR-00815,EXP-0297,2024-09-25,2024-09-27,3,86.33,0.0,organic,desktop,completed,258.99
BKG-004365,SES-079551,USR-06600,EXP-0052,2025-05-23,2025-05-28,2,73.25,0.0,organic,desktop,completed,146.5
BKG-004366,SES-079568,USR-06170,EXP-0251,2024-07-13,2024-07-24,4,85.81,0.15,paid_search,mobile,cancelled,291.75
BKG-004367,SES-079580,USR-06779,EXP-0187,2024-11-11,2024-11-24,2,43.93,0.0,affiliates,mobile,cancelled,87.86
BKG-004368,SES-079581,USR-01708,EXP-0262,2024-07-16,2024-08-16,2,99.11,0.0,paid_search,mobile,completed,198.22
BKG-004369,SES-079638,USR-05129,EXP-0294,2024-11-23,2024-12-10,1,77.52,0.16,paid_search,mobile,completed,65.12
BKG-004370,SES-079642,USR-00467,EXP-0095,2025-06-26,2025-06-29,2,142.96,0.0,paid_search,mobile,completed,285.92
BKG-004371,SES-079668,USR-01459,EXP-0173,2025-01-04,2025-02-12,1,63.1,0.19,affiliates,mobile,completed,51.11
BKG-004372,SES-079670,USR-07179,EXP-0149,2024-10-18,2024-11-21,2,58.96,0.1,paid_search,desktop,completed,106.13
BKG-004373,SES-079687,USR-05649,EXP-0186,2024-10-08,2024-10-26,3,52.87,0.06,referral,mobile,completed,149.09
BKG-004374,SES-079719,USR-03833,EXP-0081,2024-08-30,2024-09-02,2,101.67,0.0,affiliates,desktop,completed,203.34
BKG-004375,SES-079744,USR-05864,EXP-0141,2025-05-25,2025-06-13,3,44.33,0.1,paid_search,desktop,completed,119.69
BKG-004376,SES-079758,USR-00851,EXP-0044,2024-08-07,2024-08-08,2,228.43,0.09,organic,desktop,completed,415.74
BKG-004377,SES-079767,USR-02524,EXP-0033,2025-02-23,2025-02-25,1,76.58,0.0,organic,desktop,completed,76.58
BKG-004378,SES-079769,USR-03835,EXP-0116,2025-01-13,2025-01-23,2,86.54,0.19,paid_search,desktop,completed,140.19
BKG-004379,SES-079799,USR-00372,EXP-0029,2025-02-27,2025-03-14,4,85.28,0.0,email,desktop,completed,341.12
BKG-004380,SES-079807,USR-06287,EXP-0041,2025-01-12,2025-01-15,2,32.67,0.0,affiliates,mobile,completed,65.34
BKG-004381,SES-079839,USR-01405,EXP-0161,2024-07-07,2024-08-02,2,170.97,0.0,affiliates,mobile,completed,341.94
BKG-004382,SES-079844,USR-06927,EXP-0151,2024-08-08,2024-09-02,1,58.28,0.0,organic,desktop,completed,58.28
BKG-004383,SES-079852,USR-00897,EXP-0040,2024-12-16,2025-01-04,2,166.0,0.0,affiliates,desktop,completed,332.0
BKG-004384,SES-079872,USR-02535,EXP-0058,2024-12-23,2024-12-30,3,154.49,0.14,paid_search,tablet,completed,398.58
BKG-004385,SES-079899,USR-06660,EXP-0020,2025-05-27,2025-06-14,4,116.7,0.0,organic,desktop,completed,466.8
BKG-004386,SES-079907,USR-00284,EXP-0139,2025-02-07,2025-02-08,4,100.18,0.0,email,mobile,cancelled,400.72
BKG-004387,SES-079909,USR-02769,EXP-0083,2024-09-17,2024-09-23,1,93.94,0.19,referral,tablet,completed,76.09
BKG-004388,SES-079923,USR-01871,EXP-0007,2025-04-28,2025-05-12,2,122.59,0.17,organic,desktop,completed,203.5
BKG-004389,SES-079942,USR-01848,EXP-0176,2025-04-05,2025-05-01,2,62.5,0.0,organic,desktop,completed,125.0
BKG-004390,SES-079951,USR-05597,EXP-0126,2024-08-24,2024-09-05,3,70.56,0.14,organic,desktop,completed,182.04
BKG-004391,SES-080015,USR-01078,EXP-0234,2024-12-01,2024-12-11,2,91.15,0.12,paid_search,mobile,completed,160.42
BKG-004392,SES-080023,USR-02934,EXP-0179,2024-12-24,2024-12-27,3,40.45,0.15,paid_search,mobile,completed,103.15
BKG-004393,SES-080053,USR-01693,EXP-0051,2025-03-18,2025-03-19,3,31.53,0.0,affiliates,desktop,completed,94.59
BKG-004394,SES-080084,USR-02289,EXP-0231,2024-07-21,2024-09-03,4,66.17,0.09,email,desktop,completed,240.86
BKG-004395,SES-080096,USR-05047,EXP-0182,2024-10-18,2024-10-30,2,64.51,0.0,paid_search,desktop,completed,129.02
BKG-004396,SES-080118,USR-03175,EXP-0009,2024-09-19,2024-09-21,2,62.96,0.0,referral,desktop,completed,125.92
BKG-004397,SES-080131,USR-03574,EXP-0072,2024-10-16,2024-10-18,2,99.37,0.0,paid_search,tablet,completed,198.74
BKG-004398,SES-080144,USR-03993,EXP-0270,2025-06-03,2025-06-08,4,81.89,0.0,referral,desktop,completed,327.56
BKG-004399,SES-080155,USR-03535,EXP-0102,2024-11-23,2024-12-28,3,57.67,0.0,paid_search,desktop,completed,173.01
BKG-004400,SES-080223,USR-07045,EXP-0003,2024-09-05,2024-09-07,2,86.72,0.0,affiliates,mobile,completed,173.44
BKG-004401,SES-080251,USR-02282,EXP-0055,2024-10-23,2024-11-02,2,73.6,0.0,organic,mobile,completed,147.2
BKG-004402,SES-080297,USR-01429,EXP-0292,2024-08-13,2024-08-17,3,103.59,0.0,paid_search,desktop,completed,310.77
BKG-004403,SES-080309,USR-04399,EXP-0089,2024-11-07,2024-11-08,2,71.44,0.08,paid_search,desktop,completed,131.45
BKG-004404,SES-080318,USR-01830,EXP-0015,2024-07-28,2024-08-16,5,31.04,0.0,paid_search,mobile,completed,155.2
BKG-004405,SES-080328,USR-01459,EXP-0011,2025-03-24,2025-05-09,3,80.25,0.0,social,desktop,completed,240.75
BKG-004406,SES-080344,USR-04839,EXP-0008,2025-04-09,2025-05-31,3,62.76,0.0,organic,desktop,completed,188.28
BKG-004407,SES-080357,USR-05776,EXP-0032,2025-04-05,2025-04-08,2,82.68,0.12,referral,mobile,completed,145.52
BKG-004408,SES-080370,USR-05243,EXP-0138,2025-01-09,2025-01-15,2,64.59,0.0,email,mobile,completed,129.18
BKG-004409,SES-080395,USR-06688,EXP-0045,2025-03-31,2025-04-07,2,148.25,0.0,referral,mobile,completed,296.5
BKG-004410,SES-080425,USR-04220,EXP-0216,2024-08-13,2024-09-04,2,86.47,0.06,referral,desktop,completed,162.56
BKG-004411,SES-080428,USR-06335,EXP-0161,2025-06-01,2025-06-06,2,150.65,0.0,paid_search,mobile,completed,301.3
BKG-004412,SES-080461,USR-06747,EXP-0119,2025-05-17,2025-06-02,2,97.28,0.1,referral,mobile,completed,175.1
BKG-004413,SES-080500,USR-06753,EXP-0117,2024-09-24,2024-10-06,2,111.3,0.08,social,desktop,completed,204.79
BKG-004414,SES-080515,USR-01489,EXP-0250,2025-05-26,2025-06-07,2,45.06,0.0,paid_search,mobile,completed,90.12
BKG-004415,SES-080533,USR-03497,EXP-0214,2024-11-10,2024-11-23,3,75.32,0.0,paid_search,mobile,completed,225.96
BKG-004416,SES-080537,USR-00385,EXP-0042,2025-05-30,2025-06-20,2,113.55,0.0,paid_search,mobile,completed,227.1
BKG-004417,SES-080539,USR-05836,EXP-0184,2025-06-26,2025-07-02,2,67.02,0.0,paid_search,mobile,completed,134.04
BKG-004418,SES-080588,USR-04377,EXP-0228,2024-09-22,2024-10-30,2,149.26,0.0,organic,mobile,completed,298.52
BKG-004419,SES-080596,USR-07068,EXP-0018,2025-03-07,2025-03-12,3,60.97,0.0,social,mobile,completed,182.91
BKG-004420,SES-080611,USR-05033,EXP-0032,2024-12-26,2024-12-30,1,85.05,0.14,organic,mobile,completed,73.14
BKG-004421,SES-080619,USR-01691,EXP-0124,2025-03-23,2025-03-29,3,87.51,0.0,referral,mobile,completed,262.53
BKG-004422,SES-080640,USR-02490,EXP-0138,2024-10-04,2024-10-12,1,59.57,0.0,organic,mobile,completed,59.57
BKG-004423,SES-080654,USR-00117,EXP-0279,2024-12-05,2024-12-08,1,93.7,0.08,organic,desktop,completed,86.2
BKG-004424,SES-080679,USR-04406,EXP-0162,2025-06-25,2025-06-29,3,67.16,0.0,affiliates,mobile,completed,201.48
BKG-004425,SES-080722,USR-01062,EXP-0214,2025-05-10,2025-05-12,3,76.88,0.0,organic,mobile,completed,230.64
BKG-004426,SES-080776,USR-07352,EXP-0242,2024-11-10,2024-11-18,2,81.21,0.0,paid_search,desktop,completed,162.42
BKG-004427,SES-080811,USR-03602,EXP-0291,2024-07-14,2024-07-16,4,104.98,0.0,organic,mobile,completed,419.92
BKG-004428,SES-080816,USR-05870,EXP-0147,2025-02-27,2025-03-02,1,34.57,0.14,affiliates,desktop,completed,29.73
BKG-004429,SES-080824,USR-01952,EXP-0071,2025-04-27,2025-05-03,1,48.96,0.0,paid_search,mobile,completed,48.96
BKG-004430,SES-080848,USR-03962,EXP-0137,2025-06-21,2025-06-24,1,57.76,0.0,paid_search,desktop,refunded,57.76
BKG-004431,SES-080861,USR-05791,EXP-0249,2025-05-22,2025-05-24,1,219.55,0.0,paid_search,mobile,completed,219.55
BKG-004432,SES-080870,USR-00965,EXP-0071,2024-10-29,2024-12-30,3,51.6,0.0,referral,desktop,cancelled,154.8
BKG-004433,SES-080944,USR-04975,EXP-0192,2025-03-08,2025-03-15,3,57.82,0.0,organic,desktop,completed,173.46
BKG-004434,SES-081016,USR-05861,EXP-0020,2025-05-25,2025-06-30,2,125.88,0.0,organic,desktop,completed,251.76
BKG-004435,SES-081025,USR-03587,EXP-0049,2025-01-06,2025-01-17,2,131.34,0.09,paid_search,desktop,completed,239.04
BKG-004436,SES-081034,USR-01049,EXP-0296,2024-12-02,2024-12-05,1,63.92,0.0,email,desktop,completed,63.92
BKG-004437,SES-081040,USR-01934,EXP-0065,2025-02-26,2025-03-10,2,88.69,0.11,paid_search,desktop,completed,157.87
BKG-004438,SES-081051,USR-01193,EXP-0300,2024-09-13,2024-10-15,2,67.09,0.0,organic,mobile,completed,134.18
BKG-004439,SES-081091,USR-03381,EXP-0210,2025-02-11,2025-02-18,1,113.72,0.0,paid_search,desktop,completed,113.72
BKG-004440,SES-081113,USR-05470,EXP-0102,2025-02-18,2025-03-21,2,48.56,0.11,organic,tablet,completed,86.44
BKG-004441,SES-081148,USR-05291,EXP-0111,2025-04-23,2025-04-26,6,105.69,0.0,paid_search,desktop,completed,634.14
BKG-004442,SES-081160,USR-03505,EXP-0214,2024-08-04,2024-08-16,2,85.85,0.0,referral,mobile,completed,171.7
BKG-004443,SES-081165,USR-05597,EXP-0149,2024-11-06,2024-12-09,1,56.28,0.0,paid_search,desktop,completed,56.28
BKG-004444,SES-081167,USR-06400,EXP-0149,2025-02-08,2025-03-01,3,54.98,0.0,paid_search,mobile,completed,164.94
BKG-004445,SES-081196,USR-05271,EXP-0026,2025-03-17,2025-03-22,2,29.79,0.19,social,desktop,completed,48.26
BKG-004446,SES-081201,USR-00201,EXP-0256,2024-08-29,2024-10-04,4,33.72,0.0,paid_search,mobile,completed,134.88
BKG-004447,SES-081211,USR-00454,EXP-0280,2024-07-28,2024-08-16,3,131.11,0.19,organic,desktop,refunded,318.6
BKG-004448,SES-081212,USR-07698,EXP-0148,2024-09-10,2024-09-24,2,103.55,0.0,organic,mobile,completed,207.1
BKG-004449,SES-081256,USR-00732,EXP-0226,2024-09-27,2024-10-31,1,124.6,0.0,paid_search,desktop,completed,124.6
BKG-004450,SES-081262,USR-05294,EXP-0051,2025-02-23,2025-03-01,1,29.07,0.08,email,desktop,completed,26.74
BKG-004451,SES-081280,USR-01911,EXP-0010,2024-09-09,2024-09-12,1,49.61,0.0,social,mobile,completed,49.61
BKG-004452,SES-081282,USR-05204,EXP-0149,2024-09-18,2024-10-01,2,61.93,0.1,email,desktop,completed,111.47
BKG-004453,SES-081283,USR-00957,EXP-0105,2024-08-31,2024-09-03,4,75.54,0.0,referral,desktop,completed,302.16
BKG-004454,SES-081300,USR-03283,EXP-0030,2024-11-02,2024-11-04,3,114.08,0.0,organic,mobile,completed,342.24
BKG-004455,SES-081315,USR-02623,EXP-0088,2025-05-25,2025-06-02,2,60.17,0.0,referral,mobile,completed,120.34
BKG-004456,SES-081347,USR-00607,EXP-0139,2024-11-28,2024-11-30,2,101.68,0.0,social,mobile,completed,203.36
BKG-004457,SES-081362,USR-07703,EXP-0237,2025-05-29,2025-06-08,2,62.62,0.0,organic,mobile,refunded,125.24
BKG-004458,SES-081371,USR-04599,EXP-0160,2025-04-15,2025-04-22,2,88.92,0.0,organic,mobile,completed,177.84
BKG-004459,SES-081412,USR-07178,EXP-0150,2024-07-20,2024-08-26,1,98.1,0.0,email,desktop,cancelled,98.1
BKG-004460,SES-081416,USR-02950,EXP-0263,2024-11-10,2024-11-26,2,59.59,0.0,paid_search,tablet,completed,119.18
BKG-004461,SES-081434,USR-05931,EXP-0280,2025-05-07,2025-05-11,5,130.21,0.0,paid_search,desktop,completed,651.05
BKG-004462,SES-081483,USR-05531,EXP-0174,2024-11-22,2024-11-24,1,94.17,0.19,referral,desktop,cancelled,76.28
BKG-004463,SES-081502,USR-00943,EXP-0094,2024-07-02,2024-07-03,1,97.12,0.09,paid_search,desktop,refunded,88.38
BKG-004464,SES-081508,USR-06061,EXP-0024,2024-09-03,2024-09-10,1,96.08,0.12,organic,desktop,cancelled,84.55
BKG-004465,SES-081523,USR-00955,EXP-0148,2025-01-13,2025-01-22,1,102.13,0.0,email,desktop,completed,102.13
BKG-004466,SES-081528,USR-01367,EXP-0192,2024-12-22,2025-01-18,4,60.76,0.0,paid_search,desktop,completed,243.04
BKG-004467,SES-081541,USR-02939,EXP-0025,2024-08-02,2024-08-05,2,42.99,0.11,organic,mobile,completed,76.52
BKG-004468,SES-081582,USR-05892,EXP-0005,2024-07-19,2024-07-22,2,71.84,0.0,paid_search,desktop,refunded,143.68
BKG-004469,SES-081585,USR-02149,EXP-0048,2024-11-03,2024-11-05,3,107.19,0.0,email,mobile,completed,321.57
BKG-004470,SES-081604,USR-01789,EXP-0042,2024-09-10,2024-09-20,3,149.11,0.0,email,mobile,completed,447.33
BKG-004471,SES-081617,USR-00126,EXP-0060,2025-03-26,2025-04-03,6,98.28,0.09,organic,desktop,cancelled,536.61
BKG-004472,SES-081618,USR-01088,EXP-0236,2025-02-12,2025-02-16,3,116.24,0.0,organic,desktop,completed,348.72
BKG-004473,SES-081647,USR-01861,EXP-0003,2024-07-12,2024-07-21,1,91.91,0.0,paid_search,desktop,completed,91.91
BKG-004474,SES-081705,USR-07518,EXP-0179,2025-06-26,2025-06-27,2,35.27,0.11,referral,mobile,cancelled,62.78
BKG-004475,SES-081715,USR-07764,EXP-0200,2024-10-16,2024-10-20,4,98.27,0.0,affiliates,mobile,completed,393.08
BKG-004476,SES-081733,USR-06371,EXP-0098,2025-04-23,2025-04-26,2,95.38,0.0,paid_search,desktop,completed,190.76
BKG-004477,SES-081744,USR-02431,EXP-0028,2024-12-26,2025-01-07,3,56.65,0.15,affiliates,desktop,completed,144.46
BKG-004478,SES-081763,USR-00226,EXP-0265,2025-05-06,2025-05-18,2,58.59,0.09,email,desktop,completed,106.63
BKG-004479,SES-081764,USR-06506,EXP-0078,2024-12-02,2024-12-06,2,45.87,0.0,organic,mobile,completed,91.74
BKG-004480,SES-081827,USR-00889,EXP-0099,2025-03-05,2025-03-24,3,78.82,0.0,paid_search,desktop,completed,236.46
BKG-004481,SES-081836,USR-04226,EXP-0003,2024-11-16,2024-11-24,1,105.2,0.0,organic,desktop,completed,105.2
BKG-004482,SES-081840,USR-03587,EXP-0012,2024-11-09,2024-11-17,2,74.23,0.07,email,mobile,cancelled,138.07
BKG-004483,SES-081863,USR-01952,EXP-0087,2024-09-12,2024-10-04,2,147.43,0.16,referral,mobile,completed,247.68
BKG-004484,SES-081874,USR-07984,EXP-0158,2025-03-12,2025-04-15,1,51.47,0.0,paid_search,desktop,completed,51.47
BKG-004485,SES-081920,USR-03803,EXP-0031,2024-12-08,2024-12-29,2,60.68,0.09,email,desktop,completed,110.44
BKG-004486,SES-081936,USR-07611,EXP-0029,2025-06-19,2025-07-04,5,79.3,0.2,paid_search,mobile,completed,317.2
BKG-004487,SES-081955,USR-05037,EXP-0068,2024-07-10,2024-07-19,6,111.78,0.0,organic,mobile,completed,670.68
BKG-004488,SES-081960,USR-03995,EXP-0133,2024-09-02,2024-09-06,5,92.64,0.11,paid_search,mobile,completed,412.25
BKG-004489,SES-081970,USR-06276,EXP-0029,2024-12-01,2024-12-22,3,74.47,0.05,paid_search,mobile,completed,212.24
BKG-004490,SES-081975,USR-06162,EXP-0275,2024-08-07,2024-08-15,1,75.53,0.0,affiliates,mobile,completed,75.53
BKG-004491,SES-081981,USR-05598,EXP-0123,2025-03-18,2025-03-25,1,93.55,0.0,paid_search,tablet,cancelled,93.55
BKG-004492,SES-081988,USR-00826,EXP-0299,2024-09-21,2024-09-22,2,121.37,0.06,paid_search,desktop,completed,228.18
BKG-004493,SES-082052,USR-00392,EXP-0241,2025-04-20,2025-04-23,2,128.72,0.07,referral,desktop,completed,239.42
BKG-004494,SES-082065,USR-05828,EXP-0190,2025-02-01,2025-02-23,2,69.27,0.2,email,desktop,completed,110.83
BKG-004495,SES-082069,USR-00081,EXP-0174,2025-04-21,2025-04-29,2,104.05,0.0,affiliates,mobile,completed,208.1
BKG-004496,SES-082127,USR-06820,EXP-0299,2024-09-08,2024-09-15,1,120.68,0.1,affiliates,tablet,completed,108.61
BKG-004497,SES-082140,USR-00142,EXP-0009,2024-10-21,2024-10-25,2,59.39,0.0,organic,mobile,cancelled,118.78
BKG-004498,SES-082182,USR-00210,EXP-0256,2024-09-11,2024-09-12,5,32.27,0.0,paid_search,mobile,completed,161.35
BKG-004499,SES-082205,USR-01913,EXP-0285,2025-05-07,2025-06-01,2,40.41,0.0,paid_search,mobile,completed,80.82
BKG-004500,SES-082238,USR-06411,EXP-0060,2025-06-07,2025-06-15,2,96.76,0.06,social,desktop,completed,181.91
BKG-004501,SES-082240,USR-00101,EXP-0188,2025-05-29,2025-05-31,4,42.12,0.09,paid_search,mobile,completed,153.32
BKG-004502,SES-082243,USR-03013,EXP-0154,2025-01-02,2025-01-08,2,47.72,0.0,paid_search,desktop,completed,95.44
BKG-004503,SES-082265,USR-06985,EXP-0123,2024-10-14,2024-11-01,2,90.38,0.0,affiliates,mobile,completed,180.76
BKG-004504,SES-082269,USR-03830,EXP-0273,2024-10-22,2024-10-23,4,38.38,0.14,paid_search,desktop,completed,132.03
BKG-004505,SES-082274,USR-04801,EXP-0111,2024-07-20,2024-08-02,2,101.22,0.0,referral,desktop,completed,202.44
BKG-004506,SES-082308,USR-00535,EXP-0152,2024-10-29,2024-11-06,1,182.62,0.0,organic,desktop,completed,182.62
BKG-004507,SES-082324,USR-07761,EXP-0255,2024-07-24,2024-08-05,2,79.74,0.0,organic,mobile,completed,159.48
BKG-004508,SES-082326,USR-01258,EXP-0033,2024-08-24,2024-08-29,4,70.83,0.0,organic,mobile,completed,283.32
BKG-004509,SES-082339,USR-01463,EXP-0260,2025-02-26,2025-04-03,1,55.35,0.0,affiliates,mobile,completed,55.35
BKG-004510,SES-082449,USR-07529,EXP-0091,2024-09-02,2024-09-03,3,110.36,0.09,referral,mobile,completed,301.28
BKG-004511,SES-082466,USR-07858,EXP-0293,2024-12-21,2025-01-08,2,92.98,0.08,email,mobile,cancelled,171.08
BKG-004512,SES-082541,USR-01438,EXP-0270,2024-08-13,2024-09-01,2,80.5,0.14,affiliates,mobile,completed,138.46
BKG-004513,SES-082546,USR-05849,EXP-0212,2024-10-15,2024-10-17,6,66.0,0.08,organic,mobile,completed,364.32
BKG-004514,SES-082550,USR-03929,EXP-0174,2025-03-19,2025-03-25,3,97.36,0.0,organic,desktop,completed,292.08
BKG-004515,SES-082554,USR-06332,EXP-0148,2025-06-05,2025-07-03,5,95.62,0.0,paid_search,desktop,completed,478.1
BKG-004516,SES-082555,USR-07636,EXP-0029,2024-09-27,2024-10-02,6,81.41,0.0,affiliates,mobile,completed,488.46
BKG-004517,SES-082585,USR-02718,EXP-0113,2024-11-20,2024-12-18,2,115.29,0.0,social,mobile,completed,230.58
BKG-004518,SES-082610,USR-02873,EXP-0158,2025-06-13,2025-06-22,2,55.38,0.0,paid_search,mobile,cancelled,110.76
BKG-004519,SES-082629,USR-01513,EXP-0119,2025-03-05,2025-03-17,4,118.96,0.08,affiliates,desktop,completed,437.77
BKG-004520,SES-082642,USR-03830,EXP-0035,2025-01-13,2025-02-15,3,146.51,0.07,paid_search,desktop,completed,408.76
BKG-004521,SES-082643,USR-04197,EXP-0008,2024-12-26,2025-01-11,2,60.99,0.0,paid_search,mobile,completed,121.98
BKG-004522,SES-082662,USR-02629,EXP-0072,2024-11-28,2024-12-07,4,92.77,0.0,organic,mobile,completed,371.08
BKG-004523,SES-082673,USR-07763,EXP-0084,2024-10-09,2024-10-15,2,74.72,0.1,organic,mobile,completed,134.5
BKG-004524,SES-082698,USR-02864,EXP-0242,2025-06-17,2025-07-08,2,82.06,0.0,affiliates,mobile,completed,164.12
BKG-004525,SES-082699,USR-00137,EXP-0165,2024-10-05,2024-10-09,2,48.78,0.0,paid_search,mobile,completed,97.56
BKG-004526,SES-082716,USR-07321,EXP-0010,2024-12-28,2024-12-29,2,54.78,0.0,affiliates,desktop,cancelled,109.56
BKG-004527,SES-082734,USR-07647,EXP-0098,2025-05-23,2025-06-08,1,91.19,0.0,paid_search,mobile,completed,91.19
BKG-004528,SES-082772,USR-01973,EXP-0090,2024-07-22,2024-07-26,2,127.47,0.19,referral,mobile,completed,206.5
BKG-004529,SES-082773,USR-01008,EXP-0020,2025-02-12,2025-02-15,2,124.42,0.0,paid_search,desktop,completed,248.84
BKG-004530,SES-082774,USR-03040,EXP-0084,2024-09-14,2024-09-15,3,81.35,0.0,social,mobile,completed,244.05
BKG-004531,SES-082805,USR-06299,EXP-0002,2025-03-17,2025-04-23,3,29.29,0.0,organic,desktop,completed,87.87
BKG-004532,SES-082849,USR-05358,EXP-0050,2025-06-03,2025-06-14,2,78.65,0.0,organic,mobile,completed,157.3
BKG-004533,SES-082873,USR-07363,EXP-0136,2024-08-22,2024-09-05,4,45.55,0.0,organic,mobile,completed,182.2
BKG-004534,SES-082907,USR-06520,EXP-0100,2025-05-10,2025-05-24,2,133.89,0.0,affiliates,mobile,completed,267.78
BKG-004535,SES-082936,USR-03671,EXP-0122,2025-02-21,2025-03-12,3,107.21,0.0,referral,mobile,completed,321.63
BKG-004536,SES-083004,USR-01920,EXP-0116,2024-10-17,2024-11-29,5,68.85,0.0,referral,mobile,completed,344.25
BKG-004537,SES-083035,USR-05444,EXP-0041,2025-04-04,2025-04-15,4,29.15,0.2,paid_search,desktop,completed,93.28
BKG-004538,SES-083044,USR-05255,EXP-0096,2025-01-15,2025-03-19,3,99.2,0.0,organic,mobile,completed,297.6
BKG-004539,SES-083073,USR-00148,EXP-0081,2025-06-03,2025-06-15,2,95.6,0.0,email,mobile,completed,191.2
BKG-004540,SES-083076,USR-03168,EXP-0251,2024-08-31,2024-09-19,1,83.31,0.16,social,mobile,completed,69.98
BKG-004541,SES-083081,USR-05747,EXP-0091,2025-03-14,2025-03-19,2,121.28,0.18,paid_search,desktop,cancelled,198.9
BKG-004542,SES-083092,USR-00605,EXP-0078,2024-07-15,2024-07-30,3,45.14,0.0,email,mobile,completed,135.42
BKG-004543,SES-083116,USR-06742,EXP-0004,2024-11-12,2024-11-27,1,55.22,0.0,email,mobile,completed,55.22
BKG-004544,SES-083146,USR-03193,EXP-0256,2025-03-15,2025-03-25,5,34.1,0.0,organic,desktop,completed,170.5
BKG-004545,SES-083176,USR-03574,EXP-0237,2025-01-01,2025-01-09,2,60.68,0.0,organic,desktop,completed,121.36
BKG-004546,SES-083181,USR-02132,EXP-0133,2025-04-09,2025-04-25,6,96.68,0.0,social,desktop,completed,580.08
BKG-004547,SES-083187,USR-05277,EXP-0050,2025-03-04,2025-03-09,3,75.95,0.0,email,mobile,completed,227.85
BKG-004548,SES-083218,USR-06026,EXP-0035,2024-07-22,2024-08-03,5,126.15,0.1,referral,mobile,completed,567.68
BKG-004549,SES-083219,USR-02281,EXP-0176,2024-10-30,2024-11-25,3,62.85,0.0,paid_search,mobile,cancelled,188.55
BKG-004550,SES-083264,USR-01322,EXP-0270,2025-04-09,2025-04-25,2,85.25,0.0,affiliates,mobile,completed,170.5
BKG-004551,SES-083280,USR-06428,EXP-0284,2025-06-11,2025-07-04,2,204.13,0.0,organic,mobile,cancelled,408.26
BKG-004552,SES-083321,USR-01120,EXP-0022,2025-05-31,2025-06-09,2,73.88,0.0,paid_search,desktop,completed,147.76
BKG-004553,SES-083372,USR-02000,EXP-0053,2024-08-05,2024-08-15,3,37.96,0.08,affiliates,mobile,completed,104.77
BKG-004554,SES-083375,USR-01067,EXP-0025,2024-11-08,2024-11-12,2,44.06,0.0,paid_search,mobile,completed,88.12
BKG-004555,SES-083376,USR-00947,EXP-0204,2024-09-22,2024-09-25,2,86.64,0.0,paid_search,mobile,completed,173.28
BKG-004556,SES-083378,USR-07426,EXP-0120,2025-04-28,2025-05-06,2,82.95,0.0,referral,desktop,completed,165.9
BKG-004557,SES-083414,USR-04402,EXP-0297,2024-10-05,2024-10-10,2,87.02,0.19,organic,desktop,completed,140.97
BKG-004558,SES-083457,USR-05925,EXP-0180,2025-06-20,2025-06-22,2,201.52,0.08,organic,mobile,completed,370.8
BKG-004559,SES-083470,USR-01081,EXP-0195,2024-08-31,2024-09-06,2,71.73,0.0,referral,desktop,refunded,143.46
BKG-004560,SES-083478,USR-00726,EXP-0189,2025-04-18,2025-04-24,2,92.96,0.0,paid_search,desktop,completed,185.92
BKG-004561,SES-083496,USR-06163,EXP-0264,2025-02-22,2025-02-23,2,125.08,0.0,organic,desktop,completed,250.16
BKG-004562,SES-083500,USR-01149,EXP-0232,2025-06-18,2025-07-06,2,55.53,0.0,referral,mobile,completed,111.06
BKG-004563,SES-083534,USR-07112,EXP-0275,2025-01-10,2025-01-12,4,76.55,0.0,social,desktop,cancelled,306.2
BKG-004564,SES-083604,USR-03007,EXP-0034,2025-02-24,2025-03-05,4,112.06,0.08,organic,mobile,completed,412.38
BKG-004565,SES-083608,USR-05868,EXP-0091,2024-10-07,2024-10-09,6,109.38,0.0,referral,desktop,cancelled,656.28
BKG-004566,SES-083616,USR-02660,EXP-0233,2024-12-28,2025-01-18,2,217.06,0.12,affiliates,mobile,completed,382.03
BKG-004567,SES-083642,USR-04940,EXP-0279,2025-04-08,2025-04-11,2,88.19,0.0,email,tablet,completed,176.38
BKG-004568,SES-083649,USR-03781,EXP-0124,2025-03-19,2025-04-15,3,81.26,0.0,organic,mobile,completed,243.78
BKG-004569,SES-083674,USR-03094,EXP-0166,2024-12-07,2024-12-11,2,72.24,0.0,social,desktop,completed,144.48
BKG-004570,SES-083687,USR-06008,EXP-0056,2025-05-09,2025-05-26,2,37.48,0.0,affiliates,desktop,completed,74.96
BKG-004571,SES-083806,USR-02931,EXP-0036,2025-01-09,2025-01-30,2,65.41,0.12,paid_search,mobile,completed,115.12
BKG-004572,SES-083831,USR-01089,EXP-0270,2024-08-28,2024-10-12,1,81.15,0.17,affiliates,desktop,completed,67.35
BKG-004573,SES-083832,USR-01155,EXP-0195,2024-07-01,2024-08-03,4,77.49,0.2,organic,desktop,completed,247.97
BKG-004574,SES-083844,USR-06288,EXP-0067,2025-05-30,2025-06-06,2,59.9,0.0,social,desktop,completed,119.8
BKG-004575,SES-083867,USR-05692,EXP-0227,2025-06-24,2025-07-06,2,85.45,0.18,referral,tablet,cancelled,140.14
BKG-004576,SES-083923,USR-06874,EXP-0032,2025-06-12,2025-06-13,2,78.18,0.16,organic,mobile,completed,131.34
BKG-004577,SES-083936,USR-00699,EXP-0140,2025-03-08,2025-03-19,2,142.79,0.0,referral,mobile,completed,285.58
BKG-004578,SES-083947,USR-05158,EXP-0204,2025-02-19,2025-02-20,4,78.05,0.0,organic,desktop,cancelled,312.2
BKG-004579,SES-083953,USR-01578,EXP-0233,2025-04-07,2025-04-19,2,203.65,0.0,organic,desktop,completed,407.3
BKG-004580,SES-084020,USR-07213,EXP-0096,2024-07-12,2024-08-30,2,101.14,0.16,affiliates,mobile,cancelled,169.92
BKG-004581,SES-084046,USR-06228,EXP-0050,2025-05-28,2025-05-29,2,69.15,0.0,paid_search,mobile,completed,138.3
BKG-004582,SES-084063,USR-01632,EXP-0225,2024-10-14,2024-10-15,2,156.47,0.13,affiliates,mobile,refunded,272.26
BKG-004583,SES-084144,USR-00240,EXP-0283,2025-01-21,2025-02-01,2,158.28,0.0,organic,mobile,completed,316.56
BKG-004584,SES-084161,USR-03020,EXP-0237,2025-03-01,2025-03-09,2,65.22,0.0,organic,desktop,completed,130.44
BKG-004585,SES-084166,USR-07627,EXP-0111,2024-11-29,2024-12-09,2,99.29,0.09,email,mobile,completed,180.71
BKG-004586,SES-084249,USR-01981,EXP-0082,2025-03-06,2025-03-26,3,149.25,0.12,paid_search,desktop,completed,394.02
BKG-004587,SES-084261,USR-06805,EXP-0232,2025-04-19,2025-05-07,2,50.21,0.16,organic,mobile,completed,84.35
BKG-004588,SES-084291,USR-00703,EXP-0220,2024-08-21,2024-09-02,1,35.2,0.0,paid_search,mobile,refunded,35.2
BKG-004589,SES-084292,USR-07301,EXP-0220,2025-04-20,2025-04-25,2,36.12,0.13,email,desktop,completed,62.85
BKG-004590,SES-084351,USR-04983,EXP-0267,2024-10-01,2024-10-02,4,46.62,0.0,paid_search,mobile,completed,186.48
BKG-004591,SES-084359,USR-03176,EXP-0197,2025-02-25,2025-03-12,4,78.46,0.0,paid_search,mobile,completed,313.84
BKG-004592,SES-084369,USR-04672,EXP-0190,2025-03-09,2025-03-22,2,66.91,0.0,organic,mobile,completed,133.82
BKG-004593,SES-084379,USR-03203,EXP-0157,2025-04-12,2025-04-25,2,98.32,0.0,paid_search,mobile,completed,196.64
BKG-004594,SES-084392,USR-06067,EXP-0043,2025-03-23,2025-03-30,1,32.01,0.0,organic,mobile,completed,32.01
BKG-004595,SES-084415,USR-03024,EXP-0278,2024-11-07,2024-11-08,1,65.99,0.0,affiliates,mobile,completed,65.99
BKG-004596,SES-084501,USR-04239,EXP-0232,2024-11-05,2024-12-19,2,47.74,0.14,paid_search,desktop,completed,82.11
BKG-004597,SES-084509,USR-06433,EXP-0265,2025-01-04,2025-01-08,5,54.42,0.0,email,mobile,completed,272.1
BKG-004598,SES-084543,USR-04599,EXP-0016,2025-05-10,2025-05-11,1,89.48,0.0,paid_search,tablet,completed,89.48
BKG-004599,SES-084574,USR-07125,EXP-0119,2024-07-04,2024-07-19,2,113.01,0.09,paid_search,desktop,completed,205.68
BKG-004600,SES-084594,USR-01805,EXP-0255,2024-08-08,2024-08-31,1,94.74,0.19,organic,desktop,completed,76.74
BKG-004601,SES-084604,USR-05344,EXP-0238,2025-04-19,2025-04-23,2,72.24,0.1,paid_search,desktop,completed,130.03
BKG-004602,SES-084625,USR-02434,EXP-0125,2025-05-29,2025-05-31,4,47.06,0.0,organic,desktop,completed,188.24
BKG-004603,SES-084646,USR-00262,EXP-0154,2024-11-16,2024-11-23,4,43.33,0.14,referral,mobile,completed,149.06
BKG-004604,SES-084658,USR-06096,EXP-0003,2024-12-04,2024-12-11,6,92.56,0.06,organic,desktop,completed,522.04
BKG-004605,SES-084676,USR-00861,EXP-0218,2024-12-31,2025-01-07,2,55.86,0.0,paid_search,mobile,completed,111.72
BKG-004606,SES-084698,USR-01942,EXP-0043,2025-02-16,2025-02-23,1,32.41,0.0,social,desktop,completed,32.41
BKG-004607,SES-084713,USR-07299,EXP-0246,2025-02-17,2025-03-07,2,138.07,0.0,paid_search,desktop,cancelled,276.14
BKG-004608,SES-084732,USR-01543,EXP-0163,2024-10-25,2024-11-14,2,51.45,0.0,affiliates,mobile,completed,102.9
BKG-004609,SES-084782,USR-01463,EXP-0035,2024-11-08,2024-11-18,2,134.17,0.2,organic,desktop,completed,214.67
BKG-004610,SES-084794,USR-05468,EXP-0072,2024-12-19,2024-12-21,5,84.1,0.17,paid_search,desktop,completed,349.02
BKG-004611,SES-084799,USR-05588,EXP-0246,2025-04-06,2025-04-09,2,129.89,0.13,paid_search,desktop,completed,226.01
BKG-004612,SES-084801,USR-02929,EXP-0227,2025-03-18,2025-03-22,6,89.98,0.07,organic,mobile,completed,502.09
BKG-004613,SES-084861,USR-01844,EXP-0058,2024-07-29,2024-08-08,2,165.32,0.2,email,mobile,completed,264.51
BKG-004614,SES-084864,USR-06897,EXP-0083,2025-01-11,2025-01-20,3,95.92,0.18,paid_search,desktop,completed,235.96
BKG-004615,SES-084902,USR-03733,EXP-0122,2024-10-09,2024-10-20,2,102.83,0.08,referral,desktop,completed,189.21
BKG-004616,SES-084904,USR-01433,EXP-0003,2025-04-20,2025-04-28,3,97.21,0.09,referral,mobile,completed,265.38
BKG-004617,SES-084948,USR-00303,EXP-0244,2025-06-01,2025-08-07,6,102.23,0.0,paid_search,tablet,completed,613.38
BKG-004618,SES-084964,USR-04563,EXP-0105,2024-10-31,2024-11-02,1,67.34,0.0,referral,mobile,completed,67.34
BKG-004619,SES-084970,USR-05068,EXP-0156,2025-05-15,2025-06-04,3,55.01,0.0,organic,desktop,cancelled,165.03
BKG-004620,SES-084988,USR-07937,EXP-0256,2025-05-22,2025-05-31,4,35.77,0.0,paid_search,desktop,cancelled,143.08
BKG-004621,SES-084990,USR-04692,EXP-0134,2025-05-22,2025-06-15,1,39.81,0.0,paid_search,mobile,completed,39.81
BKG-004622,SES-085031,USR-00283,EXP-0201,2024-12-10,2024-12-31,2,73.06,0.08,paid_search,desktop,completed,134.43
BKG-004623,SES-085033,USR-00512,EXP-0041,2025-04-17,2025-06-03,2,28.76,0.0,organic,desktop,completed,57.52
BKG-004624,SES-085040,USR-05408,EXP-0165,2024-09-08,2024-09-14,4,51.03,0.0,affiliates,mobile,completed,204.12
BKG-004625,SES-085066,USR-02198,EXP-0267,2024-07-27,2024-08-19,2,48.0,0.12,paid_search,mobile,completed,84.48
BKG-004626,SES-085086,USR-05347,EXP-0284,2024-11-20,2024-11-27,6,195.86,0.0,organic,mobile,completed,1175.16
BKG-004627,SES-085099,USR-00917,EXP-0049,2024-11-10,2024-11-20,3,118.35,0.0,paid_search,mobile,completed,355.05
BKG-004628,SES-085131,USR-03534,EXP-0181,2025-02-09,2025-03-02,4,108.6,0.13,paid_search,desktop,completed,377.93
BKG-004629,SES-085196,USR-05538,EXP-0157,2025-03-03,2025-04-14,2,103.6,0.0,email,desktop,completed,207.2
BKG-004630,SES-085208,USR-07198,EXP-0051,2024-10-09,2024-11-17,5,26.85,0.11,referral,desktop,completed,119.48
BKG-004631,SES-085290,USR-02488,EXP-0087,2025-02-20,2025-03-16,2,125.01,0.0,referral,desktop,completed,250.02
BKG-004632,SES-085295,USR-02488,EXP-0178,2025-03-07,2025-03-17,3,99.41,0.0,paid_search,desktop,refunded,298.23
BKG-004633,SES-085316,USR-07136,EXP-0133,2025-06-10,2025-06-29,2,102.13,0.0,paid_search,desktop,completed,204.26
BKG-004634,SES-085325,USR-01326,EXP-0123,2025-05-07,2025-05-09,2,82.55,0.07,affiliates,mobile,completed,153.54
BKG-004635,SES-085353,USR-06467,EXP-0119,2024-07-06,2024-07-29,2,110.54,0.0,organic,desktop,completed,221.08
BKG-004636,SES-085436,USR-00374,EXP-0205,2025-03-27,2025-03-28,3,129.58,0.0,paid_search,desktop,completed,388.74
BKG-004637,SES-085450,USR-00811,EXP-0051,2025-03-26,2025-04-14,2,29.93,0.0,organic,mobile,completed,59.86
BKG-004638,SES-085457,USR-02231,EXP-0250,2025-04-08,2025-04-19,1,50.28,0.0,email,mobile,completed,50.28
BKG-004639,SES-085534,USR-07631,EXP-0197,2024-10-19,2024-10-23,5,71.44,0.1,paid_search,desktop,completed,321.48
BKG-004640,SES-085567,USR-07319,EXP-0198,2024-07-06,2024-07-10,2,82.87,0.0,organic,mobile,completed,165.74
BKG-004641,SES-085576,USR-05424,EXP-0277,2024-08-01,2024-08-04,3,103.95,0.1,organic,mobile,refunded,280.67
BKG-004642,SES-085579,USR-04114,EXP-0110,2024-09-17,2024-09-22,2,135.31,0.0,paid_search,desktop,completed,270.62
BKG-004643,SES-085584,USR-05817,EXP-0048,2024-07-28,2024-09-13,2,92.16,0.1,organic,mobile,completed,165.89
BKG-004644,SES-085630,USR-03385,EXP-0166,2025-06-01,2025-06-05,6,74.28,0.0,referral,mobile,completed,445.68
BKG-004645,SES-085691,USR-04152,EXP-0054,2024-10-16,2024-10-19,6,80.25,0.0,paid_search,mobile,completed,481.5
BKG-004646,SES-085695,USR-00453,EXP-0059,2025-01-16,2025-01-17,4,30.1,0.0,paid_search,mobile,completed,120.4
BKG-004647,SES-085708,USR-01563,EXP-0157,2025-02-03,2025-02-13,1,98.53,0.0,paid_search,mobile,completed,98.53
BKG-004648,SES-085715,USR-03021,EXP-0134,2024-11-25,2024-12-02,2,42.85,0.11,paid_search,mobile,completed,76.27
BKG-004649,SES-085726,USR-02063,EXP-0100,2024-12-05,2024-12-14,3,128.23,0.18,affiliates,desktop,completed,315.45
BKG-004650,SES-085732,USR-02796,EXP-0072,2025-02-11,2025-02-21,2,86.7,0.0,paid_search,mobile,completed,173.4
BKG-004651,SES-085739,USR-04937,EXP-0199,2024-07-17,2024-07-19,3,74.93,0.0,paid_search,desktop,completed,224.79
BKG-004652,SES-085741,USR-04245,EXP-0230,2024-11-26,2024-11-30,2,128.76,0.0,referral,mobile,completed,257.52
BKG-004653,SES-085763,USR-03277,EXP-0131,2024-09-10,2024-09-19,2,87.6,0.15,paid_search,mobile,completed,148.92
BKG-004654,SES-085795,USR-04304,EXP-0232,2024-12-12,2024-12-16,2,50.57,0.0,affiliates,desktop,completed,101.14
BKG-004655,SES-085829,USR-05674,EXP-0053,2025-03-27,2025-04-14,2,39.62,0.1,paid_search,mobile,completed,71.32
BKG-004656,SES-085834,USR-04773,EXP-0159,2025-01-27,2025-01-29,2,57.74,0.0,email,desktop,completed,115.48
BKG-004657,SES-085842,USR-07495,EXP-0018,2025-02-01,2025-02-06,2,59.29,0.0,paid_search,mobile,completed,118.58
BKG-004658,SES-085856,USR-00276,EXP-0244,2025-01-24,2025-02-11,5,100.96,0.08,paid_search,mobile,completed,464.42
BKG-004659,SES-085862,USR-02924,EXP-0274,2024-08-21,2024-09-29,3,32.79,0.0,organic,desktop,completed,98.37
BKG-004660,SES-085876,USR-05886,EXP-0268,2024-11-15,2024-11-26,1,80.65,0.0,email,mobile,cancelled,80.65
BKG-004661,SES-085909,USR-06485,EXP-0028,2025-02-28,2025-03-02,4,63.11,0.17,affiliates,mobile,cancelled,209.53
BKG-004662,SES-085913,USR-04038,EXP-0163,2024-11-26,2024-12-04,2,44.22,0.0,paid_search,desktop,completed,88.44
BKG-004663,SES-085920,USR-03690,EXP-0299,2025-01-20,2025-02-24,2,119.97,0.06,organic,desktop,completed,225.54
BKG-004664,SES-085932,USR-00916,EXP-0201,2025-04-19,2025-04-25,1,73.94,0.0,organic,mobile,completed,73.94
BKG-004665,SES-085951,USR-01422,EXP-0191,2025-06-08,2025-06-15,1,71.57,0.0,paid_search,mobile,completed,71.57
BKG-004666,SES-086043,USR-03235,EXP-0063,2025-06-21,2025-06-25,1,102.04,0.0,organic,mobile,completed,102.04
BKG-004667,SES-086060,USR-00593,EXP-0299,2025-04-23,2025-05-22,3,124.05,0.0,organic,desktop,completed,372.15
BKG-004668,SES-086063,USR-01073,EXP-0256,2024-12-26,2025-01-11,3,33.85,0.0,affiliates,mobile,completed,101.55
BKG-004669,SES-086094,USR-03705,EXP-0233,2025-06-22,2025-06-23,1,212.28,0.0,paid_search,tablet,completed,212.28
BKG-004670,SES-086130,USR-01422,EXP-0022,2025-04-07,2025-04-17,2,81.14,0.11,email,mobile,completed,144.43
BKG-004671,SES-086144,USR-03781,EXP-0030,2025-05-12,2025-05-20,1,109.13,0.0,organic,mobile,completed,109.13
BKG-004672,SES-086160,USR-04013,EXP-0089,2025-06-22,2025-07-11,2,72.56,0.0,organic,desktop,refunded,145.12
BKG-004673,SES-086196,USR-07607,EXP-0033,2024-10-13,2024-10-16,1,69.28,0.08,email,desktop,completed,63.74
BKG-004674,SES-086213,USR-02185,EXP-0005,2025-01-29,2025-02-04,1,70.44,0.08,organic,mobile,completed,64.8
BKG-004675,SES-086264,USR-07351,EXP-0173,2025-01-28,2025-02-02,2,68.17,0.0,affiliates,mobile,cancelled,136.34
BKG-004676,SES-086265,USR-06509,EXP-0018,2025-02-21,2025-03-23,4,48.01,0.06,paid_search,mobile,completed,180.52
BKG-004677,SES-086277,USR-03912,EXP-0032,2025-01-04,2025-01-11,4,81.28,0.0,paid_search,mobile,completed,325.12
BKG-004678,SES-086286,USR-04896,EXP-0139,2024-07-30,2024-08-13,4,95.76,0.0,referral,mobile,completed,383.04
BKG-004679,SES-086310,USR-01382,EXP-0081,2024-08-08,2024-08-26,1,102.35,0.13,referral,mobile,completed,89.04
BKG-004680,SES-086326,USR-06626,EXP-0113,2025-02-02,2025-02-23,2,127.95,0.11,email,mobile,completed,227.75
BKG-004681,SES-086351,USR-07533,EXP-0288,2024-10-02,2024-10-20,1,78.31,0.0,paid_search,desktop,completed,78.31
BKG-004682,SES-086358,USR-00847,EXP-0262,2024-10-24,2024-11-12,1,93.49,0.0,organic,mobile,completed,93.49
BKG-004683,SES-086365,USR-01157,EXP-0111,2024-07-20,2024-07-21,2,107.98,0.0,organic,mobile,completed,215.96
BKG-004684,SES-086383,USR-04526,EXP-0214,2025-01-15,2025-01-17,2,80.06,0.0,paid_search,desktop,completed,160.12
BKG-004685,SES-086398,USR-07050,EXP-0118,2024-08-25,2024-10-15,2,57.83,0.0,paid_search,mobile,completed,115.66
BKG-004686,SES-086401,USR-02124,EXP-0049,2025-05-27,2025-06-04,3,127.93,0.0,organic,mobile,cancelled,383.79
BKG-004687,SES-086490,USR-02332,EXP-0014,2024-08-04,2024-09-16,1,128.21,0.0,referral,desktop,cancelled,128.21
BKG-004688,SES-086499,USR-02860,EXP-0281,2024-08-22,2024-08-24,2,36.83,0.14,paid_search,desktop,completed,63.35
BKG-004689,SES-086523,USR-06648,EXP-0292,2024-10-07,2024-10-16,3,90.99,0.0,paid_search,desktop,completed,272.97
BKG-004690,SES-086556,USR-04678,EXP-0207,2024-07-08,2024-07-28,2,102.35,0.0,organic,mobile,completed,204.7
BKG-004691,SES-086592,USR-05703,EXP-0268,2024-07-21,2024-07-23,1,81.44,0.0,paid_search,desktop,cancelled,81.44
BKG-004692,SES-086636,USR-05556,EXP-0142,2025-01-20,2025-01-26,2,80.3,0.0,organic,desktop,completed,160.6
BKG-004693,SES-086638,USR-02237,EXP-0282,2025-01-30,2025-02-02,3,179.04,0.0,affiliates,desktop,completed,537.12
BKG-004694,SES-086651,USR-06148,EXP-0225,2025-05-06,2025-06-25,3,165.16,0.0,paid_search,mobile,completed,495.48
BKG-004695,SES-086660,USR-04121,EXP-0123,2025-03-12,2025-04-10,6,94.38,0.0,organic,tablet,completed,566.28
BKG-004696,SES-086672,USR-03993,EXP-0099,2025-04-08,2025-04-22,1,79.23,0.0,referral,desktop,completed,79.23
BKG-004697,SES-086698,USR-07365,EXP-0278,2024-09-18,2024-09-21,2,62.7,0.0,organic,mobile,completed,125.4
BKG-004698,SES-086736,USR-04973,EXP-0264,2024-07-21,2024-07-31,2,123.07,0.0,paid_search,desktop,completed,246.14
BKG-004699,SES-086751,USR-01721,EXP-0251,2024-11-02,2024-11-03,5,84.28,0.0,organic,mobile,completed,421.4
BKG-004700,SES-086755,USR-01944,EXP-0222,2024-09-26,2024-10-06,1,38.52,0.0,social,mobile,completed,38.52
BKG-004701,SES-086767,USR-05352,EXP-0049,2024-10-24,2024-10-30,2,111.23,0.16,organic,mobile,completed,186.87
BKG-004702,SES-086770,USR-00911,EXP-0131,2024-09-05,2024-09-07,2,96.5,0.06,referral,desktop,completed,181.42
BKG-004703,SES-086785,USR-04841,EXP-0096,2024-08-09,2024-08-17,2,128.98,0.0,paid_search,mobile,completed,257.96
BKG-004704,SES-086819,USR-07625,EXP-0259,2024-07-31,2024-08-17,4,131.93,0.0,referral,desktop,completed,527.72
BKG-004705,SES-086827,USR-04705,EXP-0105,2025-01-14,2025-01-19,6,71.4,0.0,affiliates,mobile,completed,428.4
BKG-004706,SES-086828,USR-01660,EXP-0035,2024-07-02,2024-08-11,4,127.21,0.0,paid_search,mobile,completed,508.84
BKG-004707,SES-086838,USR-02183,EXP-0007,2024-11-30,2024-12-23,4,136.46,0.0,referral,desktop,completed,545.84
BKG-004708,SES-086863,USR-01788,EXP-0020,2024-10-30,2024-11-15,2,133.97,0.1,organic,mobile,completed,241.15
BKG-004709,SES-086874,USR-04801,EXP-0258,2025-05-10,2025-05-19,1,132.19,0.0,paid_search,desktop,completed,132.19
BKG-004710,SES-086878,USR-01854,EXP-0112,2024-11-05,2024-11-27,1,43.28,0.0,paid_search,desktop,completed,43.28
BKG-004711,SES-086914,USR-06300,EXP-0080,2024-07-25,2024-08-02,6,79.62,0.18,affiliates,desktop,refunded,391.73
BKG-004712,SES-086966,USR-05880,EXP-0234,2025-02-21,2025-02-28,3,95.05,0.0,affiliates,desktop,completed,285.15
BKG-004713,SES-087063,USR-05496,EXP-0289,2025-05-08,2025-05-17,1,71.77,0.0,email,mobile,completed,71.77
BKG-004714,SES-087066,USR-03369,EXP-0044,2025-01-21,2025-02-03,2,214.15,0.0,organic,tablet,completed,428.3
BKG-004715,SES-087074,USR-07354,EXP-0145,2025-01-07,2025-01-30,2,117.55,0.0,paid_search,desktop,completed,235.1
BKG-004716,SES-087106,USR-00035,EXP-0005,2024-11-10,2024-11-17,1,77.42,0.13,paid_search,desktop,completed,67.36
BKG-004717,SES-087134,USR-02283,EXP-0256,2025-03-01,2025-03-25,3,35.06,0.0,paid_search,desktop,completed,105.18
BKG-004718,SES-087135,USR-05124,EXP-0183,2025-05-06,2025-06-05,3,22.21,0.19,organic,mobile,completed,53.97
BKG-004719,SES-087196,USR-06751,EXP-0124,2025-01-20,2025-01-21,2,87.16,0.0,referral,tablet,completed,174.32
BKG-004720,SES-087226,USR-00312,EXP-0058,2024-09-29,2024-10-12,2,162.61,0.0,organic,desktop,completed,325.22
BKG-004721,SES-087238,USR-02305,EXP-0216,2024-09-17,2024-09-18,1,93.16,0.19,referral,desktop,completed,75.46
BKG-004722,SES-087241,USR-00078,EXP-0255,2025-01-19,2025-02-13,3,85.56,0.18,paid_search,desktop,completed,210.48
BKG-004723,SES-087245,USR-05723,EXP-0159,2024-11-29,2024-12-15,1,59.35,0.0,organic,desktop,completed,59.35
BKG-004724,SES-087275,USR-00578,EXP-0120,2025-06-04,2025-06-19,1,73.97,0.0,referral,mobile,cancelled,73.97
BKG-004725,SES-087290,USR-07059,EXP-0202,2024-07-19,2024-07-30,3,45.69,0.0,organic,mobile,completed,137.07
BKG-004726,SES-087334,USR-01546,EXP-0034,2024-09-21,2024-09-26,2,103.29,0.0,paid_search,desktop,completed,206.58
BKG-004727,SES-087403,USR-02806,EXP-0276,2025-06-11,2025-06-19,2,95.21,0.13,organic,desktop,completed,165.67
BKG-004728,SES-087445,USR-00639,EXP-0028,2024-09-19,2024-09-21,2,60.23,0.0,affiliates,mobile,completed,120.46
BKG-004729,SES-087456,USR-05463,EXP-0098,2024-07-29,2024-08-04,2,93.86,0.0,paid_search,desktop,completed,187.72
BKG-004730,SES-087457,USR-07646,EXP-0101,2024-11-02,2024-11-09,1,31.04,0.0,organic,mobile,completed,31.04
BKG-004731,SES-087491,USR-03148,EXP-0203,2025-04-10,2025-04-15,4,130.47,0.0,paid_search,desktop,completed,521.88
BKG-004732,SES-087503,USR-03011,EXP-0278,2024-11-06,2024-11-17,6,58.5,0.0,paid_search,desktop,cancelled,351.0
BKG-004733,SES-087529,USR-00850,EXP-0188,2025-06-17,2025-06-18,2,36.56,0.0,organic,desktop,completed,73.12
BKG-004734,SES-087546,USR-03537,EXP-0138,2025-03-15,2025-03-27,4,63.77,0.0,paid_search,desktop,completed,255.08
BKG-004735,SES-087556,USR-07386,EXP-0102,2025-06-08,2025-06-18,2,44.61,0.0,organic,desktop,completed,89.22
BKG-004736,SES-087574,USR-01220,EXP-0026,2024-11-01,2024-11-05,3,27.58,0.0,social,mobile,completed,82.74
BKG-004737,SES-087575,USR-07737,EXP-0178,2025-01-04,2025-01-05,6,101.28,0.0,referral,desktop,cancelled,607.68
BKG-004738,SES-087587,USR-01803,EXP-0280,2025-03-21,2025-03-23,2,129.97,0.0,referral,mobile,completed,259.94
BKG-004739,SES-087657,USR-04350,EXP-0028,2024-07-09,2024-07-29,2,65.92,0.0,referral,mobile,completed,131.84
BKG-004740,SES-087658,USR-07005,EXP-0142,2025-01-01,2025-01-11,3,93.45,0.16,organic,desktop,completed,235.49
BKG-004741,SES-087670,USR-07125,EXP-0011,2024-11-26,2024-11-28,2,83.41,0.0,paid_search,mobile,completed,166.82
BKG-004742,SES-087749,USR-02779,EXP-0108,2025-02-26,2025-03-17,4,68.14,0.2,paid_search,desktop,completed,218.05
BKG-004743,SES-087769,USR-03622,EXP-0020,2024-10-27,2024-10-30,1,124.09,0.17,organic,mobile,completed,102.99
BKG-004744,SES-087825,USR-02208,EXP-0019,2025-04-08,2025-05-03,2,33.22,0.0,paid_search,desktop,completed,66.44
BKG-004745,SES-087835,USR-06778,EXP-0127,2024-08-03,2024-08-24,1,69.56,0.19,email,mobile,refunded,56.34
BKG-004746,SES-087861,USR-03200,EXP-0178,2024-07-08,2024-08-03,2,95.91,0.1,email,desktop,completed,172.64
BKG-004747,SES-087902,USR-05985,EXP-0263,2024-07-05,2024-07-07,3,55.91,0.0,affiliates,desktop,completed,167.73
BKG-004748,SES-087910,USR-07702,EXP-0193,2025-04-19,2025-04-24,2,74.37,0.0,organic,mobile,completed,148.74
BKG-004749,SES-087951,USR-05418,EXP-0144,2024-11-09,2024-12-05,3,95.69,0.1,paid_search,mobile,completed,258.36
BKG-004750,SES-087981,USR-01782,EXP-0019,2024-10-10,2024-10-13,3,34.73,0.17,organic,desktop,completed,86.48
BKG-004751,SES-087995,USR-04768,EXP-0021,2024-08-29,2024-09-08,1,97.15,0.0,paid_search,mobile,completed,97.15
BKG-004752,SES-088024,USR-02421,EXP-0060,2024-10-08,2024-10-23,2,85.42,0.09,referral,desktop,completed,155.46
BKG-004753,SES-088026,USR-03247,EXP-0202,2024-08-15,2024-08-16,2,52.19,0.0,affiliates,desktop,completed,104.38
BKG-004754,SES-088028,USR-04838,EXP-0169,2024-10-30,2024-11-13,1,81.04,0.0,paid_search,mobile,completed,81.04
BKG-004755,SES-088043,USR-07268,EXP-0223,2024-08-15,2024-08-24,1,102.96,0.0,email,mobile,completed,102.96
BKG-004756,SES-088047,USR-07705,EXP-0018,2025-04-21,2025-05-11,2,56.03,0.06,organic,desktop,completed,105.34
BKG-004757,SES-088049,USR-07288,EXP-0248,2024-09-30,2024-12-05,5,172.18,0.0,paid_search,mobile,completed,860.9
BKG-004758,SES-088086,USR-06008,EXP-0069,2025-03-20,2025-04-11,2,106.72,0.0,paid_search,tablet,completed,213.44
BKG-004759,SES-088124,USR-05981,EXP-0157,2024-12-20,2024-12-21,1,105.11,0.0,organic,mobile,completed,105.11
BKG-004760,SES-088129,USR-07651,EXP-0124,2024-07-29,2024-08-05,4,80.92,0.0,affiliates,desktop,completed,323.68
BKG-004761,SES-088153,USR-00998,EXP-0055,2025-01-10,2025-01-12,2,70.44,0.0,paid_search,mobile,completed,140.88
BKG-004762,SES-088166,USR-06373,EXP-0037,2024-07-04,2024-07-27,2,85.45,0.0,paid_search,mobile,completed,170.9
BKG-004763,SES-088167,USR-02704,EXP-0047,2025-02-09,2025-02-13,5,135.48,0.0,paid_search,mobile,completed,677.4
BKG-004764,SES-088173,USR-02351,EXP-0052,2025-06-11,2025-06-13,5,76.77,0.0,paid_search,desktop,cancelled,383.85
BKG-004765,SES-088175,USR-03502,EXP-0081,2025-01-14,2025-02-12,2,92.62,0.0,paid_search,mobile,cancelled,185.24
BKG-004766,SES-088187,USR-07961,EXP-0087,2025-02-27,2025-02-28,2,140.8,0.0,paid_search,mobile,completed,281.6
BKG-004767,SES-088193,USR-04351,EXP-0192,2025-04-09,2025-04-13,4,67.12,0.0,paid_search,desktop,completed,268.48
BKG-004768,SES-088210,USR-02299,EXP-0276,2025-01-21,2025-03-10,3,90.44,0.2,email,desktop,completed,217.06
BKG-004769,SES-088218,USR-06992,EXP-0045,2025-03-08,2025-03-13,1,148.12,0.0,email,mobile,completed,148.12
BKG-004770,SES-088231,USR-01934,EXP-0086,2024-08-17,2024-09-23,6,30.3,0.0,affiliates,desktop,completed,181.8
BKG-004771,SES-088248,USR-01432,EXP-0245,2024-09-10,2024-09-18,1,119.41,0.17,organic,desktop,completed,99.11
BKG-004772,SES-088275,USR-00163,EXP-0292,2025-05-15,2025-05-18,1,95.85,0.0,paid_search,desktop,completed,95.85
BKG-004773,SES-088292,USR-05139,EXP-0041,2024-12-16,2025-01-10,1,29.7,0.0,email,mobile,refunded,29.7
BKG-004774,SES-088317,USR-04873,EXP-0258,2024-09-30,2024-11-07,2,145.93,0.0,referral,desktop,refunded,291.86
BKG-004775,SES-088322,USR-03853,EXP-0223,2024-07-21,2024-07-26,5,97.66,0.0,referral,desktop,completed,488.3
BKG-004776,SES-088326,USR-00488,EXP-0180,2024-07-13,2024-07-28,2,198.29,0.06,affiliates,mobile,completed,372.79
BKG-004777,SES-088331,USR-03098,EXP-0235,2025-03-02,2025-03-08,5,56.04,0.06,organic,mobile,completed,263.39
BKG-004778,SES-088345,USR-02898,EXP-0145,2024-11-13,2024-11-28,1,126.65,0.0,referral,mobile,cancelled,126.65
BKG-004779,SES-088351,USR-04405,EXP-0142,2024-09-19,2024-09-20,2,83.94,0.17,organic,mobile,completed,139.34
BKG-004780,SES-088352,USR-00090,EXP-0277,2025-04-01,2025-04-18,1,97.58,0.0,paid_search,mobile,completed,97.58
BKG-004781,SES-088364,USR-05146,EXP-0045,2024-08-07,2024-08-12,1,160.75,0.0,referral,mobile,completed,160.75
BKG-004782,SES-088371,USR-03349,EXP-0029,2024-08-31,2024-09-04,3,73.78,0.0,social,desktop,completed,221.34
BKG-004783,SES-088391,USR-02131,EXP-0065,2024-12-09,2024-12-21,5,87.36,0.0,referral,desktop,refunded,436.8
BKG-004784,SES-088403,USR-00765,EXP-0034,2025-05-12,2025-05-19,1,95.21,0.0,paid_search,mobile,completed,95.21
BKG-004785,SES-088404,USR-01080,EXP-0208,2025-02-07,2025-02-25,1,65.23,0.0,paid_search,desktop,completed,65.23
BKG-004786,SES-088421,USR-01695,EXP-0254,2024-09-16,2024-09-20,1,203.44,0.0,email,mobile,refunded,203.44
BKG-004787,SES-088423,USR-01106,EXP-0253,2025-04-03,2025-04-20,4,53.36,0.0,organic,desktop,completed,213.44
BKG-004788,SES-088438,USR-00390,EXP-0291,2025-02-21,2025-03-05,2,93.22,0.16,referral,mobile,completed,156.61
BKG-004789,SES-088461,USR-03247,EXP-0073,2025-06-21,2025-07-17,2,88.75,0.0,organic,desktop,cancelled,177.5
BKG-004790,SES-088464,USR-06230,EXP-0079,2024-07-12,2024-07-18,1,91.15,0.0,email,mobile,completed,91.15
BKG-004791,SES-088518,USR-02257,EXP-0283,2025-03-19,2025-03-20,6,154.48,0.17,organic,desktop,cancelled,769.31
BKG-004792,SES-088527,USR-07163,EXP-0024,2024-10-14,2024-10-27,1,88.8,0.0,organic,desktop,completed,88.8
BKG-004793,SES-088534,USR-06783,EXP-0244,2024-11-03,2024-11-07,1,125.49,0.0,paid_search,desktop,completed,125.49
BKG-004794,SES-088543,USR-04561,EXP-0105,2025-01-28,2025-03-12,3,69.35,0.0,email,tablet,refunded,208.05
BKG-004795,SES-088560,USR-07016,EXP-0141,2025-01-27,2025-01-28,2,52.35,0.16,referral,desktop,completed,87.95
BKG-004796,SES-088565,USR-01415,EXP-0227,2025-06-16,2025-06-25,2,89.82,0.0,paid_search,mobile,completed,179.64
BKG-004797,SES-088618,USR-00093,EXP-0284,2025-01-24,2025-02-04,3,222.73,0.0,organic,mobile,completed,668.19
BKG-004798,SES-088657,USR-01412,EXP-0023,2024-12-26,2025-01-03,4,41.46,0.17,email,desktop,cancelled,137.65
BKG-004799,SES-088658,USR-06212,EXP-0196,2025-05-09,2025-05-11,6,66.35,0.0,social,mobile,completed,398.1
BKG-004800,SES-088715,USR-01511,EXP-0187,2024-12-29,2025-01-07,1,50.56,0.0,paid_search,desktop,completed,50.56
BKG-004801,SES-088721,USR-00399,EXP-0216,2024-07-09,2024-07-23,3,91.65,0.09,affiliates,desktop,completed,250.2
BKG-004802,SES-088739,USR-07287,EXP-0230,2025-01-19,2025-01-22,1,132.13,0.07,paid_search,desktop,cancelled,122.88
BKG-004803,SES-088750,USR-02202,EXP-0220,2024-10-01,2024-10-15,2,37.94,0.0,organic,mobile,completed,75.88
BKG-004804,SES-088770,USR-03257,EXP-0158,2024-09-07,2024-09-21,2,51.0,0.0,organic,mobile,completed,102.0
BKG-004805,SES-088798,USR-07046,EXP-0220,2025-02-11,2025-02-17,1,37.7,0.0,organic,mobile,completed,37.7
BKG-004806,SES-088805,USR-01379,EXP-0259,2025-04-10,2025-04-30,2,128.91,0.0,paid_search,desktop,refunded,257.82
BKG-004807,SES-088834,USR-05375,EXP-0283,2024-07-03,2024-07-04,3,148.88,0.08,organic,mobile,completed,410.91
BKG-004808,SES-088846,USR-02347,EXP-0113,2024-12-29,2025-01-11,2,140.91,0.05,social,mobile,completed,267.73
BKG-004809,SES-088868,USR-02263,EXP-0226,2025-06-27,2025-06-30,2,138.43,0.0,paid_search,mobile,completed,276.86
BKG-004810,SES-088886,USR-05646,EXP-0129,2024-11-26,2024-11-27,4,193.8,0.17,email,desktop,completed,643.42
BKG-004811,SES-088890,USR-00818,EXP-0021,2025-03-08,2025-03-31,6,90.4,0.0,organic,mobile,completed,542.4
BKG-004812,SES-088900,USR-00738,EXP-0273,2024-12-14,2024-12-22,6,42.68,0.0,email,desktop,completed,256.08
BKG-004813,SES-088904,USR-04985,EXP-0158,2024-08-24,2024-08-30,2,51.59,0.0,organic,desktop,completed,103.18
BKG-004814,SES-088905,USR-06453,EXP-0006,2025-02-23,2025-03-29,1,48.78,0.13,referral,mobile,completed,42.44
BKG-004815,SES-088919,USR-04772,EXP-0076,2024-10-24,2024-11-07,1,65.38,0.2,paid_search,desktop,completed,52.3
BKG-004816,SES-088927,USR-04900,EXP-0141,2025-04-24,2025-04-26,2,47.31,0.0,referral,desktop,completed,94.62
BKG-004817,SES-088938,USR-01068,EXP-0264,2025-01-21,2025-02-06,2,136.16,0.0,paid_search,desktop,completed,272.32
BKG-004818,SES-088949,USR-03166,EXP-0139,2024-07-03,2024-07-22,2,102.13,0.13,affiliates,mobile,completed,177.71
BKG-004819,SES-088975,USR-05864,EXP-0053,2024-12-26,2025-01-16,2,38.35,0.0,referral,desktop,completed,76.7
BKG-004820,SES-088985,USR-02853,EXP-0047,2024-08-29,2024-09-06,2,115.9,0.0,organic,mobile,completed,231.8
BKG-004821,SES-089057,USR-01576,EXP-0098,2025-02-07,2025-02-14,2,88.54,0.0,organic,mobile,completed,177.08
BKG-004822,SES-089077,USR-04377,EXP-0236,2024-09-29,2024-10-01,2,119.18,0.0,affiliates,tablet,completed,238.36
BKG-004823,SES-089164,USR-04147,EXP-0208,2024-07-04,2024-07-20,3,67.37,0.0,paid_search,mobile,completed,202.11
BKG-004824,SES-089167,USR-04256,EXP-0093,2025-03-07,2025-03-09,1,49.5,0.0,social,desktop,completed,49.5
BKG-004825,SES-089192,USR-03245,EXP-0196,2025-02-15,2025-02-21,2,60.06,0.0,paid_search,mobile,completed,120.12
BKG-004826,SES-089193,USR-06821,EXP-0182,2024-10-08,2024-10-22,3,61.86,0.13,social,mobile,completed,161.45
BKG-004827,SES-089197,USR-04579,EXP-0231,2025-02-18,2025-03-08,2,65.06,0.14,organic,mobile,completed,111.9
BKG-004828,SES-089210,USR-02597,EXP-0024,2025-02-02,2025-02-03,4,94.1,0.19,affiliates,mobile,completed,304.88
BKG-004829,SES-089213,USR-05111,EXP-0168,2025-04-25,2025-04-29,2,177.74,0.16,paid_search,desktop,completed,298.6
BKG-004830,SES-089259,USR-04818,EXP-0248,2025-04-05,2025-04-25,2,159.87,0.0,paid_search,desktop,completed,319.74
BKG-004831,SES-089263,USR-00906,EXP-0229,2025-04-14,2025-04-16,2,97.82,0.07,organic,mobile,completed,181.95
BKG-004832,SES-089274,USR-04474,EXP-0200,2024-12-05,2024-12-08,2,107.45,0.12,organic,mobile,refunded,189.11
BKG-004833,SES-089319,USR-00675,EXP-0214,2025-02-03,2025-03-09,2,82.75,0.0,organic,mobile,refunded,165.5
BKG-004834,SES-089326,USR-05234,EXP-0025,2024-07-20,2024-08-05,2,44.39,0.0,organic,mobile,completed,88.78
BKG-004835,SES-089335,USR-02225,EXP-0222,2025-01-30,2025-02-14,2,41.79,0.07,organic,mobile,completed,77.73
BKG-004836,SES-089336,USR-03515,EXP-0121,2024-11-04,2024-11-21,4,94.99,0.0,paid_search,desktop,completed,379.96
BKG-004837,SES-089397,USR-06507,EXP-0273,2024-07-27,2024-08-10,1,34.11,0.0,referral,mobile,completed,34.11
BKG-004838,SES-089414,USR-04245,EXP-0185,2025-05-22,2025-06-03,3,97.9,0.0,organic,desktop,cancelled,293.7
BKG-004839,SES-089415,USR-05659,EXP-0033,2025-02-01,2025-02-22,3,71.25,0.0,paid_search,tablet,completed,213.75
BKG-004840,SES-089441,USR-05464,EXP-0075,2025-04-24,2025-04-30,2,90.76,0.16,paid_search,mobile,completed,152.48
BKG-004841,SES-089443,USR-07296,EXP-0105,2025-04-02,2025-04-04,2,68.7,0.0,paid_search,desktop,completed,137.4
BKG-004842,SES-089449,USR-00457,EXP-0260,2024-09-12,2024-09-20,1,53.44,0.19,email,mobile,completed,43.29
BKG-004843,SES-089456,USR-05187,EXP-0059,2025-03-14,2025-03-20,2,34.96,0.14,paid_search,mobile,completed,60.13
BKG-004844,SES-089458,USR-07403,EXP-0138,2024-11-18,2024-11-20,2,65.9,0.06,referral,mobile,completed,123.89
BKG-004845,SES-089490,USR-07399,EXP-0034,2024-07-25,2024-08-04,6,104.08,0.0,paid_search,mobile,completed,624.48
BKG-004846,SES-089496,USR-05582,EXP-0078,2024-09-27,2024-10-08,3,47.74,0.06,paid_search,mobile,completed,134.63
BKG-004847,SES-089517,USR-01139,EXP-0204,2024-11-15,2024-12-08,2,79.51,0.0,affiliates,mobile,completed,159.02
BKG-004848,SES-089532,USR-07684,EXP-0145,2025-05-02,2025-05-15,2,140.64,0.07,paid_search,desktop,completed,261.59
BKG-004849,SES-089536,USR-07606,EXP-0124,2024-07-06,2024-07-10,2,84.22,0.11,paid_search,desktop,refunded,149.91
BKG-004850,SES-089568,USR-05602,EXP-0038,2025-05-09,2025-05-29,3,173.84,0.0,affiliates,desktop,refunded,521.52
BKG-004851,SES-089589,USR-01515,EXP-0065,2024-08-07,2024-08-13,6,84.31,0.0,paid_search,desktop,cancelled,505.86
BKG-004852,SES-089616,USR-06454,EXP-0251,2024-11-06,2024-11-12,4,88.33,0.07,organic,mobile,completed,328.59
BKG-004853,SES-089638,USR-07817,EXP-0268,2024-12-11,2024-12-18,2,73.98,0.14,organic,desktop,refunded,127.25
BKG-004854,SES-089653,USR-02012,EXP-0024,2025-04-28,2025-05-02,2,91.13,0.06,organic,desktop,completed,171.32
BKG-004855,SES-089660,USR-07241,EXP-0260,2025-03-11,2025-03-13,1,49.64,0.13,paid_search,desktop,completed,43.19
BKG-004856,SES-089687,USR-06080,EXP-0006,2025-04-23,2025-05-07,2,46.44,0.1,organic,desktop,refunded,83.59
BKG-004857,SES-089727,USR-05711,EXP-0254,2025-06-19,2025-06-20,4,215.84,0.06,organic,mobile,completed,811.56
BKG-004858,SES-089734,USR-06177,EXP-0146,2024-12-30,2025-01-28,2,50.82,0.0,organic,desktop,completed,101.64
BKG-004859,SES-089741,USR-03045,EXP-0280,2024-11-23,2024-12-01,2,138.21,0.09,organic,desktop,completed,251.54
BKG-004860,SES-089749,USR-03405,EXP-0261,2025-04-22,2025-05-13,2,122.62,0.0,referral,mobile,completed,245.24
BKG-004861,SES-089788,USR-06940,EXP-0241,2025-04-23,2025-05-17,1,124.86,0.07,organic,desktop,completed,116.12
BKG-004862,SES-089812,USR-04477,EXP-0221,2025-02-24,2025-02-26,2,82.87,0.16,paid_search,desktop,completed,139.22
BKG-004863,SES-089829,USR-07495,EXP-0144,2024-11-11,2024-12-01,2,84.72,0.0,organic,mobile,completed,169.44
BKG-004864,SES-089861,USR-03202,EXP-0243,2024-08-30,2024-09-15,2,78.17,0.0,affiliates,desktop,completed,156.34
BKG-004865,SES-089872,USR-05838,EXP-0120,2025-06-02,2025-07-01,6,76.26,0.0,email,mobile,completed,457.56
BKG-004866,SES-089899,USR-00126,EXP-0138,2024-09-01,2024-09-06,2,65.68,0.0,organic,mobile,completed,131.36
BKG-004867,SES-089917,USR-06251,EXP-0183,2025-04-28,2025-05-02,1,21.34,0.13,organic,desktop,completed,18.57
BKG-004868,SES-089933,USR-06355,EXP-0048,2025-03-21,2025-03-26,6,114.17,0.0,paid_search,desktop,completed,685.02
BKG-004869,SES-089942,USR-06549,EXP-0009,2025-01-13,2025-01-19,2,58.35,0.0,paid_search,desktop,completed,116.7
BKG-004870,SES-089946,USR-03941,EXP-0253,2025-06-11,2025-06-21,2,53.88,0.0,organic,mobile,completed,107.76
BKG-004871,SES-089966,USR-06739,EXP-0038,2025-04-24,2025-05-14,4,182.41,0.14,paid_search,mobile,completed,627.49
BKG-004872,SES-089969,USR-07116,EXP-0161,2025-02-28,2025-03-02,4,165.3,0.0,referral,mobile,completed,661.2
BKG-004873,SES-089970,USR-07654,EXP-0207,2025-03-20,2025-03-25,2,105.67,0.0,organic,tablet,completed,211.34
BKG-004874,SES-089997,USR-00431,EXP-0243,2025-02-10,2025-02-14,5,78.36,0.0,email,mobile,refunded,391.8
BKG-004875,SES-090005,USR-07547,EXP-0043,2025-04-08,2025-05-07,3,34.8,0.0,social,desktop,completed,104.4
BKG-004876,SES-090017,USR-00628,EXP-0051,2025-01-24,2025-01-27,1,29.97,0.0,email,mobile,completed,29.97
BKG-004877,SES-090024,USR-05356,EXP-0062,2025-05-20,2025-06-04,2,126.32,0.0,paid_search,mobile,completed,252.64
BKG-004878,SES-090028,USR-07772,EXP-0040,2025-03-24,2025-03-27,4,171.26,0.0,organic,mobile,completed,685.04
BKG-004879,SES-090083,USR-01819,EXP-0070,2025-05-14,2025-05-20,3,85.17,0.0,paid_search,tablet,completed,255.51
BKG-004880,SES-090089,USR-05645,EXP-0244,2024-07-08,2024-07-12,5,117.59,0.12,paid_search,tablet,completed,517.4
BKG-004881,SES-090100,USR-04013,EXP-0040,2024-09-01,2024-09-03,2,180.28,0.19,paid_search,desktop,completed,292.05
BKG-004882,SES-090108,USR-02805,EXP-0196,2024-07-25,2024-07-27,4,63.15,0.0,affiliates,desktop,completed,252.6
BKG-004883,SES-090121,USR-03396,EXP-0131,2025-06-29,2025-07-01,1,87.19,0.0,paid_search,desktop,completed,87.19
BKG-004884,SES-090122,USR-04412,EXP-0088,2025-06-22,2025-07-27,5,58.78,0.0,paid_search,desktop,completed,293.9
BKG-004885,SES-090149,USR-07783,EXP-0227,2024-09-30,2024-10-13,2,88.17,0.0,paid_search,mobile,completed,176.34
BKG-004886,SES-090171,USR-07927,EXP-0080,2024-12-02,2025-01-02,4,78.02,0.0,paid_search,desktop,completed,312.08
BKG-004887,SES-090223,USR-03105,EXP-0165,2025-05-10,2025-05-13,3,55.19,0.0,organic,mobile,completed,165.57
BKG-004888,SES-090240,USR-05052,EXP-0184,2025-03-20,2025-04-04,5,72.55,0.0,organic,desktop,completed,362.75
BKG-004889,SES-090257,USR-04689,EXP-0126,2025-06-12,2025-06-21,2,69.34,0.19,referral,desktop,completed,112.33
BKG-004890,SES-090260,USR-02727,EXP-0100,2024-07-03,2024-07-20,2,148.32,0.0,affiliates,desktop,completed,296.64
BKG-004891,SES-090261,USR-04411,EXP-0235,2025-01-26,2025-01-28,2,60.17,0.09,paid_search,mobile,completed,109.51
BKG-004892,SES-090262,USR-03553,EXP-0161,2025-03-07,2025-04-01,2,175.89,0.0,affiliates,desktop,completed,351.78
BKG-004893,SES-090301,USR-05350,EXP-0143,2025-05-08,2025-05-14,2,100.74,0.0,organic,desktop,refunded,201.48
BKG-004894,SES-090306,USR-06862,EXP-0211,2025-01-04,2025-01-13,1,89.24,0.0,paid_search,mobile,completed,89.24
BKG-004895,SES-090316,USR-07608,EXP-0283,2024-11-11,2024-11-12,2,159.58,0.0,email,mobile,completed,319.16
BKG-004896,SES-090317,USR-02330,EXP-0092,2025-06-26,2025-06-27,3,58.96,0.0,email,desktop,completed,176.88
BKG-004897,SES-090325,USR-01160,EXP-0138,2025-01-17,2025-01-29,2,54.84,0.0,email,desktop,completed,109.68
BKG-004898,SES-090326,USR-06559,EXP-0110,2025-03-11,2025-03-19,4,126.59,0.0,organic,desktop,completed,506.36
BKG-004899,SES-090361,USR-07132,EXP-0212,2024-07-16,2024-08-01,2,61.25,0.0,referral,mobile,completed,122.5
BKG-004900,SES-090376,USR-00865,EXP-0146,2025-01-24,2025-01-27,4,48.87,0.08,email,mobile,completed,179.84
BKG-004901,SES-090401,USR-05472,EXP-0187,2025-06-26,2025-07-06,3,48.85,0.0,paid_search,desktop,completed,146.55
BKG-004902,SES-090433,USR-02195,EXP-0053,2025-04-18,2025-05-18,2,40.87,0.0,referral,mobile,completed,81.74
BKG-004903,SES-090437,USR-04439,EXP-0035,2025-06-26,2025-07-18,2,135.94,0.0,email,desktop,completed,271.88
BKG-004904,SES-090439,USR-03945,EXP-0220,2024-10-20,2024-11-06,3,36.5,0.0,referral,desktop,completed,109.5
BKG-004905,SES-090440,USR-05479,EXP-0147,2024-12-15,2024-12-19,1,34.52,0.12,paid_search,mobile,completed,30.38
BKG-004906,SES-090442,USR-07709,EXP-0167,2025-03-28,2025-04-13,3,86.83,0.0,referral,mobile,completed,260.49
BKG-004907,SES-090497,USR-05813,EXP-0142,2024-09-09,2024-09-10,2,89.36,0.0,paid_search,desktop,refunded,178.72
BKG-004908,SES-090507,USR-03521,EXP-0245,2025-01-28,2025-03-03,1,128.81,0.0,organic,desktop,completed,128.81
BKG-004909,SES-090519,USR-07684,EXP-0142,2025-01-07,2025-01-28,6,89.99,0.0,affiliates,desktop,completed,539.94
BKG-004910,SES-090530,USR-00079,EXP-0059,2024-07-26,2024-08-01,6,35.82,0.0,social,mobile,completed,214.92
BKG-004911,SES-090541,USR-05872,EXP-0037,2024-08-14,2024-08-20,3,92.71,0.09,organic,mobile,completed,253.1
BKG-004912,SES-090601,USR-06569,EXP-0165,2025-02-12,2025-02-15,1,53.19,0.0,email,desktop,completed,53.19
BKG-004913,SES-090606,USR-06811,EXP-0094,2025-01-26,2025-02-27,3,74.6,0.0,organic,mobile,completed,223.8
BKG-004914,SES-090636,USR-02657,EXP-0080,2025-02-28,2025-03-14,3,81.32,0.14,paid_search,mobile,completed,209.81
BKG-004915,SES-090665,USR-07792,EXP-0249,2025-05-22,2025-05-26,4,220.01,0.0,referral,mobile,completed,880.04
BKG-004916,SES-090684,USR-01205,EXP-0069,2025-02-03,2025-02-08,2,105.9,0.13,email,desktop,completed,184.27
BKG-004917,SES-090729,USR-06612,EXP-0001,2024-12-08,2024-12-14,3,58.94,0.0,referral,tablet,completed,176.82
BKG-004918,SES-090745,USR-07952,EXP-0023,2025-04-21,2025-05-18,3,40.25,0.0,paid_search,desktop,completed,120.75
BKG-004919,SES-090779,USR-05501,EXP-0200,2025-02-01,2025-02-20,2,110.1,0.1,organic,desktop,completed,198.18
BKG-004920,SES-090791,USR-07160,EXP-0067,2024-08-11,2024-10-29,2,57.46,0.15,email,mobile,completed,97.68
BKG-004921,SES-090816,USR-03942,EXP-0125,2025-04-11,2025-04-28,1,47.27,0.0,organic,desktop,completed,47.27
BKG-004922,SES-090817,USR-04288,EXP-0197,2025-03-20,2025-04-20,5,91.55,0.09,organic,mobile,completed,416.55
BKG-004923,SES-090844,USR-05768,EXP-0088,2025-06-26,2025-07-23,2,57.65,0.0,paid_search,desktop,cancelled,115.3
BKG-004924,SES-090854,USR-01190,EXP-0221,2025-05-28,2025-06-07,2,78.79,0.17,referral,desktop,cancelled,130.79
BKG-004925,SES-090874,USR-05264,EXP-0113,2025-04-15,2025-05-27,3,128.99,0.05,email,mobile,completed,367.62
BKG-004926,SES-090875,USR-05147,EXP-0094,2025-01-23,2025-02-02,2,82.56,0.0,paid_search,mobile,completed,165.12
BKG-004927,SES-090899,USR-06093,EXP-0073,2025-02-04,2025-02-08,2,87.11,0.0,paid_search,mobile,refunded,174.22
BKG-004928,SES-090944,USR-03463,EXP-0109,2024-08-17,2024-08-18,5,84.25,0.1,email,desktop,completed,379.12
BKG-004929,SES-090958,USR-06501,EXP-0266,2025-01-24,2025-02-14,2,59.19,0.0,organic,mobile,completed,118.38
BKG-004930,SES-090993,USR-05551,EXP-0031,2024-10-06,2024-10-27,3,60.58,0.0,social,desktop,completed,181.74
BKG-004931,SES-090994,USR-07473,EXP-0247,2024-08-26,2024-10-19,3,131.16,0.1,social,mobile,completed,354.13
BKG-004932,SES-091000,USR-05949,EXP-0063,2025-01-15,2025-01-30,4,94.8,0.0,organic,desktop,completed,379.2
BKG-004933,SES-091009,USR-05964,EXP-0218,2024-11-26,2024-12-01,2,56.63,0.05,organic,mobile,completed,107.6
BKG-004934,SES-091053,USR-01426,EXP-0088,2025-01-20,2025-01-22,2,53.61,0.0,paid_search,mobile,completed,107.22
BKG-004935,SES-091060,USR-03549,EXP-0265,2024-11-30,2024-12-08,2,59.19,0.18,organic,mobile,completed,97.07
BKG-004936,SES-091071,USR-01505,EXP-0207,2024-11-24,2024-11-29,4,99.46,0.15,paid_search,mobile,completed,338.16
BKG-004937,SES-091075,USR-07979,EXP-0018,2025-03-27,2025-03-29,1,61.16,0.17,social,mobile,refunded,50.76
BKG-004938,SES-091079,USR-06288,EXP-0053,2024-11-11,2024-11-19,3,38.27,0.0,affiliates,desktop,cancelled,114.81
BKG-004939,SES-091118,USR-07056,EXP-0120,2025-01-15,2025-01-20,5,75.96,0.07,email,mobile,completed,353.21
BKG-004940,SES-091126,USR-06411,EXP-0025,2025-04-20,2025-04-24,2,42.46,0.0,paid_search,mobile,completed,84.92
BKG-004941,SES-091133,USR-06514,EXP-0297,2024-12-09,2024-12-14,2,84.51,0.0,organic,mobile,completed,169.02
BKG-004942,SES-091153,USR-03685,EXP-0041,2024-10-20,2024-10-28,1,27.11,0.0,referral,mobile,completed,27.11
BKG-004943,SES-091161,USR-07549,EXP-0220,2024-09-21,2024-10-08,4,37.95,0.0,paid_search,mobile,completed,151.8
BKG-004944,SES-091175,USR-06336,EXP-0112,2024-08-17,2024-08-30,3,50.29,0.1,affiliates,tablet,completed,135.78
BKG-004945,SES-091183,USR-01246,EXP-0009,2025-01-23,2025-02-14,2,61.32,0.0,paid_search,tablet,completed,122.64
BKG-004946,SES-091186,USR-06276,EXP-0150,2024-10-06,2024-10-28,4,91.12,0.0,organic,mobile,completed,364.48
BKG-004947,SES-091196,USR-04849,EXP-0244,2025-04-01,2025-04-11,2,115.01,0.18,paid_search,desktop,completed,188.62
BKG-004948,SES-091231,USR-04064,EXP-0073,2025-01-25,2025-02-16,2,84.67,0.0,paid_search,desktop,completed,169.34
BKG-004949,SES-091232,USR-00664,EXP-0149,2025-01-11,2025-01-12,4,56.37,0.0,organic,mobile,completed,225.48
BKG-004950,SES-091233,USR-01203,EXP-0001,2024-09-17,2024-09-22,1,59.71,0.0,paid_search,mobile,cancelled,59.71
BKG-004951,SES-091238,USR-03201,EXP-0129,2025-04-09,2025-04-15,3,181.71,0.15,paid_search,mobile,completed,463.36
BKG-004952,SES-091255,USR-04483,EXP-0286,2025-05-15,2025-05-27,5,49.27,0.07,paid_search,desktop,completed,229.11
BKG-004953,SES-091270,USR-00959,EXP-0015,2025-04-02,2025-04-30,2,36.57,0.0,paid_search,mobile,completed,73.14
BKG-004954,SES-091274,USR-02087,EXP-0215,2025-02-12,2025-02-15,2,43.87,0.0,paid_search,mobile,completed,87.74
BKG-004955,SES-091324,USR-07244,EXP-0184,2025-01-11,2025-01-17,2,74.53,0.19,organic,desktop,completed,120.74
BKG-004956,SES-091327,USR-00738,EXP-0176,2024-11-18,2024-12-06,5,60.8,0.0,organic,mobile,completed,304.0
BKG-004957,SES-091352,USR-07099,EXP-0203,2024-11-11,2024-11-27,2,129.81,0.0,affiliates,desktop,completed,259.62
BKG-004958,SES-091353,USR-05855,EXP-0027,2024-09-18,2024-09-27,4,190.3,0.0,paid_search,mobile,cancelled,761.2
BKG-004959,SES-091358,USR-05125,EXP-0167,2024-12-17,2025-01-24,1,79.54,0.0,email,desktop,completed,79.54
BKG-004960,SES-091360,USR-02176,EXP-0095,2025-05-07,2025-05-10,2,123.35,0.0,paid_search,mobile,completed,246.7
BKG-004961,SES-091373,USR-02543,EXP-0293,2025-06-04,2025-07-02,3,105.58,0.0,paid_search,tablet,completed,316.74
BKG-004962,SES-091378,USR-00566,EXP-0072,2025-02-15,2025-03-04,4,90.46,0.11,email,desktop,completed,322.04
BKG-004963,SES-091381,USR-00704,EXP-0265,2024-12-15,2025-01-04,2,62.97,0.0,affiliates,mobile,completed,125.94
BKG-004964,SES-091395,USR-02748,EXP-0021,2025-03-13,2025-03-23,1,94.35,0.0,organic,mobile,completed,94.35
BKG-004965,SES-091409,USR-00708,EXP-0253,2024-10-02,2024-10-22,1,53.7,0.15,paid_search,mobile,completed,45.64
BKG-004966,SES-091416,USR-06939,EXP-0046,2024-09-19,2024-09-23,2,171.77,0.0,affiliates,desktop,completed,343.54
BKG-004967,SES-091421,USR-01871,EXP-0204,2025-06-02,2025-06-10,2,87.22,0.13,email,mobile,cancelled,151.76
BKG-004968,SES-091422,USR-06335,EXP-0207,2024-07-21,2024-08-11,3,96.3,0.14,email,mobile,completed,248.45
BKG-004969,SES-091423,USR-02578,EXP-0056,2025-03-03,2025-03-17,2,39.07,0.0,referral,mobile,completed,78.14
BKG-004970,SES-091425,USR-00318,EXP-0167,2024-12-19,2025-01-06,2,84.54,0.06,paid_search,mobile,completed,158.94
BKG-004971,SES-091436,USR-03690,EXP-0004,2025-04-14,2025-05-01,3,60.26,0.16,referral,mobile,cancelled,151.86
BKG-004972,SES-091437,USR-07689,EXP-0137,2024-09-11,2024-09-19,2,49.79,0.0,social,desktop,completed,99.58
BKG-004973,SES-091476,USR-00214,EXP-0200,2024-12-09,2024-12-12,2,100.62,0.0,organic,desktop,completed,201.24
BKG-004974,SES-091482,USR-07634,EXP-0073,2025-02-17,2025-04-11,2,90.13,0.0,paid_search,tablet,completed,180.26
BKG-004975,SES-091492,USR-03812,EXP-0109,2025-04-02,2025-04-09,5,71.43,0.0,referral,desktop,completed,357.15
BKG-004976,SES-091513,USR-04917,EXP-0124,2024-11-02,2024-11-19,2,96.32,0.06,organic,desktop,completed,181.08
BKG-004977,SES-091529,USR-04046,EXP-0035,2025-04-11,2025-04-15,1,134.18,0.0,paid_search,mobile,completed,134.18
BKG-004978,SES-091530,USR-05289,EXP-0115,2024-07-27,2024-09-05,3,26.5,0.09,paid_search,mobile,completed,72.34
BKG-004979,SES-091535,USR-01808,EXP-0005,2025-05-29,2025-06-08,6,70.07,0.0,paid_search,mobile,completed,420.42
BKG-004980,SES-091540,USR-03946,EXP-0251,2024-09-29,2024-10-16,4,77.55,0.1,referral,desktop,completed,279.18
BKG-004981,SES-091606,USR-05499,EXP-0096,2024-09-02,2024-09-25,2,111.64,0.0,affiliates,mobile,cancelled,223.28
BKG-004982,SES-091621,USR-00474,EXP-0271,2024-12-29,2025-01-01,2,117.33,0.0,paid_search,desktop,completed,234.66
BKG-004983,SES-091624,USR-00491,EXP-0022,2024-12-12,2024-12-19,2,71.25,0.0,referral,desktop,completed,142.5
BKG-004984,SES-091632,USR-01675,EXP-0219,2025-04-21,2025-04-23,6,210.58,0.19,paid_search,mobile,completed,1023.42
BKG-004985,SES-091674,USR-06335,EXP-0244,2024-11-03,2024-12-14,2,126.24,0.0,organic,mobile,completed,252.48
BKG-004986,SES-091700,USR-01146,EXP-0041,2025-06-04,2025-06-06,1,28.17,0.0,referral,desktop,completed,28.17
BKG-004987,SES-091709,USR-00129,EXP-0240,2025-04-04,2025-04-28,3,89.85,0.0,referral,desktop,completed,269.55
BKG-004988,SES-091731,USR-00779,EXP-0003,2025-02-13,2025-03-15,1,99.25,0.16,organic,mobile,completed,83.37
BKG-004989,SES-091740,USR-00088,EXP-0054,2025-03-15,2025-03-21,6,68.59,0.0,organic,mobile,completed,411.54
BKG-004990,SES-091787,USR-04834,EXP-0109,2025-03-14,2025-03-16,1,85.57,0.0,social,mobile,cancelled,85.57
BKG-004991,SES-091821,USR-07890,EXP-0226,2024-07-11,2024-07-16,1,128.39,0.0,paid_search,mobile,completed,128.39
BKG-004992,SES-091822,USR-02954,EXP-0268,2025-04-06,2025-04-07,1,74.39,0.0,paid_search,mobile,cancelled,74.39
BKG-004993,SES-091825,USR-03319,EXP-0188,2025-01-31,2025-02-03,2,41.99,0.0,email,mobile,completed,83.98
BKG-004994,SES-091843,USR-05839,EXP-0046,2025-05-12,2025-05-15,1,169.96,0.0,paid_search,mobile,completed,169.96
BKG-004995,SES-091844,USR-05095,EXP-0092,2025-03-22,2025-04-11,2,68.88,0.0,paid_search,desktop,completed,137.76
BKG-004996,SES-091855,USR-07791,EXP-0078,2024-11-28,2024-12-04,1,50.39,0.0,paid_search,mobile,completed,50.39
BKG-004997,SES-091893,USR-03682,EXP-0292,2025-06-15,2025-06-18,3,108.64,0.18,email,mobile,completed,267.25
BKG-004998,SES-091907,USR-00118,EXP-0262,2024-10-10,2024-11-26,2,92.37,0.0,affiliates,desktop,cancelled,184.74
BKG-004999,SES-091917,USR-03568,EXP-0081,2025-03-16,2025-04-07,4,94.28,0.0,paid_search,mobile,completed,377.12
BKG-005000,SES-091918,USR-05018,EXP-0224,2024-11-30,2024-12-08,3,76.59,0.09,paid_search,desktop,completed,209.09
BKG-005001,SES-091920,USR-02043,EXP-0108,2024-07-27,2024-08-01,3,63.8,0.0,organic,mobile,cancelled,191.4
BKG-005002,SES-091930,USR-06298,EXP-0072,2024-08-13,2024-08-30,2,84.74,0.12,paid_search,mobile,completed,149.14
BKG-005003,SES-091966,USR-03332,EXP-0013,2024-10-10,2024-10-14,2,85.22,0.0,paid_search,desktop,completed,170.44
BKG-005004,SES-091981,USR-02474,EXP-0093,2024-09-29,2024-10-23,1,42.73,0.0,affiliates,desktop,completed,42.73
BKG-005005,SES-091992,USR-02350,EXP-0063,2025-03-23,2025-03-27,2,106.69,0.2,email,mobile,completed,170.7
BKG-005006,SES-092003,USR-04707,EXP-0135,2024-08-31,2024-09-07,2,77.41,0.0,email,mobile,cancelled,154.82
BKG-005007,SES-092015,USR-04363,EXP-0095,2025-04-19,2025-04-20,2,137.48,0.0,referral,mobile,completed,274.96
BKG-005008,SES-092016,USR-05726,EXP-0090,2024-08-10,2024-08-25,1,121.1,0.1,email,mobile,cancelled,108.99
BKG-005009,SES-092021,USR-03972,EXP-0107,2025-02-25,2025-02-26,3,33.77,0.12,organic,mobile,completed,89.15
BKG-005010,SES-092027,USR-07296,EXP-0133,2025-05-21,2025-07-15,2,97.93,0.0,referral,mobile,cancelled,195.86
BKG-005011,SES-092050,USR-03127,EXP-0056,2025-06-11,2025-06-16,3,31.88,0.0,paid_search,mobile,completed,95.64
BKG-005012,SES-092060,USR-04093,EXP-0298,2025-04-22,2025-06-12,2,82.83,0.0,paid_search,mobile,completed,165.66
BKG-005013,SES-092062,USR-07127,EXP-0010,2024-07-06,2024-07-17,3,56.0,0.0,paid_search,mobile,completed,168.0
BKG-005014,SES-092080,USR-03709,EXP-0147,2024-12-29,2025-01-14,2,33.98,0.0,paid_search,mobile,completed,67.96
BKG-005015,SES-092083,USR-00405,EXP-0166,2024-09-27,2024-10-09,1,81.05,0.0,email,desktop,completed,81.05
BKG-005016,SES-092145,USR-04848,EXP-0064,2025-04-17,2025-05-09,2,82.25,0.0,organic,mobile,completed,164.5
BKG-005017,SES-092147,USR-07213,EXP-0040,2024-08-09,2024-08-11,1,180.82,0.16,organic,desktop,completed,151.89
BKG-005018,SES-092168,USR-04551,EXP-0186,2025-05-04,2025-05-16,1,62.3,0.17,paid_search,mobile,completed,51.71
BKG-005019,SES-092189,USR-00192,EXP-0162,2025-06-14,2025-06-22,5,66.19,0.18,organic,desktop,cancelled,271.38
BKG-005020,SES-092195,USR-01196,EXP-0252,2025-01-09,2025-01-23,2,73.45,0.0,referral,mobile,cancelled,146.9
BKG-005021,SES-092224,USR-05756,EXP-0136,2024-08-27,2024-08-30,2,44.82,0.0,referral,desktop,completed,89.64
BKG-005022,SES-092240,USR-03637,EXP-0079,2024-10-05,2024-11-20,4,97.95,0.0,organic,desktop,completed,391.8
BKG-005023,SES-092258,USR-04753,EXP-0161,2024-11-18,2024-12-02,3,159.92,0.0,organic,mobile,completed,479.76
BKG-005024,SES-092347,USR-00583,EXP-0141,2024-08-28,2024-09-17,2,51.89,0.0,email,mobile,completed,103.78
BKG-005025,SES-092364,USR-02738,EXP-0286,2025-04-08,2025-04-10,1,52.88,0.0,social,mobile,completed,52.88
BKG-005026,SES-092384,USR-05233,EXP-0241,2024-10-13,2024-10-17,2,146.76,0.0,paid_search,desktop,completed,293.52
BKG-005027,SES-092439,USR-00364,EXP-0117,2024-09-13,2024-09-14,3,117.0,0.0,paid_search,desktop,completed,351.0
BKG-005028,SES-092482,USR-01116,EXP-0094,2025-02-13,2025-03-07,2,89.21,0.09,paid_search,mobile,completed,162.36
BKG-005029,SES-092507,USR-05196,EXP-0224,2025-05-20,2025-05-30,4,68.3,0.0,paid_search,mobile,completed,273.2
BKG-005030,SES-092537,USR-02915,EXP-0285,2024-12-23,2024-12-27,2,40.46,0.0,email,mobile,completed,80.92
BKG-005031,SES-092555,USR-01987,EXP-0067,2025-01-25,2025-01-29,2,57.55,0.0,paid_search,mobile,completed,115.1
BKG-005032,SES-092612,USR-04649,EXP-0182,2024-07-28,2024-08-22,1,63.13,0.06,referral,desktop,cancelled,59.34
BKG-005033,SES-092622,USR-01007,EXP-0177,2024-08-26,2024-09-29,1,33.04,0.0,email,mobile,completed,33.04
BKG-005034,SES-092628,USR-01758,EXP-0006,2024-11-12,2024-11-17,4,45.09,0.19,social,desktop,completed,146.09
BKG-005035,SES-092629,USR-03441,EXP-0022,2024-08-09,2024-08-16,6,77.58,0.0,paid_search,tablet,completed,465.48
BKG-005036,SES-092637,USR-00758,EXP-0179,2024-09-22,2024-12-01,2,35.71,0.15,email,tablet,completed,60.71
BKG-005037,SES-092651,USR-03951,EXP-0029,2024-09-04,2024-09-23,2,75.47,0.0,organic,mobile,completed,150.94
BKG-005038,SES-092663,USR-00640,EXP-0090,2024-07-20,2024-07-21,2,132.15,0.0,paid_search,desktop,completed,264.3
BKG-005039,SES-092679,USR-00254,EXP-0191,2024-09-22,2024-09-24,2,79.64,0.0,affiliates,mobile,completed,159.28
BKG-005040,SES-092681,USR-05063,EXP-0064,2025-03-06,2025-03-12,1,66.75,0.0,organic,mobile,completed,66.75
BKG-005041,SES-092692,USR-01704,EXP-0049,2025-06-17,2025-06-19,2,133.62,0.09,paid_search,desktop,completed,243.19
BKG-005042,SES-092715,USR-03584,EXP-0173,2025-06-17,2025-07-15,1,66.41,0.1,paid_search,desktop,cancelled,59.77
BKG-005043,SES-092716,USR-00788,EXP-0095,2024-08-27,2024-09-11,2,140.5,0.16,organic,mobile,completed,236.04
BKG-005044,SES-092735,USR-02103,EXP-0069,2024-07-05,2024-07-06,4,109.2,0.0,paid_search,desktop,completed,436.8
BKG-005045,SES-092761,USR-06999,EXP-0059,2025-01-04,2025-01-12,2,34.3,0.08,referral,mobile,cancelled,63.11
BKG-005046,SES-092762,USR-06271,EXP-0201,2024-07-29,2024-08-04,3,74.83,0.0,affiliates,mobile,completed,224.49
BKG-005047,SES-092778,USR-03658,EXP-0066,2024-11-20,2024-12-02,1,59.18,0.0,organic,desktop,completed,59.18
BKG-005048,SES-092780,USR-06147,EXP-0298,2024-09-10,2024-09-20,5,79.28,0.0,paid_search,mobile,completed,396.4
BKG-005049,SES-092812,USR-00012,EXP-0182,2024-11-05,2024-11-06,2,70.79,0.1,referral,desktop,refunded,127.42
BKG-005050,SES-092838,USR-00324,EXP-0209,2025-06-21,2025-07-04,1,74.4,0.0,paid_search,desktop,completed,74.4
BKG-005051,SES-092842,USR-06993,EXP-0077,2024-09-29,2024-09-30,4,163.44,0.0,organic,mobile,cancelled,653.76
BKG-005052,SES-092913,USR-01672,EXP-0187,2024-09-06,2024-09-08,2,46.29,0.0,paid_search,desktop,completed,92.58
BKG-005053,SES-092919,USR-06607,EXP-0246,2025-02-10,2025-02-13,1,138.09,0.0,social,mobile,completed,138.09
BKG-005054,SES-092925,USR-04548,EXP-0162,2025-03-31,2025-04-14,1,64.11,0.0,paid_search,mobile,completed,64.11
BKG-005055,SES-092939,USR-04923,EXP-0227,2024-11-02,2024-11-07,3,91.7,0.0,referral,desktop,completed,275.1
BKG-005056,SES-092953,USR-00754,EXP-0076,2024-12-11,2025-01-13,2,72.11,0.0,paid_search,desktop,completed,144.22
BKG-005057,SES-092959,USR-00870,EXP-0003,2024-09-19,2024-09-24,4,104.68,0.0,referral,desktop,completed,418.72
BKG-005058,SES-092976,USR-01939,EXP-0008,2024-10-25,2024-10-26,1,61.85,0.0,email,desktop,cancelled,61.85
BKG-005059,SES-092996,USR-04478,EXP-0246,2025-04-20,2025-05-05,1,129.03,0.14,email,mobile,completed,110.97
BKG-005060,SES-092998,USR-06834,EXP-0079,2024-10-18,2024-10-28,2,105.82,0.0,affiliates,desktop,cancelled,211.64
BKG-005061,SES-093051,USR-06020,EXP-0245,2025-05-16,2025-06-04,3,121.01,0.0,affiliates,desktop,completed,363.03
BKG-005062,SES-093060,USR-06605,EXP-0238,2025-06-04,2025-06-14,2,64.82,0.1,affiliates,mobile,cancelled,116.68
BKG-005063,SES-093087,USR-00405,EXP-0252,2025-06-25,2025-07-20,3,68.29,0.0,email,mobile,completed,204.87
BKG-005064,SES-093102,USR-06212,EXP-0036,2025-01-19,2025-03-05,3,69.54,0.15,organic,mobile,completed,177.33
BKG-005065,SES-093106,USR-00691,EXP-0260,2024-07-07,2024-07-22,6,48.47,0.0,organic,desktop,cancelled,290.82
BKG-005066,SES-093107,USR-07401,EXP-0206,2024-11-05,2024-11-27,1,65.89,0.0,affiliates,desktop,completed,65.89
BKG-005067,SES-093115,USR-01773,EXP-0289,2024-10-28,2024-11-10,2,62.65,0.16,paid_search,desktop,completed,105.25
BKG-005068,SES-093127,USR-04707,EXP-0036,2024-09-22,2024-10-09,2,68.98,0.0,organic,mobile,refunded,137.96
BKG-005069,SES-093136,USR-05508,EXP-0205,2025-03-29,2025-04-20,4,135.32,0.17,paid_search,desktop,completed,449.26
BKG-005070,SES-093164,USR-06498,EXP-0287,2025-01-14,2025-01-18,6,80.37,0.0,organic,mobile,completed,482.22
BKG-005071,SES-093184,USR-02322,EXP-0277,2025-01-05,2025-01-08,2,104.83,0.0,referral,desktop,completed,209.66
BKG-005072,SES-093194,USR-00696,EXP-0300,2025-05-05,2025-05-11,2,59.74,0.11,organic,mobile,completed,106.34
BKG-005073,SES-093207,USR-02191,EXP-0244,2024-07-19,2024-07-20,2,104.09,0.0,email,desktop,completed,208.18
BKG-005074,SES-093215,USR-00722,EXP-0258,2025-03-22,2025-04-17,1,129.74,0.19,affiliates,desktop,completed,105.09
BKG-005075,SES-093222,USR-00137,EXP-0235,2025-02-12,2025-03-07,2,59.32,0.0,paid_search,desktop,completed,118.64
BKG-005076,SES-093236,USR-00301,EXP-0257,2024-08-17,2024-08-21,2,95.45,0.07,paid_search,mobile,cancelled,177.54
BKG-005077,SES-093237,USR-05865,EXP-0111,2025-04-22,2025-05-09,5,106.55,0.0,paid_search,desktop,completed,532.75
BKG-005078,SES-093242,USR-02877,EXP-0058,2024-11-02,2024-11-05,4,168.55,0.0,paid_search,desktop,completed,674.2
BKG-005079,SES-093277,USR-01398,EXP-0112,2025-02-02,2025-02-10,3,49.25,0.0,affiliates,mobile,completed,147.75
BKG-005080,SES-093285,USR-02771,EXP-0242,2024-10-08,2024-10-12,2,75.05,0.09,paid_search,mobile,completed,136.59
BKG-005081,SES-093309,USR-00732,EXP-0119,2025-04-07,2025-04-17,2,105.52,0.0,paid_search,desktop,cancelled,211.04
BKG-005082,SES-093315,USR-04009,EXP-0194,2025-02-19,2025-02-27,6,84.11,0.0,paid_search,mobile,completed,504.66
BKG-005083,SES-093341,USR-01108,EXP-0259,2024-11-10,2024-11-21,2,129.68,0.0,organic,mobile,completed,259.36
BKG-005084,SES-093343,USR-01659,EXP-0191,2025-01-03,2025-01-11,2,77.69,0.2,organic,mobile,completed,124.3
BKG-005085,SES-093352,USR-03112,EXP-0021,2024-08-10,2024-08-11,2,92.21,0.0,social,desktop,completed,184.42
BKG-005086,SES-093383,USR-06205,EXP-0004,2024-09-25,2024-09-26,2,57.09,0.17,referral,desktop,completed,94.77
BKG-005087,SES-093400,USR-00102,EXP-0240,2025-05-18,2025-05-22,2,91.23,0.0,paid_search,desktop,completed,182.46
BKG-005088,SES-093413,USR-06449,EXP-0242,2024-08-15,2024-08-17,4,82.25,0.17,organic,mobile,completed,273.07
BKG-005089,SES-093437,USR-05160,EXP-0206,2025-01-09,2025-02-19,2,74.55,0.0,social,tablet,completed,149.1
BKG-005090,SES-093467,USR-07725,EXP-0065,2024-10-27,2024-10-30,3,89.11,0.0,paid_search,mobile,completed,267.33
BKG-005091,SES-093535,USR-01456,EXP-0300,2024-10-16,2024-10-17,2,64.76,0.0,paid_search,mobile,completed,129.52
BKG-005092,SES-093569,USR-04733,EXP-0257,2024-08-02,2024-08-14,1,96.52,0.1,affiliates,tablet,completed,86.87
BKG-005093,SES-093587,USR-05708,EXP-0278,2024-08-11,2024-08-21,2,54.48,0.17,organic,mobile,completed,90.44
BKG-005094,SES-093592,USR-06458,EXP-0261,2025-04-20,2025-04-30,6,128.61,0.0,affiliates,mobile,completed,771.66
BKG-005095,SES-093602,USR-03468,EXP-0106,2024-11-21,2024-11-29,1,135.26,0.17,affiliates,mobile,completed,112.27
BKG-005096,SES-093616,USR-01542,EXP-0175,2024-07-20,2024-08-26,2,74.54,0.09,affiliates,tablet,completed,135.66
BKG-005097,SES-093628,USR-03918,EXP-0153,2025-03-26,2025-04-19,1,47.11,0.19,referral,desktop,completed,38.16
BKG-005098,SES-093641,USR-06181,EXP-0251,2025-04-17,2025-04-24,1,80.17,0.0,email,tablet,completed,80.17
BKG-005099,SES-093646,USR-00271,EXP-0242,2025-06-25,2025-08-05,3,65.07,0.0,affiliates,mobile,completed,195.21
BKG-005100,SES-093656,USR-05002,EXP-0099,2024-12-05,2024-12-06,2,88.57,0.0,email,tablet,completed,177.14
BKG-005101,SES-093687,USR-05196,EXP-0124,2024-11-04,2024-11-17,1,83.69,0.06,organic,mobile,completed,78.67
BKG-005102,SES-093711,USR-03450,EXP-0268,2025-03-05,2025-04-01,1,70.69,0.0,organic,mobile,completed,70.69
BKG-005103,SES-093719,USR-00319,EXP-0200,2024-08-03,2024-08-07,4,112.18,0.0,social,mobile,completed,448.72
BKG-005104,SES-093752,USR-05637,EXP-0233,2025-05-04,2025-05-17,3,197.31,0.0,referral,mobile,completed,591.93
BKG-005105,SES-093776,USR-01156,EXP-0140,2025-01-06,2025-01-18,2,134.26,0.0,paid_search,mobile,cancelled,268.52
BKG-005106,SES-093785,USR-02809,EXP-0139,2024-09-25,2024-10-08,2,103.06,0.0,email,desktop,refunded,206.12
BKG-005107,SES-093791,USR-07603,EXP-0294,2024-10-16,2024-11-28,2,80.86,0.0,organic,mobile,completed,161.72
BKG-005108,SES-093795,USR-05280,EXP-0142,2024-11-21,2024-11-28,1,86.13,0.0,social,desktop,completed,86.13
BKG-005109,SES-093806,USR-05067,EXP-0161,2024-08-05,2024-08-14,3,174.75,0.13,organic,mobile,completed,456.1
BKG-005110,SES-093810,USR-03574,EXP-0180,2024-12-20,2024-12-21,1,166.88,0.0,email,mobile,completed,166.88
BKG-005111,SES-093826,USR-03198,EXP-0006,2025-03-27,2025-04-23,1,49.2,0.19,paid_search,mobile,completed,39.85
BKG-005112,SES-093827,USR-07897,EXP-0289,2025-04-08,2025-04-10,6,69.74,0.14,paid_search,mobile,completed,359.86
BKG-005113,SES-093831,USR-03924,EXP-0111,2024-11-24,2024-12-01,3,94.55,0.0,paid_search,mobile,completed,283.65
BKG-005114,SES-093851,USR-06524,EXP-0062,2025-05-13,2025-06-07,4,118.66,0.0,organic,desktop,completed,474.64
BKG-005115,SES-093866,USR-00437,EXP-0127,2025-02-23,2025-03-13,3,67.42,0.11,social,mobile,completed,180.01
BKG-005116,SES-093877,USR-04251,EXP-0043,2024-12-20,2024-12-30,2,36.83,0.0,organic,mobile,completed,73.66
BKG-005117,SES-093889,USR-05226,EXP-0195,2024-07-09,2024-07-12,1,77.48,0.0,organic,desktop,completed,77.48
BKG-005118,SES-093938,USR-04129,EXP-0184,2025-01-29,2025-02-06,1,69.2,0.0,paid_search,mobile,completed,69.2
BKG-005119,SES-093939,USR-01315,EXP-0098,2024-10-05,2024-10-18,6,86.95,0.0,social,desktop,completed,521.7
BKG-005120,SES-093955,USR-02805,EXP-0298,2024-10-21,2024-10-27,2,85.59,0.16,organic,desktop,completed,143.79
BKG-005121,SES-093968,USR-02448,EXP-0118,2024-09-27,2024-12-26,6,49.84,0.15,affiliates,mobile,completed,254.18
BKG-005122,SES-093979,USR-03278,EXP-0012,2024-12-08,2024-12-13,2,73.3,0.0,paid_search,mobile,completed,146.6
BKG-005123,SES-093981,USR-06709,EXP-0108,2024-09-01,2024-09-11,2,60.18,0.19,affiliates,desktop,completed,97.49
BKG-005124,SES-093989,USR-05702,EXP-0077,2024-09-29,2024-10-04,4,150.33,0.0,organic,mobile,completed,601.32
BKG-005125,SES-093990,USR-02081,EXP-0161,2025-04-21,2025-04-24,1,176.09,0.0,paid_search,desktop,completed,176.09
BKG-005126,SES-094022,USR-05125,EXP-0147,2025-02-11,2025-02-13,2,38.6,0.0,affiliates,mobile,completed,77.2
BKG-005127,SES-094041,USR-02787,EXP-0109,2025-03-06,2025-03-07,1,79.35,0.0,paid_search,desktop,refunded,79.35
BKG-005128,SES-094072,USR-03324,EXP-0224,2024-11-10,2024-11-19,6,82.18,0.15,email,mobile,completed,419.12
BKG-005129,SES-094146,USR-02803,EXP-0181,2025-06-03,2025-06-04,5,115.65,0.2,email,mobile,completed,462.6
BKG-005130,SES-094164,USR-07445,EXP-0185,2024-07-05,2024-07-19,2,101.08,0.16,paid_search,mobile,completed,169.81
BKG-005131,SES-094198,USR-06448,EXP-0074,2024-08-26,2024-08-29,3,148.37,0.0,paid_search,mobile,cancelled,445.11
BKG-005132,SES-094237,USR-01505,EXP-0127,2025-02-17,2025-02-23,1,67.27,0.0,organic,mobile,completed,67.27
BKG-005133,SES-094249,USR-03922,EXP-0026,2025-01-29,2025-03-21,1,25.1,0.08,organic,mobile,completed,23.09
BKG-005134,SES-094269,USR-07085,EXP-0295,2024-12-16,2024-12-22,2,46.34,0.13,paid_search,mobile,completed,80.63
BKG-005135,SES-094274,USR-06517,EXP-0116,2024-10-17,2024-10-20,5,72.52,0.0,paid_search,desktop,refunded,362.6
BKG-005136,SES-094285,USR-05839,EXP-0158,2024-07-13,2024-07-15,1,52.08,0.0,referral,desktop,cancelled,52.08
BKG-005137,SES-094295,USR-01302,EXP-0113,2024-11-24,2024-12-07,2,136.86,0.0,paid_search,mobile,completed,273.72
BKG-005138,SES-094312,USR-06553,EXP-0231,2024-08-18,2024-09-07,1,59.8,0.0,referral,mobile,completed,59.8
BKG-005139,SES-094315,USR-05238,EXP-0104,2024-12-01,2024-12-13,2,142.96,0.0,organic,mobile,completed,285.92
BKG-005140,SES-094316,USR-01855,EXP-0049,2024-12-18,2024-12-20,2,121.61,0.0,organic,mobile,completed,243.22
BKG-005141,SES-094321,USR-06409,EXP-0059,2025-06-10,2025-07-01,1,36.04,0.0,email,mobile,completed,36.04
BKG-005142,SES-094334,USR-00954,EXP-0209,2024-08-01,2024-08-11,1,82.98,0.0,paid_search,tablet,cancelled,82.98
BKG-005143,SES-094340,USR-05952,EXP-0180,2025-04-06,2025-05-14,2,194.44,0.0,paid_search,desktop,completed,388.88
BKG-005144,SES-094346,USR-04752,EXP-0078,2025-01-17,2025-02-16,3,45.84,0.14,organic,mobile,completed,118.27
BKG-005145,SES-094366,USR-01653,EXP-0060,2025-04-22,2025-05-06,2,95.23,0.0,referral,mobile,completed,190.46
BKG-005146,SES-094371,USR-06738,EXP-0279,2024-12-02,2024-12-09,2,91.68,0.0,email,mobile,completed,183.36
BKG-005147,SES-094393,USR-03833,EXP-0224,2025-04-19,2025-05-02,3,70.11,0.0,paid_search,mobile,completed,210.33
BKG-005148,SES-094394,USR-03168,EXP-0170,2024-12-08,2024-12-15,3,190.93,0.0,organic,mobile,completed,572.79
BKG-005149,SES-094415,USR-04408,EXP-0086,2025-01-30,2025-02-03,2,28.36,0.0,affiliates,mobile,completed,56.72
BKG-005150,SES-094455,USR-06621,EXP-0203,2024-07-01,2024-07-06,4,127.06,0.0,referral,desktop,completed,508.24
BKG-005151,SES-094457,USR-00458,EXP-0228,2024-07-11,2024-07-18,5,152.35,0.07,paid_search,desktop,completed,708.43
BKG-005152,SES-094480,USR-04740,EXP-0258,2025-06-24,2025-06-30,3,132.57,0.19,organic,desktop,completed,322.15
BKG-005153,SES-094502,USR-04089,EXP-0237,2025-02-08,2025-02-17,5,58.94,0.15,social,desktop,completed,250.49
BKG-005154,SES-094509,USR-06923,EXP-0117,2024-12-30,2025-01-14,3,101.05,0.0,affiliates,desktop,refunded,303.15
BKG-005155,SES-094540,USR-06494,EXP-0021,2025-02-01,2025-02-02,4,89.55,0.0,paid_search,mobile,completed,358.2
BKG-005156,SES-094635,USR-02055,EXP-0256,2024-07-21,2024-07-26,4,34.56,0.19,affiliates,mobile,completed,111.97
BKG-005157,SES-094656,USR-01463,EXP-0200,2025-06-03,2025-06-23,1,99.64,0.0,affiliates,desktop,completed,99.64
BKG-005158,SES-094668,USR-03508,EXP-0074,2025-03-24,2025-04-23,2,147.99,0.0,paid_search,tablet,completed,295.98
BKG-005159,SES-094681,USR-04583,EXP-0141,2024-10-25,2024-11-09,3,48.15,0.0,social,desktop,refunded,144.45
BKG-005160,SES-094683,USR-04965,EXP-0094,2025-04-07,2025-04-15,2,86.2,0.0,organic,tablet,completed,172.4
BKG-005161,SES-094686,USR-07968,EXP-0083,2024-10-08,2024-10-19,2,92.54,0.0,paid_search,mobile,completed,185.08
BKG-005162,SES-094688,USR-03282,EXP-0127,2025-04-29,2025-05-16,5,74.31,0.0,paid_search,desktop,completed,371.55
BKG-005163,SES-094711,USR-05356,EXP-0212,2025-01-10,2025-01-23,1,62.21,0.0,organic,desktop,cancelled,62.21
BKG-005164,SES-094717,USR-02435,EXP-0272,2024-10-02,2024-10-06,6,86.0,0.0,affiliates,mobile,cancelled,516.0
BKG-005165,SES-094748,USR-02197,EXP-0024,2025-02-11,2025-02-17,2,91.65,0.0,paid_search,mobile,completed,183.3
BKG-005166,SES-094757,USR-00935,EXP-0112,2025-02-08,2025-02-15,3,46.72,0.14,paid_search,mobile,refunded,120.54
BKG-005167,SES-094774,USR-04185,EXP-0118,2024-11-05,2024-11-15,3,52.94,0.0,referral,mobile,completed,158.82
BKG-005168,SES-094794,USR-00052,EXP-0158,2025-05-23,2025-07-23,1,47.74,0.0,organic,desktop,completed,47.74
BKG-005169,SES-094807,USR-01527,EXP-0025,2024-10-26,2024-11-23,2,40.14,0.0,referral,desktop,completed,80.28
BKG-005170,SES-094808,USR-05756,EXP-0065,2024-10-09,2024-10-10,2,79.19,0.0,organic,desktop,cancelled,158.38
BKG-005171,SES-094844,USR-06315,EXP-0155,2025-05-09,2025-05-17,2,60.68,0.0,paid_search,desktop,completed,121.36
BKG-005172,SES-094852,USR-02933,EXP-0214,2025-01-14,2025-01-19,1,77.78,0.0,paid_search,mobile,completed,77.78
BKG-005173,SES-094867,USR-06878,EXP-0144,2024-07-12,2024-07-17,2,81.95,0.0,paid_search,mobile,completed,163.9
BKG-005174,SES-094881,USR-01739,EXP-0185,2025-03-11,2025-03-20,1,95.19,0.0,organic,desktop,completed,95.19
BKG-005175,SES-094894,USR-01127,EXP-0124,2024-09-10,2024-09-27,2,87.14,0.0,paid_search,desktop,completed,174.28
BKG-005176,SES-094903,USR-03729,EXP-0206,2024-11-06,2024-11-19,4,69.67,0.0,paid_search,mobile,completed,278.68
BKG-005177,SES-094933,USR-00488,EXP-0062,2024-10-14,2024-10-30,2,129.73,0.0,organic,mobile,completed,259.46
BKG-005178,SES-094940,USR-05586,EXP-0169,2024-12-17,2025-02-11,2,86.06,0.0,affiliates,mobile,cancelled,172.12
BKG-005179,SES-094941,USR-01955,EXP-0086,2025-01-21,2025-01-25,2,32.94,0.0,email,desktop,completed,65.88
BKG-005180,SES-095007,USR-02583,EXP-0188,2024-11-15,2024-11-27,4,45.77,0.0,affiliates,mobile,completed,183.08
BKG-005181,SES-095027,USR-01038,EXP-0034,2025-06-04,2025-06-14,4,107.72,0.0,organic,mobile,completed,430.88
BKG-005182,SES-095064,USR-06272,EXP-0146,2025-01-24,2025-01-27,6,52.6,0.0,referral,mobile,completed,315.6
BKG-005183,SES-095071,USR-00158,EXP-0165,2024-12-16,2024-12-20,1,50.56,0.09,paid_search,tablet,completed,46.01
BKG-005184,SES-095085,USR-02443,EXP-0011,2025-02-01,2025-02-22,2,73.47,0.0,referral,desktop,completed,146.94
BKG-005185,SES-095136,USR-05343,EXP-0016,2024-07-25,2024-07-27,5,108.36,0.0,paid_search,mobile,completed,541.8
BKG-005186,SES-095176,USR-07262,EXP-0237,2024-09-07,2024-09-17,6,63.9,0.0,paid_search,mobile,completed,383.4
BKG-005187,SES-095181,USR-03928,EXP-0195,2024-09-12,2024-09-25,2,76.11,0.0,referral,tablet,completed,152.22
BKG-005188,SES-095191,USR-00284,EXP-0156,2024-11-19,2024-11-22,4,46.99,0.0,affiliates,desktop,completed,187.96
BKG-005189,SES-095230,USR-04169,EXP-0004,2024-07-04,2024-07-05,3,57.78,0.2,organic,desktop,completed,138.67
BKG-005190,SES-095236,USR-06279,EXP-0215,2024-11-01,2024-11-02,3,44.18,0.0,organic,mobile,completed,132.54
BKG-005191,SES-095244,USR-07534,EXP-0251,2024-11-12,2024-11-18,1,86.42,0.11,paid_search,desktop,completed,76.91
BKG-005192,SES-095307,USR-07390,EXP-0025,2025-06-05,2025-07-13,3,43.29,0.07,paid_search,desktop,completed,120.78
BKG-005193,SES-095327,USR-02331,EXP-0049,2025-05-30,2025-06-07,6,122.02,0.0,referral,tablet,completed,732.12
BKG-005194,SES-095330,USR-03592,EXP-0239,2025-03-13,2025-04-15,2,169.54,0.0,organic,desktop,completed,339.08
BKG-005195,SES-095352,USR-01324,EXP-0291,2024-09-15,2024-09-18,5,105.26,0.0,paid_search,mobile,completed,526.3
BKG-005196,SES-095376,USR-06821,EXP-0147,2025-06-12,2025-06-19,2,37.82,0.07,paid_search,mobile,completed,70.35
BKG-005197,SES-095440,USR-06735,EXP-0256,2024-10-31,2024-11-12,3,34.06,0.0,organic,desktop,completed,102.18
BKG-005198,SES-095453,USR-02005,EXP-0267,2025-04-17,2025-04-27,2,44.65,0.0,email,mobile,completed,89.3
BKG-005199,SES-095482,USR-05687,EXP-0126,2025-01-14,2025-02-07,1,77.78,0.0,email,desktop,completed,77.78
BKG-005200,SES-095487,USR-04646,EXP-0209,2025-04-14,2025-04-15,2,78.0,0.14,referral,desktop,completed,134.16
BKG-005201,SES-095491,USR-00523,EXP-0030,2025-03-24,2025-03-30,3,107.8,0.06,referral,desktop,completed,304.0
BKG-005202,SES-095502,USR-03358,EXP-0280,2024-08-21,2024-08-30,5,124.11,0.07,paid_search,mobile,cancelled,577.11
BKG-005203,SES-095527,USR-03964,EXP-0151,2025-05-25,2025-06-04,5,69.35,0.17,affiliates,desktop,completed,287.8
BKG-005204,SES-095559,USR-05152,EXP-0030,2025-05-06,2025-05-19,2,106.84,0.0,referral,desktop,cancelled,213.68
BKG-005205,SES-095569,USR-07984,EXP-0018,2024-11-28,2024-12-10,2,55.99,0.13,email,desktop,completed,97.42
BKG-005206,SES-095579,USR-06390,EXP-0223,2024-09-07,2024-09-22,1,95.1,0.0,paid_search,desktop,completed,95.1
BKG-005207,SES-095586,USR-00756,EXP-0191,2024-11-09,2024-11-11,2,74.68,0.16,paid_search,mobile,completed,125.46
BKG-005208,SES-095599,USR-03328,EXP-0001,2025-03-09,2025-03-23,1,55.49,0.0,organic,mobile,completed,55.49
BKG-005209,SES-095613,USR-07599,EXP-0186,2024-07-26,2024-07-30,3,52.91,0.0,paid_search,desktop,refunded,158.73
BKG-005210,SES-095665,USR-02584,EXP-0072,2025-06-16,2025-06-19,6,95.54,0.0,organic,mobile,completed,573.24
BKG-005211,SES-095720,USR-07869,EXP-0200,2024-07-08,2024-07-15,2,106.05,0.12,paid_search,desktop,completed,186.65
BKG-005212,SES-095780,USR-01842,EXP-0289,2024-07-12,2024-07-17,2,59.3,0.0,affiliates,desktop,completed,118.6
BKG-005213,SES-095799,USR-01891,EXP-0101,2025-05-16,2025-05-18,2,26.84,0.0,organic,desktop,completed,53.68
BKG-005214,SES-095809,USR-05642,EXP-0197,2024-09-14,2024-09-15,2,81.0,0.15,paid_search,mobile,cancelled,137.7
BKG-005215,SES-095815,USR-07761,EXP-0131,2025-06-26,2025-07-06,2,85.95,0.08,paid_search,mobile,completed,158.15
BKG-005216,SES-095832,USR-06841,EXP-0009,2024-07-30,2024-08-08,4,61.25,0.13,affiliates,desktop,completed,213.15
BKG-005217,SES-095846,USR-06090,EXP-0108,2024-09-06,2024-09-10,1,75.41,0.0,referral,desktop,completed,75.41
BKG-005218,SES-095853,USR-01511,EXP-0036,2024-10-17,2024-11-24,2,67.55,0.0,organic,mobile,completed,135.1
BKG-005219,SES-095882,USR-00180,EXP-0059,2024-07-14,2024-07-23,1,33.42,0.0,social,desktop,completed,33.42
BKG-005220,SES-095898,USR-05301,EXP-0054,2024-08-18,2024-08-28,4,68.88,0.0,social,desktop,completed,275.52
BKG-005221,SES-095923,USR-07971,EXP-0031,2025-01-06,2025-01-09,2,55.71,0.0,email,desktop,cancelled,111.42
BKG-005222,SES-095936,USR-06439,EXP-0069,2024-07-21,2024-08-09,3,96.92,0.0,affiliates,desktop,completed,290.76
BKG-005223,SES-095963,USR-07039,EXP-0035,2025-01-23,2025-01-26,1,152.97,0.0,paid_search,mobile,completed,152.97
BKG-005224,SES-095972,USR-06472,EXP-0228,2024-07-12,2024-07-27,2,147.55,0.0,referral,mobile,completed,295.1
BKG-005225,SES-095973,USR-05272,EXP-0256,2025-02-28,2025-03-05,2,32.77,0.05,organic,desktop,completed,62.26
BKG-005226,SES-095984,USR-05314,EXP-0065,2024-08-24,2024-08-25,2,97.31,0.0,organic,mobile,completed,194.62
BKG-005227,SES-095994,USR-05273,EXP-0191,2024-10-18,2024-10-23,3,66.67,0.2,organic,desktop,completed,160.01
BKG-005228,SES-096003,USR-02013,EXP-0157,2025-02-06,2025-02-17,3,105.63,0.0,organic,desktop,completed,316.89
BKG-005229,SES-096061,USR-07812,EXP-0195,2024-12-27,2025-01-08,2,68.39,0.0,referral,desktop,completed,136.78
BKG-005230,SES-096110,USR-00918,EXP-0056,2025-02-03,2025-02-10,5,39.86,0.0,referral,desktop,completed,199.3
BKG-005231,SES-096131,USR-04733,EXP-0148,2024-08-09,2024-08-20,3,103.52,0.0,affiliates,mobile,completed,310.56
BKG-005232,SES-096137,USR-03394,EXP-0087,2025-04-26,2025-05-02,6,129.68,0.0,affiliates,desktop,completed,778.08
BKG-005233,SES-096150,USR-06032,EXP-0019,2025-01-30,2025-02-07,1,33.79,0.0,organic,mobile,completed,33.79
BKG-005234,SES-096155,USR-00467,EXP-0088,2025-06-19,2025-06-27,6,52.22,0.0,referral,desktop,completed,313.32
BKG-005235,SES-096163,USR-07720,EXP-0269,2024-11-21,2024-11-22,4,62.01,0.13,referral,mobile,completed,215.79
BKG-005236,SES-096176,USR-00613,EXP-0070,2024-11-15,2024-11-29,4,84.47,0.16,referral,mobile,completed,283.82
BKG-005237,SES-096179,USR-01299,EXP-0150,2025-02-15,2025-02-19,2,96.97,0.0,organic,tablet,completed,193.94
BKG-005238,SES-096196,USR-04386,EXP-0129,2025-05-02,2025-05-11,1,177.03,0.0,referral,mobile,completed,177.03
BKG-005239,SES-096232,USR-00493,EXP-0211,2024-11-01,2024-11-14,4,78.98,0.0,organic,mobile,completed,315.92
BKG-005240,SES-096237,USR-06466,EXP-0169,2024-08-04,2024-08-20,4,84.23,0.0,referral,desktop,completed,336.92
BKG-005241,SES-096243,USR-01368,EXP-0029,2024-08-25,2024-09-10,2,75.53,0.0,organic,mobile,completed,151.06
BKG-005242,SES-096245,USR-05995,EXP-0144,2025-06-29,2025-06-30,2,78.34,0.0,paid_search,desktop,completed,156.68
BKG-005243,SES-096251,USR-02684,EXP-0017,2025-05-16,2025-05-19,2,86.67,0.0,organic,mobile,completed,173.34
BKG-005244,SES-096270,USR-03459,EXP-0023,2025-01-01,2025-01-08,3,39.69,0.0,paid_search,mobile,cancelled,119.07
BKG-005245,SES-096291,USR-07593,EXP-0058,2025-01-14,2025-01-18,1,153.8,0.0,paid_search,desktop,completed,153.8
BKG-005246,SES-096293,USR-04436,EXP-0081,2025-02-26,2025-03-11,6,97.92,0.0,organic,tablet,completed,587.52
BKG-005247,SES-096305,USR-06810,EXP-0167,2025-05-02,2025-05-13,5,89.28,0.17,paid_search,desktop,completed,370.51
BKG-005248,SES-096332,USR-00659,EXP-0109,2025-05-02,2025-05-09,3,84.91,0.14,organic,tablet,completed,219.07
BKG-005249,SES-096336,USR-02725,EXP-0292,2025-01-13,2025-01-18,4,108.88,0.0,organic,mobile,completed,435.52
BKG-005250,SES-096340,USR-07412,EXP-0055,2024-12-04,2024-12-07,2,72.86,0.0,organic,desktop,completed,145.72
BKG-005251,SES-096369,USR-04523,EXP-0083,2025-03-31,2025-04-04,4,93.12,0.13,paid_search,mobile,cancelled,324.06
BKG-005252,SES-096393,USR-02568,EXP-0182,2025-04-20,2025-05-15,6,63.85,0.0,paid_search,desktop,completed,383.1
BKG-005253,SES-096418,USR-04479,EXP-0016,2025-01-18,2025-01-29,6,98.17,0.0,paid_search,mobile,completed,589.02
BKG-005254,SES-096419,USR-02287,EXP-0186,2025-04-21,2025-04-22,2,62.58,0.0,referral,mobile,completed,125.16
BKG-005255,SES-096437,USR-02087,EXP-0142,2025-01-26,2025-04-03,3,73.8,0.0,affiliates,desktop,completed,221.4
BKG-005256,SES-096446,USR-03010,EXP-0040,2024-09-19,2024-09-20,2,174.54,0.19,email,mobile,completed,282.75
BKG-005257,SES-096449,USR-01109,EXP-0031,2024-08-01,2024-08-04,2,63.27,0.1,paid_search,mobile,completed,113.89
BKG-005258,SES-096463,USR-00186,EXP-0100,2024-11-03,2024-11-12,3,134.07,0.06,email,mobile,cancelled,378.08
BKG-005259,SES-096496,USR-07778,EXP-0125,2024-12-28,2025-01-01,2,51.33,0.0,referral,mobile,completed,102.66
BKG-005260,SES-096524,USR-03483,EXP-0134,2025-04-22,2025-05-17,2,44.52,0.0,paid_search,mobile,completed,89.04
BKG-005261,SES-096542,USR-00624,EXP-0159,2025-05-02,2025-05-08,1,59.76,0.0,referral,desktop,completed,59.76
BKG-005262,SES-096554,USR-01456,EXP-0251,2025-06-15,2025-06-22,2,79.8,0.0,paid_search,desktop,refunded,159.6
BKG-005263,SES-096562,USR-04232,EXP-0226,2025-06-01,2025-06-08,1,130.37,0.0,organic,desktop,completed,130.37
BKG-005264,SES-096578,USR-01456,EXP-0146,2024-09-09,2024-09-12,2,49.88,0.0,paid_search,mobile,completed,99.76
BKG-005265,SES-096590,USR-03424,EXP-0149,2025-01-13,2025-01-20,4,65.52,0.19,paid_search,mobile,completed,212.28
BKG-005266,SES-096597,USR-01562,EXP-0220,2025-06-09,2025-06-17,1,36.66,0.0,paid_search,desktop,completed,36.66
BKG-005267,SES-096652,USR-04514,EXP-0202,2024-11-10,2024-12-02,2,48.63,0.0,paid_search,mobile,completed,97.26
BKG-005268,SES-096658,USR-03791,EXP-0250,2024-07-12,2024-07-24,4,52.32,0.0,social,mobile,completed,209.28
BKG-005269,SES-096668,USR-05867,EXP-0061,2024-09-16,2024-10-04,3,51.18,0.0,paid_search,mobile,completed,153.54
BKG-005270,SES-096680,USR-02321,EXP-0090,2024-07-16,2024-07-19,2,120.66,0.0,organic,desktop,completed,241.32
BKG-005271,SES-096692,USR-00203,EXP-0050,2024-09-26,2024-10-16,3,82.61,0.0,paid_search,mobile,completed,247.83
BKG-005272,SES-096701,USR-03973,EXP-0104,2025-06-02,2025-06-05,2,148.68,0.0,organic,mobile,refunded,297.36
BKG-005273,SES-096723,USR-03216,EXP-0142,2025-06-28,2025-07-03,2,86.92,0.0,organic,desktop,completed,173.84
BKG-005274,SES-096726,USR-04018,EXP-0170,2025-04-23,2025-05-03,2,167.01,0.0,paid_search,mobile,completed,334.02
BKG-005275,SES-096727,USR-01247,EXP-0268,2024-10-02,2024-10-17,1,76.24,0.05,paid_search,desktop,completed,72.43
BKG-005276,SES-096736,USR-00815,EXP-0251,2024-12-16,2024-12-19,1,92.42,0.18,organic,desktop,completed,75.78
BKG-005277,SES-096745,USR-03843,EXP-0138,2024-11-23,2024-12-14,2,61.42,0.0,paid_search,desktop,completed,122.84
BKG-005278,SES-096756,USR-05171,EXP-0280,2025-04-17,2025-05-18,1,105.59,0.0,email,mobile,completed,105.59
BKG-005279,SES-096757,USR-07217,EXP-0088,2024-09-14,2024-09-23,4,57.29,0.0,affiliates,desktop,completed,229.16
BKG-005280,SES-096766,USR-03064,EXP-0205,2024-10-30,2024-11-03,2,114.92,0.0,referral,mobile,cancelled,229.84
BKG-005281,SES-096805,USR-01336,EXP-0021,2024-11-16,2024-11-28,2,98.62,0.11,paid_search,desktop,completed,175.54
BKG-005282,SES-096845,USR-06127,EXP-0106,2024-10-05,2024-10-07,2,123.63,0.0,organic,mobile,completed,247.26
BKG-005283,SES-096848,USR-04670,EXP-0192,2025-01-27,2025-02-14,1,52.85,0.17,paid_search,desktop,cancelled,43.87
BKG-005284,SES-096860,USR-05887,EXP-0102,2024-11-11,2024-11-18,1,49.14,0.0,referral,desktop,completed,49.14
BKG-005285,SES-096869,USR-06389,EXP-0193,2024-10-10,2024-10-19,1,77.87,0.0,organic,mobile,completed,77.87
BKG-005286,SES-096880,USR-05445,EXP-0018,2025-03-23,2025-03-26,2,62.71,0.0,organic,mobile,completed,125.42
BKG-005287,SES-096886,USR-05628,EXP-0177,2025-02-28,2025-03-07,1,37.89,0.07,affiliates,desktop,completed,35.24
BKG-005288,SES-096894,USR-07649,EXP-0044,2024-09-01,2024-09-29,3,222.97,0.0,referral,mobile,completed,668.91
BKG-005289,SES-096896,USR-07485,EXP-0048,2025-06-06,2025-06-11,3,107.58,0.0,organic,mobile,completed,322.74
BKG-005290,SES-096904,USR-01036,EXP-0140,2025-04-17,2025-04-28,2,135.56,0.0,organic,mobile,completed,271.12
BKG-005291,SES-096958,USR-01965,EXP-0148,2025-02-05,2025-02-09,1,105.33,0.0,email,desktop,completed,105.33
BKG-005292,SES-096987,USR-07793,EXP-0017,2024-09-13,2024-09-15,2,87.93,0.0,paid_search,desktop,completed,175.86
BKG-005293,SES-096995,USR-03701,EXP-0262,2025-06-27,2025-08-04,3,95.32,0.0,paid_search,desktop,completed,285.96
BKG-005294,SES-096996,USR-04938,EXP-0269,2024-08-03,2024-08-17,5,63.05,0.0,organic,desktop,completed,315.25
BKG-005295,SES-097008,USR-00489,EXP-0216,2025-03-06,2025-03-10,2,85.39,0.0,organic,mobile,completed,170.78
BKG-005296,SES-097021,USR-04892,EXP-0002,2025-01-11,2025-01-27,2,31.76,0.0,email,desktop,completed,63.52
BKG-005297,SES-097029,USR-06415,EXP-0080,2025-04-08,2025-04-11,2,83.01,0.13,organic,desktop,completed,144.44
BKG-005298,SES-097063,USR-07316,EXP-0018,2025-03-20,2025-03-30,5,52.92,0.05,organic,mobile,completed,251.37
BKG-005299,SES-097077,USR-02457,EXP-0009,2025-01-06,2025-01-29,6,53.12,0.0,organic,mobile,completed,318.72
BKG-005300,SES-097090,USR-07894,EXP-0155,2024-12-04,2024-12-17,2,59.89,0.0,organic,desktop,completed,119.78
BKG-005301,SES-097155,USR-04330,EXP-0084,2025-04-18,2025-05-18,2,65.62,0.18,organic,mobile,completed,107.62
BKG-005302,SES-097181,USR-01815,EXP-0278,2024-08-31,2024-09-14,3,59.78,0.0,paid_search,mobile,completed,179.34
BKG-005303,SES-097193,USR-07307,EXP-0232,2025-04-02,2025-04-18,1,53.12,0.0,paid_search,desktop,completed,53.12
BKG-005304,SES-097238,USR-07473,EXP-0004,2025-03-18,2025-03-22,2,49.17,0.0,organic,desktop,completed,98.34
BKG-005305,SES-097275,USR-04927,EXP-0036,2024-09-08,2024-09-11,4,76.62,0.0,organic,mobile,completed,306.48
BKG-005306,SES-097281,USR-07309,EXP-0014,2025-05-30,2025-06-16,3,114.53,0.0,paid_search,mobile,completed,343.59
BKG-005307,SES-097285,USR-05925,EXP-0058,2025-06-23,2025-07-02,2,157.55,0.1,paid_search,desktop,refunded,283.59
BKG-005308,SES-097290,USR-00798,EXP-0299,2025-04-01,2025-04-12,1,111.78,0.0,organic,mobile,completed,111.78
BKG-005309,SES-097312,USR-06517,EXP-0202,2024-07-28,2024-08-17,2,52.03,0.0,paid_search,mobile,completed,104.06
BKG-005310,SES-097318,USR-05591,EXP-0140,2024-12-04,2024-12-25,2,149.75,0.0,referral,mobile,completed,299.5
BKG-005311,SES-097324,USR-05636,EXP-0191,2024-07-29,2024-08-03,1,72.0,0.0,paid_search,mobile,completed,72.0
BKG-005312,SES-097353,USR-02827,EXP-0083,2024-12-21,2024-12-31,2,90.82,0.0,email,mobile,completed,181.64
BKG-005313,SES-097373,USR-06631,EXP-0298,2025-01-19,2025-01-23,4,86.06,0.0,paid_search,desktop,completed,344.24
BKG-005314,SES-097386,USR-07129,EXP-0073,2024-07-12,2024-07-22,4,86.16,0.15,affiliates,desktop,completed,292.94
BKG-005315,SES-097387,USR-01785,EXP-0125,2024-11-29,2024-12-17,3,49.43,0.0,paid_search,mobile,completed,148.29
BKG-005316,SES-097389,USR-06426,EXP-0043,2024-12-05,2024-12-30,2,35.41,0.06,affiliates,mobile,completed,66.57
BKG-005317,SES-097394,USR-04483,EXP-0115,2024-12-21,2024-12-24,3,24.9,0.0,email,mobile,cancelled,74.7
BKG-005318,SES-097396,USR-00964,EXP-0018,2025-05-09,2025-05-15,2,57.46,0.0,organic,mobile,completed,114.92
BKG-005319,SES-097398,USR-05162,EXP-0065,2025-06-04,2025-06-07,5,89.28,0.1,affiliates,desktop,completed,401.76
BKG-005320,SES-097405,USR-01056,EXP-0186,2024-12-08,2024-12-11,4,54.94,0.06,paid_search,mobile,completed,206.57
BKG-005321,SES-097411,USR-01256,EXP-0284,2024-07-02,2024-07-03,6,211.5,0.0,referral,desktop,completed,1269.0
BKG-005322,SES-097413,USR-04449,EXP-0114,2024-12-05,2024-12-06,1,33.39,0.0,paid_search,mobile,completed,33.39
BKG-005323,SES-097418,USR-03593,EXP-0119,2025-05-15,2025-05-21,2,109.45,0.0,paid_search,desktop,completed,218.9
BKG-005324,SES-097439,USR-01391,EXP-0113,2025-03-21,2025-03-24,2,134.97,0.12,paid_search,desktop,completed,237.55
BKG-005325,SES-097447,USR-04568,EXP-0262,2024-07-15,2024-07-19,3,94.63,0.0,referral,mobile,completed,283.89
BKG-005326,SES-097474,USR-06769,EXP-0220,2025-05-29,2025-06-18,6,36.61,0.0,paid_search,mobile,completed,219.66
BKG-005327,SES-097499,USR-03186,EXP-0107,2025-06-26,2025-07-04,4,34.53,0.0,paid_search,mobile,completed,138.12
BKG-005328,SES-097505,USR-02105,EXP-0122,2025-02-08,2025-02-11,1,96.63,0.08,paid_search,mobile,completed,88.9
BKG-005329,SES-097511,USR-02492,EXP-0166,2024-10-12,2024-10-20,6,74.88,0.0,affiliates,desktop,completed,449.28
BKG-005330,SES-097523,USR-03726,EXP-0022,2024-12-13,2024-12-17,2,70.98,0.0,paid_search,desktop,cancelled,141.96
BKG-005331,SES-097527,USR-03609,EXP-0187,2025-01-17,2025-01-30,2,47.99,0.0,paid_search,mobile,completed,95.98
BKG-005332,SES-097528,USR-04689,EXP-0212,2025-03-08,2025-03-11,2,61.9,0.0,organic,mobile,completed,123.8
BKG-005333,SES-097560,USR-00137,EXP-0145,2024-10-16,2024-10-27,6,139.7,0.0,paid_search,mobile,completed,838.2
BKG-005334,SES-097569,USR-00904,EXP-0284,2025-04-19,2025-04-24,2,209.38,0.1,organic,desktop,completed,376.88
BKG-005335,SES-097573,USR-04145,EXP-0092,2024-09-18,2024-09-27,2,63.08,0.05,organic,desktop,completed,119.85
BKG-005336,SES-097592,USR-01987,EXP-0218,2025-01-13,2025-01-19,4,48.3,0.0,organic,desktop,completed,193.2
BKG-005337,SES-097609,USR-01377,EXP-0118,2024-09-20,2024-09-29,1,49.89,0.0,social,mobile,refunded,49.89
BKG-005338,SES-097622,USR-03268,EXP-0217,2025-05-27,2025-05-28,1,54.18,0.16,email,mobile,completed,45.51
BKG-005339,SES-097639,USR-05063,EXP-0209,2025-05-21,2025-05-22,2,82.46,0.0,email,tablet,completed,164.92
BKG-005340,SES-097643,USR-03787,EXP-0255,2025-04-03,2025-04-14,2,78.28,0.0,email,mobile,completed,156.56
BKG-005341,SES-097682,USR-06115,EXP-0225,2025-03-07,2025-03-19,1,135.02,0.0,paid_search,desktop,completed,135.02
BKG-005342,SES-097699,USR-05314,EXP-0245,2024-08-27,2024-08-31,2,116.21,0.14,paid_search,mobile,completed,199.88
BKG-005343,SES-097714,USR-02283,EXP-0178,2024-11-11,2024-11-13,4,101.56,0.17,paid_search,desktop,completed,337.18
BKG-005344,SES-097724,USR-07710,EXP-0134,2025-04-02,2025-04-03,2,42.0,0.0,referral,mobile,completed,84.0
BKG-005345,SES-097768,USR-06061,EXP-0099,2024-07-10,2024-07-11,4,83.33,0.06,paid_search,desktop,completed,313.32
BKG-005346,SES-097772,USR-04866,EXP-0297,2024-07-13,2024-07-26,4,75.87,0.0,referral,mobile,completed,303.48
BKG-005347,SES-097792,USR-05727,EXP-0027,2025-01-06,2025-01-19,1,209.48,0.0,paid_search,desktop,completed,209.48
BKG-005348,SES-097810,USR-03261,EXP-0170,2025-03-27,2025-04-26,2,180.75,0.0,organic,desktop,completed,361.5
BKG-005349,SES-097828,USR-05562,EXP-0023,2024-07-09,2024-07-19,2,40.59,0.13,affiliates,desktop,completed,70.63
BKG-005350,SES-097856,USR-04056,EXP-0120,2025-05-05,2025-05-06,4,76.09,0.13,organic,mobile,completed,264.79
BKG-005351,SES-097865,USR-06806,EXP-0129,2024-08-25,2024-09-09,1,198.04,0.0,paid_search,desktop,completed,198.04
BKG-005352,SES-097979,USR-04409,EXP-0240,2025-05-28,2025-05-31,3,100.19,0.0,email,desktop,completed,300.57
BKG-005353,SES-098004,USR-04013,EXP-0032,2025-02-09,2025-02-10,4,83.34,0.0,referral,tablet,cancelled,333.36
BKG-005354,SES-098010,USR-04656,EXP-0195,2024-09-25,2024-09-26,1,70.75,0.0,referral,mobile,cancelled,70.75
BKG-005355,SES-098014,USR-04629,EXP-0280,2024-07-23,2024-07-28,6,112.49,0.19,paid_search,mobile,completed,546.7
BKG-005356,SES-098022,USR-02241,EXP-0233,2024-12-06,2024-12-08,2,203.72,0.0,organic,mobile,completed,407.44
BKG-005357,SES-098023,USR-01444,EXP-0192,2024-07-18,2024-07-26,2,58.39,0.0,organic,mobile,completed,116.78
BKG-005358,SES-098029,USR-06511,EXP-0251,2024-12-15,2024-12-29,2,89.62,0.0,organic,mobile,completed,179.24
BKG-005359,SES-098046,USR-04714,EXP-0256,2025-05-28,2025-06-02,2,37.43,0.0,email,mobile,completed,74.86
BKG-005360,SES-098086,USR-01933,EXP-0278,2025-02-15,2025-02-20,2,68.94,0.0,referral,desktop,completed,137.88
BKG-005361,SES-098099,USR-00870,EXP-0006,2024-09-20,2024-09-28,2,44.46,0.0,organic,desktop,completed,88.92
BKG-005362,SES-098125,USR-07764,EXP-0222,2024-11-15,2024-11-22,1,38.45,0.0,affiliates,desktop,completed,38.45
BKG-005363,SES-098126,USR-00757,EXP-0271,2024-08-07,2024-08-26,3,102.52,0.0,paid_search,desktop,completed,307.56
BKG-005364,SES-098128,USR-02393,EXP-0116,2024-12-24,2024-12-31,4,74.4,0.0,affiliates,mobile,completed,297.6
BKG-005365,SES-098146,USR-03365,EXP-0241,2025-02-24,2025-03-03,4,121.26,0.0,email,mobile,completed,485.04
BKG-005366,SES-098177,USR-05879,EXP-0245,2025-05-02,2025-05-05,2,132.8,0.0,paid_search,desktop,completed,265.6
BKG-005367,SES-098205,USR-03100,EXP-0205,2024-09-01,2024-09-06,6,116.77,0.15,email,mobile,completed,595.53
BKG-005368,SES-098225,USR-03152,EXP-0123,2025-05-12,2025-05-13,2,88.94,0.16,organic,mobile,completed,149.42
BKG-005369,SES-098252,USR-07911,EXP-0003,2024-11-28,2024-12-15,1,101.58,0.0,email,desktop,completed,101.58
BKG-005370,SES-098254,USR-02584,EXP-0164,2025-01-08,2025-01-25,1,77.17,0.0,affiliates,mobile,completed,77.17
BKG-005371,SES-098276,USR-03180,EXP-0264,2024-10-07,2024-10-17,4,136.41,0.0,paid_search,mobile,completed,545.64
BKG-005372,SES-098297,USR-01690,EXP-0261,2025-05-01,2025-05-31,2,111.05,0.0,referral,mobile,completed,222.1
BKG-005373,SES-098314,USR-03635,EXP-0112,2024-11-05,2024-12-13,4,50.88,0.0,referral,mobile,completed,203.52
BKG-005374,SES-098328,USR-01479,EXP-0276,2024-07-04,2024-07-11,2,86.49,0.0,email,desktop,refunded,172.98
BKG-005375,SES-098340,USR-06400,EXP-0197,2025-06-22,2025-07-01,1,74.56,0.06,paid_search,desktop,completed,70.09
BKG-005376,SES-098342,USR-00173,EXP-0120,2024-11-15,2024-11-16,2,76.4,0.16,organic,desktop,completed,128.35
BKG-005377,SES-098359,USR-05344,EXP-0146,2025-06-24,2025-07-07,2,45.98,0.08,paid_search,mobile,completed,84.6
BKG-005378,SES-098375,USR-07480,EXP-0060,2024-07-21,2024-07-22,5,99.57,0.0,email,mobile,completed,497.85
BKG-005379,SES-098389,USR-04887,EXP-0181,2024-11-13,2024-11-20,3,109.71,0.0,referral,desktop,cancelled,329.13
BKG-005380,SES-098390,USR-01692,EXP-0127,2025-03-01,2025-03-16,2,61.58,0.07,paid_search,desktop,completed,114.54
BKG-005381,SES-098408,USR-07112,EXP-0096,2024-07-22,2024-07-27,3,127.84,0.0,organic,mobile,completed,383.52
BKG-005382,SES-098430,USR-04209,EXP-0300,2024-08-30,2024-09-13,4,60.71,0.0,affiliates,mobile,completed,242.84
BKG-005383,SES-098433,USR-02092,EXP-0298,2024-10-25,2024-10-31,2,85.35,0.0,paid_search,mobile,completed,170.7
BKG-005384,SES-098450,USR-07909,EXP-0082,2024-07-20,2024-07-22,1,180.76,0.15,email,desktop,completed,153.65
BKG-005385,SES-098463,USR-05640,EXP-0174,2024-12-12,2025-01-20,2,99.64,0.0,organic,mobile,completed,199.28
BKG-005386,SES-098470,USR-00259,EXP-0180,2025-03-02,2025-03-04,5,194.75,0.0,affiliates,mobile,completed,973.75
BKG-005387,SES-098475,USR-00669,EXP-0139,2025-03-08,2025-03-17,1,89.23,0.0,affiliates,desktop,completed,89.23
BKG-005388,SES-098508,USR-01379,EXP-0265,2024-10-16,2024-10-31,1,55.15,0.0,paid_search,desktop,completed,55.15
BKG-005389,SES-098515,USR-00060,EXP-0084,2025-05-21,2025-05-22,3,70.65,0.0,organic,desktop,completed,211.95
BKG-005390,SES-098524,USR-04656,EXP-0299,2024-08-13,2024-08-15,3,110.43,0.0,paid_search,desktop,completed,331.29
BKG-005391,SES-098531,USR-06702,EXP-0264,2024-11-10,2024-11-23,2,128.43,0.0,affiliates,desktop,completed,256.86
BKG-005392,SES-098563,USR-04134,EXP-0189,2024-12-17,2024-12-26,2,93.52,0.0,paid_search,desktop,completed,187.04
BKG-005393,SES-098569,USR-00163,EXP-0256,2025-01-06,2025-01-23,2,34.48,0.0,organic,mobile,completed,68.96
BKG-005394,SES-098570,USR-00855,EXP-0117,2025-01-16,2025-02-18,6,97.8,0.11,email,desktop,completed,522.25
BKG-005395,SES-098576,USR-05097,EXP-0111,2024-08-13,2024-08-17,2,105.33,0.0,paid_search,mobile,completed,210.66
BKG-005396,SES-098578,USR-01497,EXP-0049,2025-02-01,2025-02-09,6,122.06,0.11,paid_search,mobile,completed,651.8
BKG-005397,SES-098615,USR-07046,EXP-0104,2024-12-17,2024-12-28,1,153.91,0.12,referral,tablet,completed,135.44
BKG-005398,SES-098674,USR-01408,EXP-0285,2025-02-01,2025-02-05,1,41.85,0.0,email,mobile,completed,41.85
BKG-005399,SES-098678,USR-07101,EXP-0182,2024-09-30,2024-10-06,2,67.98,0.0,social,desktop,completed,135.96
BKG-005400,SES-098719,USR-07655,EXP-0115,2025-05-24,2025-07-07,2,26.41,0.0,email,desktop,completed,52.82
BKG-005401,SES-098727,USR-05368,EXP-0054,2024-08-30,2024-08-31,2,75.86,0.13,paid_search,desktop,completed,132.0
BKG-005402,SES-098753,USR-06728,EXP-0247,2024-08-06,2024-08-16,2,134.24,0.0,paid_search,mobile,completed,268.48
BKG-005403,SES-098759,USR-05299,EXP-0131,2024-12-11,2025-01-03,2,80.01,0.18,paid_search,tablet,completed,131.22
BKG-005404,SES-098775,USR-03864,EXP-0125,2024-10-01,2024-10-19,5,55.17,0.0,affiliates,desktop,completed,275.85
BKG-005405,SES-098800,USR-07660,EXP-0245,2025-01-28,2025-02-08,4,128.57,0.0,organic,mobile,completed,514.28
BKG-005406,SES-098803,USR-06976,EXP-0026,2024-11-11,2024-11-12,1,29.49,0.08,email,mobile,completed,27.13
BKG-005407,SES-098813,USR-05225,EXP-0109,2024-07-09,2024-07-12,6,82.57,0.0,affiliates,mobile,completed,495.42
BKG-005408,SES-098815,USR-01774,EXP-0167,2025-01-02,2025-01-14,2,83.36,0.05,affiliates,desktop,refunded,158.38
BKG-005409,SES-098817,USR-06140,EXP-0158,2024-09-02,2024-09-04,2,47.04,0.13,affiliates,mobile,completed,81.85
BKG-005410,SES-098881,USR-07351,EXP-0117,2024-08-26,2024-09-05,2,101.37,0.0,paid_search,desktop,completed,202.74
BKG-005411,SES-098908,USR-03810,EXP-0282,2025-02-17,2025-03-07,2,194.87,0.11,paid_search,desktop,completed,346.87
BKG-005412,SES-098927,USR-05358,EXP-0135,2025-02-20,2025-02-22,5,75.25,0.0,organic,mobile,completed,376.25
BKG-005413,SES-098962,USR-03479,EXP-0033,2025-06-15,2025-07-04,6,79.34,0.0,email,desktop,completed,476.04
BKG-005414,SES-098999,USR-06223,EXP-0213,2024-07-08,2024-07-16,2,76.4,0.0,organic,desktop,completed,152.8
BKG-005415,SES-099008,USR-03570,EXP-0134,2024-10-01,2024-10-11,2,43.12,0.0,paid_search,mobile,completed,86.24
BKG-005416,SES-099066,USR-00988,EXP-0089,2025-05-08,2025-05-13,1,72.51,0.0,organic,desktop,completed,72.51
BKG-005417,SES-099076,USR-04123,EXP-0129,2024-09-24,2024-10-03,2,171.01,0.17,paid_search,mobile,completed,283.88
BKG-005418,SES-099081,USR-05907,EXP-0051,2024-07-12,2024-07-22,4,28.53,0.0,organic,desktop,completed,114.12
BKG-005419,SES-099092,USR-01879,EXP-0102,2024-07-28,2024-08-07,5,55.1,0.0,paid_search,mobile,completed,275.5
BKG-005420,SES-099140,USR-04596,EXP-0043,2025-03-20,2025-03-23,1,31.28,0.09,organic,mobile,cancelled,28.46
BKG-005421,SES-099144,USR-04839,EXP-0263,2024-08-15,2024-08-21,2,64.45,0.07,social,mobile,completed,119.88
BKG-005422,SES-099157,USR-02281,EXP-0275,2025-06-29,2025-07-18,2,83.42,0.0,organic,desktop,completed,166.84
BKG-005423,SES-099164,USR-00516,EXP-0286,2024-09-25,2024-10-13,5,51.31,0.0,organic,desktop,completed,256.55
BKG-005424,SES-099182,USR-03937,EXP-0246,2024-08-29,2024-08-31,2,119.98,0.06,organic,desktop,completed,225.56
BKG-005425,SES-099191,USR-01905,EXP-0141,2024-09-04,2024-09-08,3,51.45,0.0,referral,desktop,completed,154.35
BKG-005426,SES-099202,USR-05553,EXP-0213,2025-04-18,2025-04-23,1,87.13,0.0,organic,desktop,completed,87.13
BKG-005427,SES-099215,USR-02663,EXP-0056,2024-10-22,2024-10-27,4,36.75,0.0,referral,desktop,completed,147.0
BKG-005428,SES-099230,USR-02179,EXP-0068,2024-07-04,2024-07-10,2,110.33,0.1,email,mobile,refunded,198.59
BKG-005429,SES-099236,USR-05867,EXP-0050,2024-10-13,2024-10-14,1,73.1,0.0,paid_search,mobile,cancelled,73.1
BKG-005430,SES-099245,USR-03547,EXP-0138,2024-09-02,2024-09-11,1,53.44,0.07,organic,mobile,completed,49.7
BKG-005431,SES-099302,USR-00496,EXP-0218,2024-12-04,2024-12-09,4,53.73,0.0,organic,tablet,completed,214.92
BKG-005432,SES-099306,USR-06714,EXP-0297,2024-07-26,2024-08-08,3,82.63,0.0,referral,desktop,completed,247.89
BKG-005433,SES-099342,USR-07502,EXP-0278,2025-02-16,2025-02-22,3,60.92,0.0,organic,mobile,completed,182.76
BKG-005434,SES-099344,USR-02407,EXP-0219,2025-01-10,2025-01-18,2,217.82,0.0,affiliates,mobile,completed,435.64
BKG-005435,SES-099369,USR-00899,EXP-0224,2025-03-22,2025-04-03,2,69.2,0.07,organic,mobile,completed,128.71
BKG-005436,SES-099377,USR-04962,EXP-0061,2025-04-27,2025-04-29,4,55.15,0.0,paid_search,mobile,completed,220.6
BKG-005437,SES-099384,USR-05617,EXP-0050,2025-02-19,2025-02-22,3,78.63,0.0,referral,mobile,completed,235.89
BKG-005438,SES-099409,USR-07861,EXP-0183,2024-07-05,2024-07-31,1,24.75,0.07,referral,mobile,completed,23.02
BKG-005439,SES-099458,USR-00511,EXP-0294,2025-03-01,2025-03-07,3,84.67,0.0,paid_search,mobile,completed,254.01
BKG-005440,SES-099500,USR-04714,EXP-0226,2024-10-27,2024-11-04,4,140.86,0.0,paid_search,mobile,cancelled,563.44
BKG-005441,SES-099504,USR-05930,EXP-0053,2024-11-23,2024-12-03,2,38.55,0.1,paid_search,desktop,completed,69.39
BKG-005442,SES-099520,USR-04527,EXP-0295,2025-02-18,2025-02-26,2,44.55,0.0,affiliates,mobile,completed,89.1
BKG-005443,SES-099521,USR-04537,EXP-0152,2024-12-20,2025-01-04,3,211.18,0.0,email,desktop,completed,633.54
BKG-005444,SES-099538,USR-07324,EXP-0005,2024-11-25,2024-11-27,2,74.65,0.09,social,desktop,completed,135.86
BKG-005445,SES-099539,USR-07340,EXP-0056,2025-06-12,2025-06-16,2,41.25,0.0,paid_search,mobile,completed,82.5
BKG-005446,SES-099554,USR-01340,EXP-0258,2024-08-02,2024-08-08,1,141.22,0.17,paid_search,mobile,cancelled,117.21
BKG-005447,SES-099557,USR-00864,EXP-0211,2025-04-06,2025-04-07,2,82.93,0.0,affiliates,mobile,completed,165.86
BKG-005448,SES-099560,USR-07504,EXP-0135,2024-11-26,2024-12-04,2,83.59,0.0,paid_search,desktop,completed,167.18
BKG-005449,SES-099581,USR-02435,EXP-0103,2024-08-18,2024-08-29,6,84.8,0.0,paid_search,mobile,completed,508.8
BKG-005450,SES-099592,USR-05679,EXP-0182,2025-06-29,2025-07-05,2,68.82,0.12,referral,mobile,completed,121.12
BKG-005451,SES-099630,USR-06969,EXP-0235,2025-02-17,2025-03-05,2,59.8,0.0,organic,mobile,refunded,119.6
BKG-005452,SES-099641,USR-04916,EXP-0095,2024-10-04,2024-11-23,2,121.53,0.0,paid_search,desktop,refunded,243.06
BKG-005453,SES-099661,USR-04746,EXP-0053,2024-10-20,2024-11-06,1,40.41,0.09,paid_search,desktop,completed,36.77
BKG-005454,SES-099662,USR-01196,EXP-0051,2025-03-16,2025-04-06,2,27.67,0.0,email,mobile,completed,55.34
BKG-005455,SES-099716,USR-01782,EXP-0030,2025-04-04,2025-04-10,3,112.15,0.0,paid_search,desktop,completed,336.45
BKG-005456,SES-099744,USR-06187,EXP-0061,2024-11-13,2024-12-23,3,55.6,0.11,referral,desktop,completed,148.45
BKG-005457,SES-099758,USR-01868,EXP-0136,2025-04-02,2025-04-06,4,41.22,0.0,organic,mobile,completed,164.88
BKG-005458,SES-099774,USR-01938,EXP-0248,2024-07-30,2024-08-02,1,162.75,0.07,organic,mobile,completed,151.36
BKG-005459,SES-099775,USR-01840,EXP-0183,2024-08-28,2024-08-30,2,23.04,0.19,affiliates,desktop,completed,37.32
BKG-005460,SES-099784,USR-05114,EXP-0276,2025-06-05,2025-06-07,1,99.84,0.0,organic,mobile,completed,99.84
BKG-005461,SES-099819,USR-01792,EXP-0074,2025-02-18,2025-03-03,4,135.39,0.19,paid_search,desktop,completed,438.66
BKG-005462,SES-099825,USR-07882,EXP-0084,2024-12-15,2024-12-16,5,74.15,0.0,email,tablet,completed,370.75
BKG-005463,SES-099840,USR-05752,EXP-0178,2024-08-08,2024-08-27,4,109.82,0.0,social,mobile,completed,439.28
BKG-005464,SES-099853,USR-07135,EXP-0198,2024-09-29,2024-09-30,2,82.67,0.0,organic,desktop,cancelled,165.34
BKG-005465,SES-099907,USR-04029,EXP-0092,2025-02-07,2025-03-14,2,66.15,0.0,organic,desktop,completed,132.3
BKG-005466,SES-099910,USR-00852,EXP-0208,2025-05-16,2025-06-06,5,61.77,0.0,paid_search,desktop,completed,308.85
BKG-005467,SES-099949,USR-03272,EXP-0082,2025-03-20,2025-03-24,3,161.12,0.19,paid_search,mobile,completed,391.52
BKG-005468,SES-099976,USR-00698,EXP-0017,2024-11-29,2024-12-19,2,82.55,0.0,paid_search,desktop,refunded,165.1
BKG-005469,SES-099999,USR-01104,EXP-0037,2025-01-15,2025-01-22,2,98.25,0.15,referral,desktop,completed,167.02
BKG-005470,SES-100001,USR-06791,EXP-0145,2025-02-24,2025-04-12,6,128.89,0.0,paid_search,desktop,completed,773.34
BKG-005471,SES-100008,USR-03894,EXP-0040,2024-10-01,2024-10-04,3,174.11,0.12,referral,desktop,completed,459.65
BKG-005472,SES-100011,USR-05774,EXP-0120,2024-07-01,2024-07-02,1,83.81,0.0,affiliates,mobile,completed,83.81
BKG-005473,SES-100018,USR-00942,EXP-0268,2025-03-12,2025-03-17,2,72.16,0.0,social,mobile,cancelled,144.32
BKG-005474,SES-100021,USR-03941,EXP-0254,2024-08-01,2024-08-19,5,171.13,0.0,email,desktop,completed,855.65
BKG-005475,SES-100051,USR-00899,EXP-0143,2024-07-23,2024-09-04,3,98.08,0.17,email,desktop,completed,244.22
BKG-005476,SES-100052,USR-01469,EXP-0258,2024-11-29,2024-12-01,3,143.73,0.0,paid_search,mobile,completed,431.19
BKG-005477,SES-100054,USR-05300,EXP-0031,2024-12-15,2024-12-25,4,56.64,0.0,affiliates,desktop,completed,226.56
BKG-005478,SES-100056,USR-06058,EXP-0227,2025-05-08,2025-06-01,2,99.71,0.0,paid_search,desktop,completed,199.42
BKG-005479,SES-100062,USR-04302,EXP-0110,2024-09-18,2024-09-19,3,124.44,0.13,email,desktop,completed,324.79
BKG-005480,SES-100078,USR-01993,EXP-0270,2025-02-13,2025-02-26,5,85.34,0.0,paid_search,desktop,completed,426.7
BKG-005481,SES-100113,USR-03065,EXP-0062,2024-10-21,2024-11-03,3,113.5,0.0,paid_search,desktop,completed,340.5
BKG-005482,SES-100120,USR-05498,EXP-0291,2025-04-15,2025-04-17,2,103.37,0.0,organic,mobile,completed,206.74
BKG-005483,SES-100123,USR-04947,EXP-0145,2024-07-04,2024-07-12,1,134.88,0.12,referral,mobile,completed,118.69
BKG-005484,SES-100149,USR-00954,EXP-0080,2025-05-20,2025-06-01,1,80.32,0.0,organic,mobile,completed,80.32
BKG-005485,SES-100165,USR-07864,EXP-0218,2025-03-18,2025-04-03,5,56.27,0.0,paid_search,mobile,refunded,281.35
BKG-005486,SES-100170,USR-07751,EXP-0093,2025-06-08,2025-06-22,5,48.72,0.19,paid_search,mobile,completed,197.32
BKG-005487,SES-100177,USR-00418,EXP-0080,2025-02-26,2025-03-07,2,72.55,0.0,organic,desktop,completed,145.1
BKG-005488,SES-100191,USR-03583,EXP-0205,2024-07-01,2024-07-12,2,134.4,0.0,affiliates,desktop,completed,268.8
BKG-005489,SES-100195,USR-06556,EXP-0258,2025-06-18,2025-06-21,2,134.27,0.0,paid_search,mobile,completed,268.54
BKG-005490,SES-100235,USR-07195,EXP-0136,2024-07-08,2024-07-09,1,44.69,0.0,organic,mobile,completed,44.69
BKG-005491,SES-100238,USR-00853,EXP-0195,2024-08-11,2024-08-22,2,71.83,0.0,affiliates,desktop,completed,143.66
BKG-005492,SES-100331,USR-01491,EXP-0279,2024-09-18,2024-10-04,1,102.16,0.0,paid_search,tablet,completed,102.16
BKG-005493,SES-100366,USR-07101,EXP-0080,2024-07-23,2024-07-29,2,72.0,0.0,organic,mobile,completed,144.0
BKG-005494,SES-100381,USR-07596,EXP-0020,2024-09-23,2024-09-30,2,120.97,0.0,organic,desktop,completed,241.94
BKG-005495,SES-100406,USR-01758,EXP-0232,2025-06-06,2025-06-08,1,51.34,0.0,organic,desktop,completed,51.34
BKG-005496,SES-100431,USR-00419,EXP-0180,2025-06-16,2025-09-06,2,187.54,0.14,affiliates,desktop,cancelled,322.57
BKG-005497,SES-100438,USR-07275,EXP-0184,2024-10-21,2024-10-27,2,71.11,0.0,organic,mobile,refunded,142.22
BKG-005498,SES-100451,USR-03639,EXP-0231,2025-05-02,2025-05-08,3,62.6,0.0,organic,desktop,completed,187.8
BKG-005499,SES-100461,USR-04629,EXP-0156,2025-03-26,2025-04-04,2,53.21,0.0,email,mobile,cancelled,106.42
BKG-005500,SES-100463,USR-01723,EXP-0062,2024-09-28,2024-10-07,5,123.18,0.06,paid_search,mobile,completed,578.95
BKG-005501,SES-100477,USR-07343,EXP-0262,2025-03-24,2025-03-31,2,99.16,0.0,paid_search,desktop,completed,198.32
BKG-005502,SES-100526,USR-06078,EXP-0290,2025-06-22,2025-07-24,2,179.42,0.06,affiliates,mobile,completed,337.31
BKG-005503,SES-100539,USR-02568,EXP-0180,2024-11-08,2024-11-13,2,183.66,0.08,organic,desktop,completed,337.93
BKG-005504,SES-100567,USR-06964,EXP-0056,2025-03-05,2025-03-06,2,34.31,0.0,paid_search,desktop,completed,68.62
BKG-005505,SES-100590,USR-00893,EXP-0210,2025-04-16,2025-04-20,3,125.51,0.0,organic,desktop,completed,376.53
BKG-005506,SES-100616,USR-03722,EXP-0188,2024-12-14,2024-12-17,2,41.75,0.0,paid_search,desktop,completed,83.5
BKG-005507,SES-100654,USR-06989,EXP-0214,2024-09-21,2024-10-24,6,89.97,0.11,paid_search,desktop,completed,480.44
BKG-005508,SES-100657,USR-00226,EXP-0084,2024-10-07,2024-10-10,2,80.28,0.0,paid_search,mobile,completed,160.56
BKG-005509,SES-100675,USR-00418,EXP-0029,2025-01-29,2025-03-03,4,76.5,0.0,organic,mobile,completed,306.0
BKG-005510,SES-100676,USR-07848,EXP-0164,2025-05-30,2025-06-09,3,71.68,0.0,paid_search,desktop,completed,215.04
BKG-005511,SES-100684,USR-00365,EXP-0015,2024-07-28,2024-07-29,1,32.66,0.17,paid_search,tablet,completed,27.11
BKG-005512,SES-100685,USR-02662,EXP-0249,2025-01-11,2025-02-24,5,231.53,0.0,paid_search,mobile,completed,1157.65
BKG-005513,SES-100707,USR-01599,EXP-0280,2024-12-21,2024-12-26,3,121.31,0.0,paid_search,mobile,completed,363.93
BKG-005514,SES-100734,USR-02485,EXP-0009,2024-12-21,2025-01-04,5,55.6,0.0,paid_search,mobile,completed,278.0
BKG-005515,SES-100747,USR-01765,EXP-0290,2024-10-10,2024-10-19,1,180.97,0.0,organic,mobile,cancelled,180.97
BKG-005516,SES-100751,USR-05184,EXP-0290,2025-02-09,2025-02-12,4,166.52,0.05,paid_search,desktop,completed,632.78
BKG-005517,SES-100752,USR-07183,EXP-0218,2024-10-03,2024-10-19,5,48.96,0.09,organic,desktop,completed,222.77
BKG-005518,SES-100792,USR-06082,EXP-0133,2024-07-21,2024-07-25,2,91.93,0.0,referral,desktop,completed,183.86
BKG-005519,SES-100802,USR-04392,EXP-0044,2025-03-15,2025-03-16,2,197.32,0.0,organic,desktop,completed,394.64
BKG-005520,SES-100816,USR-06187,EXP-0057,2025-06-24,2025-07-01,6,90.59,0.1,paid_search,desktop,refunded,489.19
BKG-005521,SES-100834,USR-04009,EXP-0166,2024-12-17,2024-12-19,1,74.39,0.0,affiliates,desktop,completed,74.39
BKG-005522,SES-100871,USR-01156,EXP-0139,2025-02-25,2025-03-04,3,99.91,0.0,affiliates,mobile,completed,299.73
BKG-005523,SES-100880,USR-00429,EXP-0174,2024-12-31,2025-01-12,2,94.92,0.0,organic,mobile,completed,189.84
BKG-005524,SES-100898,USR-07936,EXP-0242,2025-03-31,2025-04-01,2,74.59,0.0,paid_search,desktop,completed,149.18
BKG-005525,SES-100948,USR-01149,EXP-0115,2024-08-31,2024-09-08,1,26.24,0.0,paid_search,desktop,completed,26.24
BKG-005526,SES-100976,USR-03776,EXP-0197,2024-08-22,2024-08-24,3,76.71,0.0,paid_search,mobile,cancelled,230.13
BKG-005527,SES-100984,USR-00522,EXP-0063,2024-11-29,2024-12-07,4,99.42,0.0,paid_search,desktop,completed,397.68
BKG-005528,SES-101000,USR-05790,EXP-0023,2024-11-04,2024-11-08,6,41.49,0.0,paid_search,mobile,completed,248.94
BKG-005529,SES-101010,USR-02573,EXP-0065,2025-03-04,2025-03-13,1,89.92,0.08,paid_search,mobile,completed,82.73
BKG-005530,SES-101029,USR-07652,EXP-0252,2025-04-24,2025-04-28,2,75.86,0.0,paid_search,mobile,completed,151.72
BKG-005531,SES-101042,USR-00157,EXP-0031,2024-07-08,2024-07-09,2,59.83,0.0,organic,desktop,completed,119.66
BKG-005532,SES-101043,USR-01987,EXP-0212,2024-09-15,2024-09-17,2,57.0,0.0,paid_search,desktop,completed,114.0
BKG-005533,SES-101063,USR-07562,EXP-0206,2025-03-18,2025-03-26,1,65.45,0.18,email,mobile,completed,53.67
BKG-005534,SES-101067,USR-00168,EXP-0268,2025-04-17,2025-04-19,2,74.25,0.0,email,mobile,completed,148.5
BKG-005535,SES-101073,USR-03197,EXP-0207,2024-09-27,2024-09-29,6,99.87,0.14,organic,mobile,completed,515.33
BKG-005536,SES-101085,USR-04363,EXP-0242,2025-02-17,2025-02-21,2,75.34,0.0,organic,tablet,completed,150.68
BKG-005537,SES-101100,USR-00781,EXP-0012,2025-05-20,2025-06-27,3,70.78,0.0,organic,mobile,completed,212.34
BKG-005538,SES-101106,USR-03302,EXP-0032,2024-08-28,2024-08-30,3,75.65,0.0,affiliates,desktop,completed,226.95
BKG-005539,SES-101146,USR-03541,EXP-0226,2024-10-21,2024-10-24,2,127.24,0.0,organic,desktop,refunded,254.48
BKG-005540,SES-101207,USR-04100,EXP-0176,2024-09-05,2024-09-09,4,55.32,0.0,organic,tablet,completed,221.28
BKG-005541,SES-101221,USR-04870,EXP-0006,2025-01-20,2025-02-01,2,46.9,0.11,paid_search,mobile,completed,83.48
BKG-005542,SES-101232,USR-03302,EXP-0231,2024-12-13,2025-01-29,1,64.01,0.09,organic,mobile,completed,58.25
BKG-005543,SES-101246,USR-07270,EXP-0065,2025-04-04,2025-04-09,2,84.3,0.0,paid_search,desktop,completed,168.6
BKG-005544,SES-101262,USR-07312,EXP-0068,2024-11-06,2024-11-18,4,101.34,0.0,organic,desktop,completed,405.36
BKG-005545,SES-101276,USR-00810,EXP-0205,2025-06-14,2025-06-24,6,131.98,0.0,organic,tablet,completed,791.88
BKG-005546,SES-101287,USR-00452,EXP-0236,2025-03-22,2025-05-18,2,122.07,0.0,organic,mobile,completed,244.14
BKG-005547,SES-101299,USR-04139,EXP-0225,2024-07-27,2024-08-14,5,149.81,0.0,referral,desktop,completed,749.05
BKG-005548,SES-101315,USR-07676,EXP-0120,2024-09-08,2024-09-26,1,78.83,0.0,social,mobile,completed,78.83
BKG-005549,SES-101320,USR-02524,EXP-0098,2024-07-12,2024-07-15,2,87.42,0.09,email,desktop,completed,159.1
BKG-005550,SES-101325,USR-01068,EXP-0298,2024-12-29,2025-01-14,2,82.84,0.12,email,mobile,completed,145.8
BKG-005551,SES-101341,USR-01570,EXP-0074,2024-09-13,2024-09-15,1,142.7,0.0,paid_search,mobile,completed,142.7
BKG-005552,SES-101354,USR-00594,EXP-0268,2025-06-10,2025-06-12,2,79.69,0.0,referral,desktop,completed,159.38
BKG-005553,SES-101357,USR-05921,EXP-0223,2025-04-19,2025-04-21,3,90.01,0.15,email,mobile,completed,229.53
BKG-005554,SES-101382,USR-01693,EXP-0203,2025-05-23,2025-06-19,3,126.75,0.0,organic,desktop,completed,380.25
BKG-005555,SES-101401,USR-04430,EXP-0077,2025-04-11,2025-04-15,2,143.66,0.0,social,mobile,completed,287.32
BKG-005556,SES-101419,USR-06939,EXP-0007,2024-08-20,2024-08-22,1,125.84,0.0,organic,mobile,completed,125.84
BKG-005557,SES-101422,USR-04145,EXP-0084,2025-04-11,2025-05-11,2,65.84,0.0,organic,desktop,completed,131.68
BKG-005558,SES-101461,USR-05276,EXP-0181,2024-11-19,2024-12-10,2,103.75,0.0,organic,mobile,completed,207.5
BKG-005559,SES-101473,USR-01732,EXP-0068,2025-04-15,2025-04-19,1,106.17,0.0,paid_search,mobile,completed,106.17
BKG-005560,SES-101476,USR-01342,EXP-0117,2025-06-05,2025-06-19,2,104.3,0.08,organic,desktop,completed,191.91
BKG-005561,SES-101483,USR-06558,EXP-0059,2025-05-29,2025-06-17,4,37.7,0.0,paid_search,mobile,refunded,150.8
BKG-005562,SES-101485,USR-00550,EXP-0149,2024-11-02,2024-11-08,1,52.36,0.15,social,mobile,completed,44.51
BKG-005563,SES-101525,USR-07905,EXP-0193,2024-12-02,2024-12-11,3,75.26,0.0,paid_search,mobile,completed,225.78
BKG-005564,SES-101559,USR-06845,EXP-0189,2025-04-30,2025-05-14,2,88.4,0.0,email,desktop,completed,176.8
BKG-005565,SES-101598,USR-07529,EXP-0064,2024-10-31,2024-11-21,1,71.64,0.0,paid_search,mobile,completed,71.64
BKG-005566,SES-101613,USR-00318,EXP-0152,2025-06-01,2025-06-21,2,199.91,0.1,social,desktop,completed,359.84
BKG-005567,SES-101634,USR-05633,EXP-0006,2024-07-09,2024-07-10,2,44.89,0.0,organic,desktop,completed,89.78
BKG-005568,SES-101641,USR-01913,EXP-0108,2025-05-12,2025-05-21,3,62.46,0.18,referral,tablet,completed,153.65
BKG-005569,SES-101662,USR-03064,EXP-0052,2025-05-03,2025-05-05,2,79.17,0.0,paid_search,mobile,refunded,158.34
BKG-005570,SES-101664,USR-00089,EXP-0277,2024-09-23,2024-10-04,2,97.26,0.0,paid_search,mobile,completed,194.52
BKG-005571,SES-101681,USR-03701,EXP-0061,2024-09-16,2024-09-25,1,47.58,0.17,referral,mobile,refunded,39.49
BKG-005572,SES-101685,USR-07687,EXP-0013,2025-04-02,2025-04-08,2,78.21,0.0,organic,desktop,completed,156.42
BKG-005573,SES-101687,USR-01509,EXP-0147,2025-02-27,2025-03-18,5,34.4,0.09,paid_search,mobile,completed,156.52
BKG-005574,SES-101691,USR-02458,EXP-0163,2024-12-03,2024-12-16,2,46.25,0.15,organic,mobile,completed,78.62
BKG-005575,SES-101692,USR-02530,EXP-0285,2025-05-03,2025-06-12,3,38.1,0.0,referral,desktop,completed,114.3
BKG-005576,SES-101717,USR-02922,EXP-0174,2024-10-04,2024-10-17,1,103.3,0.05,affiliates,desktop,completed,98.14
BKG-005577,SES-101784,USR-02092,EXP-0012,2024-10-17,2024-11-23,2,70.65,0.0,affiliates,mobile,completed,141.3
BKG-005578,SES-101796,USR-06130,EXP-0265,2025-05-22,2025-06-04,4,62.12,0.0,paid_search,mobile,completed,248.48
BKG-005579,SES-101829,USR-03149,EXP-0264,2025-05-09,2025-05-14,2,131.39,0.0,paid_search,mobile,completed,262.78
BKG-005580,SES-101832,USR-03532,EXP-0108,2025-02-10,2025-02-21,1,64.21,0.13,paid_search,desktop,completed,55.86
BKG-005581,SES-101838,USR-01512,EXP-0255,2025-02-03,2025-02-14,2,89.25,0.0,paid_search,desktop,completed,178.5
BKG-005582,SES-101869,USR-04400,EXP-0148,2024-08-16,2024-09-03,6,110.45,0.16,paid_search,desktop,completed,556.67
BKG-005583,SES-101938,USR-04070,EXP-0079,2025-05-01,2025-06-03,5,98.08,0.17,organic,mobile,completed,407.03
BKG-005584,SES-101951,USR-06519,EXP-0241,2024-10-04,2024-10-10,3,121.04,0.0,paid_search,mobile,completed,363.12
BKG-005585,SES-101964,USR-01506,EXP-0228,2024-12-27,2025-01-28,6,156.25,0.07,referral,desktop,completed,871.87
BKG-005586,SES-101988,USR-01580,EXP-0169,2024-12-15,2024-12-23,2,92.35,0.17,organic,desktop,completed,153.3
BKG-005587,SES-102060,USR-03367,EXP-0137,2024-07-16,2024-07-17,2,53.18,0.11,affiliates,mobile,completed,94.66
BKG-005588,SES-102085,USR-07477,EXP-0272,2025-03-21,2025-03-27,2,95.74,0.0,paid_search,desktop,completed,191.48
BKG-005589,SES-102142,USR-02385,EXP-0157,2024-12-25,2024-12-29,3,89.74,0.2,paid_search,tablet,completed,215.38
BKG-005590,SES-102144,USR-06612,EXP-0266,2025-03-20,2025-03-25,2,61.12,0.0,paid_search,mobile,completed,122.24
BKG-005591,SES-102165,USR-02019,EXP-0144,2025-06-28,2025-07-13,4,88.25,0.0,paid_search,mobile,completed,353.0
BKG-005592,SES-102169,USR-05507,EXP-0032,2024-09-28,2024-10-05,3,76.52,0.0,organic,mobile,completed,229.56
BKG-005593,SES-102201,USR-00243,EXP-0287,2025-04-27,2025-05-07,2,93.75,0.12,paid_search,desktop,completed,165.0
BKG-005594,SES-102261,USR-02924,EXP-0253,2025-04-10,2025-05-07,5,50.59,0.0,referral,mobile,completed,252.95
BKG-005595,SES-102284,USR-05410,EXP-0172,2025-06-02,2025-06-05,2,61.53,0.2,referral,mobile,completed,98.45
BKG-005596,SES-102305,USR-07149,EXP-0022,2025-05-10,2025-06-11,1,78.59,0.0,affiliates,mobile,cancelled,78.59
BKG-005597,SES-102321,USR-05657,EXP-0291,2025-06-18,2025-07-14,2,107.41,0.0,organic,mobile,completed,214.82
BKG-005598,SES-102324,USR-01668,EXP-0177,2024-10-16,2024-11-03,4,35.0,0.0,organic,mobile,completed,140.0
BKG-005599,SES-102342,USR-05329,EXP-0053,2025-03-21,2025-03-30,5,36.84,0.0,email,mobile,cancelled,184.2
BKG-005600,SES-102394,USR-04662,EXP-0254,2024-08-08,2024-08-13,3,196.86,0.0,email,desktop,completed,590.58
BKG-005601,SES-102432,USR-02337,EXP-0229,2024-11-04,2024-11-07,1,90.05,0.0,paid_search,desktop,completed,90.05
BKG-005602,SES-102443,USR-01487,EXP-0048,2024-12-25,2025-01-03,1,100.95,0.0,organic,mobile,cancelled,100.95
BKG-005603,SES-102464,USR-04374,EXP-0023,2025-02-12,2025-02-22,2,42.13,0.0,paid_search,desktop,completed,84.26
BKG-005604,SES-102467,USR-01675,EXP-0204,2024-11-14,2024-11-17,2,80.71,0.11,organic,mobile,completed,143.66
BKG-005605,SES-102478,USR-03956,EXP-0256,2024-09-21,2024-09-25,2,32.26,0.0,paid_search,mobile,completed,64.52
BKG-005606,SES-102484,USR-02226,EXP-0288,2024-10-27,2024-11-24,1,72.64,0.17,email,mobile,completed,60.29
BKG-005607,SES-102491,USR-04400,EXP-0220,2024-11-24,2024-12-08,2,38.59,0.0,email,desktop,completed,77.18
BKG-005608,SES-102498,USR-03690,EXP-0073,2024-10-15,2024-10-22,2,94.23,0.0,referral,desktop,completed,188.46
BKG-005609,SES-102502,USR-07558,EXP-0091,2024-11-28,2024-12-10,2,126.23,0.0,paid_search,desktop,completed,252.46
BKG-005610,SES-102511,USR-01804,EXP-0041,2024-11-20,2024-12-01,1,29.74,0.0,affiliates,desktop,cancelled,29.74
BKG-005611,SES-102520,USR-04255,EXP-0213,2025-05-09,2025-05-15,1,84.88,0.12,social,desktop,refunded,74.69
BKG-005612,SES-102563,USR-05841,EXP-0232,2025-04-30,2025-05-06,1,49.3,0.11,organic,tablet,completed,43.88
BKG-005613,SES-102624,USR-05017,EXP-0063,2024-12-06,2024-12-12,2,109.35,0.0,referral,mobile,completed,218.7
BKG-005614,SES-102630,USR-06355,EXP-0156,2024-07-05,2024-07-18,2,54.15,0.0,organic,tablet,cancelled,108.3
BKG-005615,SES-102638,USR-01334,EXP-0228,2024-12-21,2024-12-31,3,149.89,0.0,social,desktop,completed,449.67
BKG-005616,SES-102651,USR-04535,EXP-0007,2024-11-25,2024-12-05,6,130.13,0.0,paid_search,desktop,completed,780.78
BKG-005617,SES-102655,USR-01137,EXP-0145,2025-06-26,2025-06-29,2,129.62,0.0,affiliates,mobile,completed,259.24
BKG-005618,SES-102701,USR-00064,EXP-0197,2024-07-18,2024-07-27,1,80.2,0.0,referral,mobile,completed,80.2
BKG-005619,SES-102734,USR-06935,EXP-0186,2024-10-26,2024-11-10,2,57.24,0.0,affiliates,desktop,completed,114.48
BKG-005620,SES-102758,USR-06387,EXP-0232,2025-05-03,2025-05-08,3,48.49,0.0,paid_search,desktop,completed,145.47
BKG-005621,SES-102805,USR-03819,EXP-0299,2024-10-28,2024-11-27,3,117.48,0.16,paid_search,desktop,completed,296.05
BKG-005622,SES-102810,USR-06052,EXP-0154,2024-10-19,2024-10-24,1,44.88,0.0,paid_search,desktop,completed,44.88
BKG-005623,SES-102819,USR-03996,EXP-0220,2025-01-07,2025-01-22,2,37.44,0.0,organic,mobile,completed,74.88
BKG-005624,SES-102847,USR-04574,EXP-0037,2024-10-12,2024-10-18,2,82.53,0.0,organic,mobile,completed,165.06
BKG-005625,SES-102868,USR-01511,EXP-0037,2024-10-09,2024-10-11,1,78.58,0.0,email,desktop,completed,78.58
BKG-005626,SES-102875,USR-07855,EXP-0119,2025-02-17,2025-02-24,2,116.19,0.0,paid_search,desktop,completed,232.38
BKG-005627,SES-102888,USR-04985,EXP-0104,2025-01-08,2025-01-17,2,151.84,0.0,organic,desktop,completed,303.68
BKG-005628,SES-102901,USR-02850,EXP-0278,2024-12-18,2025-01-04,3,59.26,0.0,paid_search,mobile,completed,177.78
BKG-005629,SES-102905,USR-05578,EXP-0175,2025-05-26,2025-06-13,5,79.13,0.0,referral,mobile,refunded,395.65
BKG-005630,SES-102906,USR-05120,EXP-0267,2025-01-27,2025-01-31,4,52.46,0.0,referral,mobile,completed,209.84
BKG-005631,SES-102915,USR-05238,EXP-0234,2024-10-27,2024-10-28,4,88.66,0.0,paid_search,mobile,completed,354.64
BKG-005632,SES-102919,USR-03824,EXP-0156,2025-03-11,2025-03-20,2,49.53,0.0,organic,desktop,completed,99.06
BKG-005633,SES-102953,USR-02225,EXP-0003,2024-12-18,2025-01-10,2,96.39,0.0,organic,mobile,completed,192.78
BKG-005634,SES-102989,USR-02070,EXP-0178,2024-09-12,2024-09-26,1,97.21,0.16,organic,desktop,completed,81.66
BKG-005635,SES-103053,USR-06039,EXP-0080,2025-02-28,2025-03-05,4,70.47,0.0,email,desktop,completed,281.88
BKG-005636,SES-103061,USR-06188,EXP-0124,2024-10-18,2024-10-19,1,88.38,0.0,paid_search,mobile,completed,88.38
BKG-005637,SES-103064,USR-00850,EXP-0181,2024-10-16,2024-10-31,4,106.42,0.0,paid_search,desktop,completed,425.68
BKG-005638,SES-103087,USR-07714,EXP-0084,2025-02-26,2025-03-15,2,72.2,0.0,paid_search,mobile,completed,144.4
BKG-005639,SES-103095,USR-07497,EXP-0208,2025-05-17,2025-05-26,2,61.77,0.0,paid_search,desktop,completed,123.54
BKG-005640,SES-103106,USR-00008,EXP-0268,2025-05-21,2025-05-25,2,74.61,0.0,paid_search,mobile,completed,149.22
BKG-005641,SES-103123,USR-02850,EXP-0275,2025-04-12,2025-05-04,2,87.63,0.0,email,desktop,completed,175.26
BKG-005642,SES-103160,USR-05347,EXP-0269,2024-12-02,2024-12-04,2,64.82,0.0,paid_search,mobile,completed,129.64
BKG-005643,SES-103163,USR-05258,EXP-0222,2025-01-12,2025-01-19,2,43.78,0.0,email,desktop,completed,87.56
BKG-005644,SES-103170,USR-02105,EXP-0226,2024-10-15,2024-10-26,1,139.12,0.0,paid_search,mobile,completed,139.12
BKG-005645,SES-103172,USR-03023,EXP-0161,2025-01-10,2025-01-19,1,172.91,0.0,referral,desktop,completed,172.91
BKG-005646,SES-103177,USR-04282,EXP-0273,2025-04-01,2025-04-19,2,40.13,0.18,affiliates,desktop,completed,65.81
BKG-005647,SES-103179,USR-06900,EXP-0209,2025-04-10,2025-04-11,2,82.24,0.0,paid_search,mobile,completed,164.48
BKG-005648,SES-103192,USR-05317,EXP-0148,2024-08-18,2024-08-20,2,103.2,0.0,paid_search,mobile,completed,206.4
BKG-005649,SES-103194,USR-00759,EXP-0253,2025-01-30,2025-02-10,2,55.27,0.0,referral,desktop,completed,110.54
BKG-005650,SES-103195,USR-02814,EXP-0279,2024-07-16,2024-07-23,2,95.49,0.0,organic,desktop,completed,190.98
BKG-005651,SES-103206,USR-03003,EXP-0133,2024-11-07,2024-11-20,2,94.75,0.0,paid_search,mobile,completed,189.5
BKG-005652,SES-103247,USR-05590,EXP-0286,2024-09-17,2024-09-20,3,52.94,0.1,paid_search,desktop,completed,142.94
BKG-005653,SES-103253,USR-02989,EXP-0070,2024-09-07,2024-09-24,2,82.24,0.0,organic,mobile,completed,164.48
BKG-005654,SES-103255,USR-02552,EXP-0261,2025-03-17,2025-03-18,2,125.73,0.0,paid_search,mobile,completed,251.46
BKG-005655,SES-103275,USR-06292,EXP-0158,2025-04-21,2025-05-10,2,48.47,0.0,organic,desktop,completed,96.94
BKG-005656,SES-103281,USR-00336,EXP-0265,2024-08-01,2024-08-03,1,53.04,0.0,paid_search,tablet,completed,53.04
BKG-005657,SES-103283,USR-07403,EXP-0017,2024-07-15,2024-07-28,2,79.11,0.0,paid_search,mobile,completed,158.22
BKG-005658,SES-103287,USR-04216,EXP-0083,2024-09-07,2024-09-21,3,83.48,0.07,email,mobile,completed,232.91
BKG-005659,SES-103341,USR-00944,EXP-0197,2025-04-18,2025-04-20,2,84.2,0.14,organic,desktop,completed,144.82
BKG-005660,SES-103343,USR-05245,EXP-0102,2025-01-28,2025-02-15,4,47.97,0.0,paid_search,desktop,completed,191.88
BKG-005661,SES-103353,USR-04423,EXP-0099,2024-12-22,2024-12-24,2,86.91,0.06,email,mobile,completed,163.39
BKG-005662,SES-103355,USR-05498,EXP-0014,2024-11-09,2024-11-27,2,107.71,0.0,organic,desktop,completed,215.42
BKG-005663,SES-103359,USR-02353,EXP-0098,2025-05-27,2025-06-15,2,92.8,0.0,organic,mobile,completed,185.6
BKG-005664,SES-103380,USR-02502,EXP-0197,2024-09-16,2024-10-09,1,83.54,0.17,organic,mobile,cancelled,69.34
BKG-005665,SES-103389,USR-05226,EXP-0201,2024-09-05,2024-09-18,5,77.05,0.0,affiliates,mobile,completed,385.25
BKG-005666,SES-103398,USR-05426,EXP-0149,2025-06-09,2025-06-22,2,66.05,0.16,affiliates,tablet,completed,110.96
BKG-005667,SES-103433,USR-04507,EXP-0136,2025-02-23,2025-04-01,2,45.55,0.09,paid_search,desktop,completed,82.9
BKG-005668,SES-103474,USR-03550,EXP-0121,2025-01-18,2025-01-27,1,113.01,0.0,email,mobile,completed,113.01
BKG-005669,SES-103499,USR-02381,EXP-0051,2025-06-26,2025-06-27,1,30.42,0.0,referral,mobile,completed,30.42
BKG-005670,SES-103502,USR-04145,EXP-0083,2025-03-17,2025-03-26,2,89.75,0.0,referral,desktop,completed,179.5
BKG-005671,SES-103504,USR-07546,EXP-0049,2025-04-03,2025-04-05,2,114.49,0.0,referral,mobile,cancelled,228.98
BKG-005672,SES-103579,USR-06218,EXP-0002,2024-12-20,2024-12-30,4,32.04,0.19,affiliates,tablet,completed,103.81
BKG-005673,SES-103581,USR-02770,EXP-0276,2025-04-03,2025-04-12,2,90.97,0.0,paid_search,desktop,completed,181.94
BKG-005674,SES-103582,USR-07635,EXP-0211,2025-01-29,2025-02-15,2,85.21,0.0,paid_search,mobile,completed,170.42
BKG-005675,SES-103598,USR-00365,EXP-0021,2025-02-20,2025-03-02,2,84.87,0.0,affiliates,desktop,completed,169.74
BKG-005676,SES-103608,USR-02336,EXP-0045,2024-10-16,2024-12-04,3,160.75,0.1,paid_search,desktop,completed,434.02
BKG-005677,SES-103650,USR-03860,EXP-0267,2025-04-30,2025-05-20,3,43.75,0.13,organic,mobile,completed,114.19
BKG-005678,SES-103663,USR-05265,EXP-0060,2024-07-09,2024-07-15,1,90.1,0.0,organic,desktop,completed,90.1
BKG-005679,SES-103668,USR-04604,EXP-0297,2025-03-29,2025-04-18,2,86.72,0.0,organic,mobile,completed,173.44
BKG-005680,SES-103673,USR-05407,EXP-0037,2025-05-08,2025-05-12,2,80.98,0.11,affiliates,mobile,completed,144.14
BKG-005681,SES-103706,USR-04936,EXP-0048,2024-12-27,2025-01-11,3,107.05,0.0,referral,tablet,completed,321.15
BKG-005682,SES-103720,USR-07126,EXP-0213,2025-02-11,2025-02-17,4,77.72,0.0,email,mobile,completed,310.88
BKG-005683,SES-103727,USR-06186,EXP-0209,2025-04-05,2025-04-27,1,82.79,0.0,paid_search,mobile,completed,82.79
BKG-005684,SES-103764,USR-06501,EXP-0223,2024-11-15,2024-12-04,2,96.46,0.0,organic,mobile,completed,192.92
BKG-005685,SES-103823,USR-05646,EXP-0118,2025-05-05,2025-05-18,2,54.29,0.13,referral,desktop,completed,94.46
BKG-005686,SES-103827,USR-05339,EXP-0131,2025-01-19,2025-01-24,2,89.17,0.0,referral,mobile,completed,178.34
BKG-005687,SES-103847,USR-00416,EXP-0054,2024-09-21,2024-09-27,2,69.65,0.0,email,desktop,completed,139.3
BKG-005688,SES-103891,USR-03071,EXP-0053,2025-02-17,2025-02-20,2,41.97,0.0,email,mobile,completed,83.94
BKG-005689,SES-103915,USR-05347,EXP-0050,2025-06-08,2025-06-20,1,82.43,0.0,affiliates,mobile,completed,82.43
BKG-005690,SES-103921,USR-06970,EXP-0250,2025-02-22,2025-02-28,1,49.25,0.0,paid_search,desktop,completed,49.25
BKG-005691,SES-103939,USR-00797,EXP-0276,2025-04-25,2025-04-30,2,106.09,0.0,email,mobile,completed,212.18
BKG-005692,SES-103948,USR-01243,EXP-0015,2024-07-24,2024-07-30,2,32.94,0.0,affiliates,desktop,completed,65.88
BKG-005693,SES-103950,USR-05690,EXP-0217,2024-11-12,2024-11-17,2,43.21,0.0,paid_search,desktop,completed,86.42
BKG-005694,SES-103996,USR-01279,EXP-0290,2025-04-20,2025-04-22,1,170.4,0.0,email,desktop,completed,170.4
BKG-005695,SES-103999,USR-02017,EXP-0037,2025-06-02,2025-07-10,1,81.0,0.0,paid_search,desktop,cancelled,81.0
BKG-005696,SES-104019,USR-00934,EXP-0112,2024-11-18,2024-12-13,6,51.26,0.0,organic,desktop,completed,307.56
BKG-005697,SES-104029,USR-00518,EXP-0238,2025-01-14,2025-01-16,2,70.98,0.14,organic,mobile,completed,122.09
BKG-005698,SES-104050,USR-00991,EXP-0006,2024-11-10,2024-12-05,2,45.3,0.0,organic,mobile,completed,90.6
BKG-005699,SES-104090,USR-04713,EXP-0121,2025-05-26,2025-05-31,4,114.78,0.17,email,desktop,completed,381.07
BKG-005700,SES-104129,USR-07055,EXP-0225,2024-09-27,2024-09-30,2,150.92,0.0,organic,mobile,cancelled,301.84
BKG-005701,SES-104143,USR-00957,EXP-0174,2024-10-28,2024-12-02,2,94.82,0.09,email,mobile,completed,172.57
BKG-005702,SES-104162,USR-02157,EXP-0283,2024-09-26,2024-10-04,2,154.66,0.16,affiliates,mobile,completed,259.83
BKG-005703,SES-104170,USR-01480,EXP-0043,2024-08-29,2024-09-01,2,30.71,0.0,paid_search,desktop,completed,61.42
BKG-005704,SES-104180,USR-07056,EXP-0012,2024-10-25,2024-11-24,1,80.17,0.0,organic,desktop,completed,80.17
BKG-005705,SES-104191,USR-04417,EXP-0026,2024-08-29,2024-10-03,2,28.53,0.14,paid_search,mobile,completed,49.07
BKG-005706,SES-104196,USR-05601,EXP-0098,2024-11-27,2025-01-07,2,84.98,0.0,organic,desktop,completed,169.96
BKG-005707,SES-104208,USR-02472,EXP-0185,2024-09-29,2024-10-07,4,100.18,0.1,affiliates,mobile,completed,360.65
BKG-005708,SES-104250,USR-01689,EXP-0153,2024-08-23,2024-08-24,4,48.87,0.0,email,desktop,completed,195.48
BKG-005709,SES-104252,USR-00294,EXP-0297,2024-07-11,2024-07-18,2,86.47,0.0,organic,desktop,completed,172.94
BKG-005710,SES-104262,USR-00741,EXP-0032,2025-02-02,2025-02-18,1,84.65,0.0,paid_search,desktop,completed,84.65
BKG-005711,SES-104271,USR-03380,EXP-0221,2025-01-15,2025-02-06,2,77.29,0.0,paid_search,desktop,completed,154.58
BKG-005712,SES-104282,USR-00914,EXP-0286,2024-11-27,2024-12-05,4,52.79,0.0,affiliates,desktop,completed,211.16
BKG-005713,SES-104294,USR-03168,EXP-0295,2025-04-29,2025-05-08,6,44.99,0.0,paid_search,desktop,completed,269.94
BKG-005714,SES-104295,USR-02794,EXP-0001,2024-09-23,2024-10-05,6,60.01,0.0,organic,mobile,completed,360.06
BKG-005715,SES-104327,USR-03308,EXP-0225,2024-08-04,2024-08-08,6,153.55,0.0,referral,mobile,completed,921.3
BKG-005716,SES-104329,USR-01119,EXP-0101,2025-01-15,2025-01-21,5,31.46,0.0,paid_search,desktop,completed,157.3
BKG-005717,SES-104333,USR-00983,EXP-0019,2024-09-24,2024-10-31,1,33.45,0.2,paid_search,mobile,completed,26.76
BKG-005718,SES-104340,USR-03201,EXP-0191,2024-07-21,2024-07-23,2,75.41,0.0,paid_search,desktop,completed,150.82
BKG-005719,SES-104357,USR-06436,EXP-0243,2025-05-04,2025-05-19,2,84.58,0.0,email,mobile,completed,169.16
BKG-005720,SES-104402,USR-01365,EXP-0029,2024-07-13,2024-07-14,2,76.09,0.0,social,mobile,completed,152.18
BKG-005721,SES-104415,USR-06983,EXP-0171,2024-12-17,2024-12-24,2,122.24,0.0,organic,mobile,completed,244.48
BKG-005722,SES-104427,USR-01255,EXP-0123,2024-11-02,2024-11-09,3,95.57,0.0,organic,mobile,completed,286.71
BKG-005723,SES-104438,USR-05137,EXP-0233,2024-09-26,2024-10-27,5,181.12,0.0,email,mobile,refunded,905.6
BKG-005724,SES-104440,USR-04397,EXP-0014,2024-11-12,2024-11-25,4,130.68,0.0,paid_search,desktop,refunded,522.72
BKG-005725,SES-104477,USR-02150,EXP-0270,2024-12-06,2024-12-08,2,91.21,0.13,affiliates,mobile,completed,158.71
BKG-005726,SES-104507,USR-04856,EXP-0116,2025-05-01,2025-05-09,2,72.53,0.0,email,mobile,completed,145.06
BKG-005727,SES-104513,USR-00412,EXP-0221,2024-12-01,2025-01-04,1,79.69,0.0,email,mobile,completed,79.69
BKG-005728,SES-104528,USR-04828,EXP-0042,2025-06-06,2025-06-07,3,132.93,0.0,organic,mobile,completed,398.79
BKG-005729,SES-104534,USR-01793,EXP-0039,2024-12-27,2025-01-04,4,66.44,0.0,affiliates,mobile,completed,265.76
BKG-005730,SES-104556,USR-05661,EXP-0226,2024-08-07,2024-08-17,2,140.81,0.0,organic,desktop,completed,281.62
BKG-005731,SES-104557,USR-02513,EXP-0211,2025-03-25,2025-04-06,5,81.96,0.0,paid_search,mobile,completed,409.8
BKG-005732,SES-104560,USR-04245,EXP-0264,2024-07-18,2024-08-06,3,129.37,0.09,affiliates,mobile,completed,353.18
BKG-005733,SES-104656,USR-00771,EXP-0030,2024-10-08,2024-10-20,3,110.56,0.0,social,mobile,completed,331.68
BKG-005734,SES-104659,USR-00278,EXP-0188,2024-08-10,2024-08-18,2,42.2,0.0,referral,mobile,completed,84.4
BKG-005735,SES-104687,USR-04658,EXP-0171,2025-06-16,2025-07-11,2,121.59,0.15,paid_search,mobile,completed,206.7
BKG-005736,SES-104697,USR-02714,EXP-0212,2024-10-23,2024-11-15,1,57.04,0.0,organic,mobile,completed,57.04
BKG-005737,SES-104720,USR-04837,EXP-0158,2025-01-31,2025-02-01,2,52.12,0.0,paid_search,desktop,completed,104.24
BKG-005738,SES-104721,USR-02546,EXP-0008,2024-09-12,2024-09-19,2,65.0,0.0,organic,mobile,completed,130.0
BKG-005739,SES-104740,USR-04207,EXP-0257,2025-06-19,2025-06-25,4,110.16,0.0,paid_search,desktop,completed,440.64
BKG-005740,SES-104792,USR-05744,EXP-0175,2024-12-22,2025-01-20,2,74.53,0.05,email,mobile,completed,141.61
BKG-005741,SES-104830,USR-07371,EXP-0290,2024-09-16,2024-09-30,6,166.11,0.0,affiliates,desktop,completed,996.66
BKG-005742,SES-104850,USR-00518,EXP-0120,2024-11-01,2024-11-05,4,80.22,0.0,referral,tablet,completed,320.88
BKG-005743,SES-104871,USR-05297,EXP-0034,2025-03-10,2025-03-13,1,97.75,0.09,organic,mobile,completed,88.95
BKG-005744,SES-104875,USR-05100,EXP-0228,2025-01-10,2025-01-14,2,150.11,0.0,organic,mobile,completed,300.22
BKG-005745,SES-104878,USR-01894,EXP-0115,2024-11-17,2024-12-01,2,28.02,0.0,organic,desktop,completed,56.04
BKG-005746,SES-104886,USR-04689,EXP-0198,2024-11-12,2024-11-13,2,75.62,0.0,paid_search,desktop,completed,151.24
BKG-005747,SES-104899,USR-07151,EXP-0151,2024-10-19,2024-11-05,2,62.45,0.0,email,mobile,cancelled,124.9
BKG-005748,SES-104908,USR-04980,EXP-0175,2024-07-20,2024-08-17,2,82.25,0.14,social,desktop,completed,141.47
BKG-005749,SES-104917,USR-00325,EXP-0279,2024-08-30,2024-09-08,3,94.58,0.0,affiliates,desktop,completed,283.74
BKG-005750,SES-104923,USR-03446,EXP-0015,2024-12-17,2024-12-30,6,33.46,0.11,paid_search,mobile,completed,178.68
BKG-005751,SES-104933,USR-00319,EXP-0294,2025-05-21,2025-05-26,5,80.37,0.0,paid_search,desktop,completed,401.85
BKG-005752,SES-104955,USR-07370,EXP-0141,2024-08-12,2024-08-14,6,46.95,0.12,email,desktop,completed,247.9
BKG-005753,SES-104958,USR-07761,EXP-0111,2024-08-07,2024-08-09,2,97.85,0.0,paid_search,desktop,completed,195.7
BKG-005754,SES-105019,USR-01299,EXP-0184,2024-12-02,2024-12-24,2,62.47,0.0,email,desktop,completed,124.94
BKG-005755,SES-105022,USR-05787,EXP-0194,2024-09-01,2024-09-11,2,81.51,0.0,affiliates,desktop,completed,163.02
BKG-005756,SES-105031,USR-03882,EXP-0161,2024-12-07,2024-12-26,1,169.56,0.0,organic,mobile,completed,169.56
BKG-005757,SES-105053,USR-04477,EXP-0221,2024-11-12,2024-12-18,3,76.49,0.0,email,desktop,cancelled,229.47
BKG-005758,SES-105060,USR-00741,EXP-0278,2024-10-20,2024-10-27,2,64.5,0.0,paid_search,desktop,completed,129.0
BKG-005759,SES-105063,USR-00148,EXP-0075,2025-02-01,2025-02-18,1,96.39,0.0,affiliates,mobile,completed,96.39
BKG-005760,SES-105078,USR-01351,EXP-0044,2024-07-05,2024-07-13,3,221.46,0.0,organic,mobile,completed,664.38
BKG-005761,SES-105103,USR-07852,EXP-0180,2025-02-05,2025-02-26,2,196.36,0.0,referral,tablet,completed,392.72
BKG-005762,SES-105113,USR-03230,EXP-0065,2024-12-16,2024-12-22,2,84.38,0.18,affiliates,mobile,cancelled,138.38
BKG-005763,SES-105125,USR-02337,EXP-0070,2025-02-19,2025-02-23,2,76.66,0.17,social,mobile,completed,127.26
BKG-005764,SES-105158,USR-04524,EXP-0263,2025-01-24,2025-01-26,2,59.3,0.0,organic,mobile,cancelled,118.6
BKG-005765,SES-105211,USR-07605,EXP-0287,2025-01-31,2025-02-09,2,80.91,0.0,paid_search,mobile,completed,161.82
BKG-005766,SES-105228,USR-03898,EXP-0241,2024-07-17,2024-08-21,4,131.61,0.0,affiliates,desktop,completed,526.44
BKG-005767,SES-105260,USR-04552,EXP-0004,2024-08-15,2024-08-21,1,58.83,0.0,paid_search,desktop,completed,58.83
BKG-005768,SES-105276,USR-07848,EXP-0079,2025-02-17,2025-02-21,2,108.44,0.0,email,desktop,completed,216.88
BKG-005769,SES-105292,USR-06997,EXP-0291,2025-01-20,2025-01-21,5,103.6,0.0,paid_search,mobile,cancelled,518.0
BKG-005770,SES-105296,USR-01821,EXP-0197,2025-06-23,2025-07-10,2,86.01,0.0,referral,mobile,completed,172.02
BKG-005771,SES-105310,USR-06092,EXP-0226,2024-12-07,2024-12-14,2,130.98,0.0,referral,desktop,completed,261.96
BKG-005772,SES-105311,USR-04060,EXP-0100,2024-12-09,2024-12-16,6,124.55,0.0,referral,mobile,completed,747.3
BKG-005773,SES-105316,USR-00338,EXP-0095,2024-08-30,2024-09-25,1,129.06,0.09,paid_search,desktop,completed,117.44
BKG-005774,SES-105318,USR-03156,EXP-0205,2025-01-13,2025-01-27,2,131.02,0.14,organic,mobile,completed,225.35
BKG-005775,SES-105381,USR-02494,EXP-0152,2024-10-30,2024-11-05,2,206.02,0.0,paid_search,desktop,completed,412.04
BKG-005776,SES-105388,USR-01229,EXP-0073,2024-12-17,2025-02-11,2,83.69,0.0,social,mobile,completed,167.38
BKG-005777,SES-105439,USR-07635,EXP-0107,2024-10-10,2024-10-13,2,34.55,0.0,paid_search,mobile,completed,69.1
BKG-005778,SES-105444,USR-05422,EXP-0235,2025-06-21,2025-06-29,1,60.05,0.0,organic,mobile,completed,60.05
BKG-005779,SES-105447,USR-04300,EXP-0161,2024-11-30,2024-12-01,2,164.72,0.0,paid_search,desktop,completed,329.44
BKG-005780,SES-105493,USR-05472,EXP-0091,2024-12-07,2024-12-22,3,108.66,0.0,paid_search,desktop,completed,325.98
BKG-005781,SES-105508,USR-04420,EXP-0269,2025-02-21,2025-03-20,1,53.76,0.06,affiliates,desktop,completed,50.53
BKG-005782,SES-105520,USR-01780,EXP-0006,2024-08-19,2024-08-23,2,45.11,0.16,paid_search,desktop,completed,75.78
BKG-005783,SES-105525,USR-06303,EXP-0211,2025-04-05,2025-05-26,2,91.7,0.0,paid_search,tablet,completed,183.4
BKG-005784,SES-105529,USR-06093,EXP-0232,2024-11-21,2024-12-13,2,53.81,0.0,affiliates,desktop,completed,107.62
BKG-005785,SES-105538,USR-06158,EXP-0289,2024-12-15,2024-12-30,3,60.97,0.0,social,desktop,completed,182.91
BKG-005786,SES-105574,USR-02955,EXP-0287,2025-02-25,2025-02-26,1,82.75,0.0,organic,desktop,completed,82.75
BKG-005787,SES-105576,USR-00732,EXP-0115,2024-08-31,2024-09-07,2,28.4,0.08,referral,desktop,completed,52.26
BKG-005788,SES-105585,USR-05769,EXP-0249,2024-11-27,2024-12-09,3,212.52,0.1,organic,desktop,completed,573.8
BKG-005789,SES-105597,USR-07779,EXP-0052,2024-09-23,2024-10-24,5,71.39,0.05,social,desktop,completed,339.1
BKG-005790,SES-105608,USR-02008,EXP-0280,2024-07-12,2024-08-01,2,135.84,0.0,organic,mobile,completed,271.68
BKG-005791,SES-105610,USR-00297,EXP-0251,2024-09-15,2024-10-24,1,76.06,0.05,referral,mobile,completed,72.26
BKG-005792,SES-105620,USR-00704,EXP-0183,2024-11-11,2024-12-17,2,24.87,0.0,affiliates,desktop,completed,49.74
BKG-005793,SES-105622,USR-06434,EXP-0104,2025-06-28,2025-07-15,1,146.8,0.0,paid_search,desktop,completed,146.8
BKG-005794,SES-105636,USR-00992,EXP-0161,2025-04-06,2025-04-10,3,175.45,0.0,affiliates,desktop,completed,526.35
BKG-005795,SES-105662,USR-00811,EXP-0022,2025-02-26,2025-03-07,3,73.23,0.0,organic,mobile,completed,219.69
BKG-005796,SES-105685,USR-05798,EXP-0161,2025-02-07,2025-02-16,2,157.4,0.0,organic,desktop,completed,314.8
BKG-005797,SES-105686,USR-01089,EXP-0284,2024-10-28,2024-11-01,2,182.75,0.0,paid_search,desktop,completed,365.5
BKG-005798,SES-105691,USR-00255,EXP-0102,2024-09-04,2024-09-08,2,48.69,0.1,paid_search,desktop,completed,87.64
BKG-005799,SES-105693,USR-04857,EXP-0254,2025-06-19,2025-08-03,3,206.44,0.0,paid_search,desktop,refunded,619.32
BKG-005800,SES-105696,USR-02789,EXP-0241,2025-03-02,2025-03-04,1,137.63,0.0,paid_search,desktop,completed,137.63
BKG-005801,SES-105697,USR-07875,EXP-0161,2024-07-07,2024-07-26,2,174.6,0.0,paid_search,desktop,completed,349.2
BKG-005802,SES-105718,USR-04960,EXP-0217,2025-05-20,2025-05-22,2,48.71,0.0,organic,mobile,completed,97.42
BKG-005803,SES-105722,USR-01481,EXP-0062,2024-07-26,2024-07-30,3,122.62,0.0,paid_search,tablet,completed,367.86
BKG-005804,SES-105725,USR-05010,EXP-0083,2024-07-08,2024-07-26,1,87.4,0.0,referral,desktop,completed,87.4
BKG-005805,SES-105727,USR-05387,EXP-0260,2024-08-09,2024-08-12,1,50.93,0.13,referral,mobile,completed,44.31
BKG-005806,SES-105736,USR-00584,EXP-0094,2024-08-23,2024-09-05,1,95.26,0.19,social,mobile,completed,77.16
BKG-005807,SES-105751,USR-02174,EXP-0075,2024-07-13,2024-07-16,2,96.39,0.0,organic,mobile,cancelled,192.78
BKG-005808,SES-105770,USR-06203,EXP-0062,2025-04-12,2025-05-06,3,119.65,0.0,organic,mobile,completed,358.95
BKG-005809,SES-105774,USR-07890,EXP-0078,2024-11-13,2024-12-22,2,53.23,0.0,organic,mobile,completed,106.46
BKG-005810,SES-105791,USR-01415,EXP-0053,2024-12-18,2025-01-09,4,34.89,0.0,paid_search,desktop,refunded,139.56
BKG-005811,SES-105816,USR-00764,EXP-0075,2025-05-07,2025-05-21,5,90.94,0.0,paid_search,desktop,completed,454.7
BKG-005812,SES-105822,USR-04699,EXP-0058,2025-02-16,2025-02-20,2,159.61,0.14,paid_search,mobile,completed,274.53
BKG-005813,SES-105838,USR-01907,EXP-0227,2024-09-04,2024-09-14,4,91.99,0.0,affiliates,mobile,completed,367.96
BKG-005814,SES-105892,USR-03267,EXP-0083,2025-04-12,2025-04-15,4,75.22,0.0,referral,desktop,completed,300.88
BKG-005815,SES-105893,USR-03639,EXP-0094,2024-10-10,2024-10-16,2,88.47,0.2,social,mobile,completed,141.55
BKG-005816,SES-105900,USR-03701,EXP-0028,2025-03-05,2025-03-24,3,61.82,0.0,paid_search,mobile,completed,185.46
BKG-005817,SES-105942,USR-01487,EXP-0139,2025-05-28,2025-06-22,2,101.06,0.0,affiliates,mobile,completed,202.12
BKG-005818,SES-105956,USR-05247,EXP-0132,2025-04-21,2025-06-13,3,98.92,0.0,organic,desktop,completed,296.76
BKG-005819,SES-106010,USR-06922,EXP-0100,2024-12-05,2024-12-06,4,138.94,0.11,paid_search,mobile,completed,494.63
BKG-005820,SES-106017,USR-06860,EXP-0005,2025-04-02,2025-04-03,1,68.64,0.19,organic,mobile,refunded,55.6
BKG-005821,SES-106027,USR-01040,EXP-0104,2025-01-15,2025-01-16,5,160.28,0.0,paid_search,desktop,completed,801.4
BKG-005822,SES-106080,USR-06065,EXP-0245,2025-06-23,2025-07-01,4,134.14,0.0,email,mobile,completed,536.56
BKG-005823,SES-106093,USR-01166,EXP-0162,2025-04-09,2025-04-10,3,68.49,0.08,paid_search,mobile,cancelled,189.03
BKG-005824,SES-106101,USR-00382,EXP-0079,2025-03-24,2025-04-01,2,100.89,0.1,organic,desktop,completed,181.6
BKG-005825,SES-106112,USR-03073,EXP-0169,2025-05-19,2025-05-21,6,93.23,0.0,paid_search,mobile,completed,559.38
BKG-005826,SES-106115,USR-06948,EXP-0004,2025-03-17,2025-03-21,3,59.4,0.0,affiliates,mobile,completed,178.2
BKG-005827,SES-106119,USR-02531,EXP-0085,2025-04-08,2025-04-17,5,180.59,0.0,paid_search,mobile,cancelled,902.95
BKG-005828,SES-106136,USR-00955,EXP-0099,2025-06-18,2025-07-13,2,75.66,0.15,paid_search,mobile,completed,128.62
BKG-005829,SES-106162,USR-06981,EXP-0258,2024-08-06,2024-08-10,2,122.23,0.16,email,mobile,completed,205.35
BKG-005830,SES-106205,USR-07804,EXP-0092,2025-05-06,2025-05-17,2,67.69,0.0,referral,mobile,completed,135.38
BKG-005831,SES-106215,USR-05911,EXP-0296,2024-09-18,2024-09-20,2,64.79,0.2,paid_search,mobile,completed,103.66
BKG-005832,SES-106219,USR-06043,EXP-0259,2024-10-20,2024-10-22,5,114.2,0.0,paid_search,mobile,completed,571.0
BKG-005833,SES-106225,USR-02809,EXP-0184,2024-08-24,2024-09-20,1,70.54,0.0,paid_search,mobile,cancelled,70.54
BKG-005834,SES-106235,USR-00741,EXP-0161,2024-11-22,2024-11-23,3,176.42,0.17,paid_search,desktop,completed,439.29
BKG-005835,SES-106319,USR-04850,EXP-0035,2025-01-24,2025-01-26,2,125.9,0.0,paid_search,desktop,completed,251.8
BKG-005836,SES-106323,USR-03889,EXP-0176,2025-03-22,2025-03-24,2,59.07,0.0,email,mobile,completed,118.14
BKG-005837,SES-106334,USR-01356,EXP-0294,2024-09-16,2024-10-17,2,77.75,0.0,paid_search,desktop,completed,155.5
BKG-005838,SES-106340,USR-00020,EXP-0059,2024-07-25,2024-08-27,2,29.57,0.0,referral,desktop,completed,59.14
BKG-005839,SES-106343,USR-00021,EXP-0024,2024-10-27,2024-11-13,1,99.26,0.09,paid_search,mobile,completed,90.33
BKG-005840,SES-106368,USR-00368,EXP-0265,2024-12-31,2025-01-08,1,55.21,0.0,paid_search,mobile,cancelled,55.21
BKG-005841,SES-106379,USR-06268,EXP-0270,2025-02-12,2025-02-23,3,94.22,0.0,social,mobile,completed,282.66
BKG-005842,SES-106383,USR-06303,EXP-0109,2024-10-25,2024-12-18,3,76.84,0.0,organic,desktop,completed,230.52
BKG-005843,SES-106416,USR-01783,EXP-0199,2025-06-26,2025-07-26,1,78.08,0.0,organic,desktop,completed,78.08
BKG-005844,SES-106420,USR-05080,EXP-0255,2024-08-05,2024-08-15,5,83.6,0.0,paid_search,mobile,completed,418.0
BKG-005845,SES-106469,USR-06649,EXP-0103,2025-06-10,2025-06-20,2,83.17,0.0,organic,desktop,completed,166.34
BKG-005846,SES-106485,USR-00786,EXP-0184,2024-07-10,2024-07-25,5,69.56,0.0,paid_search,desktop,completed,347.8
BKG-005847,SES-106497,USR-03025,EXP-0056,2024-09-28,2024-10-02,1,34.99,0.0,organic,mobile,completed,34.99
BKG-005848,SES-106522,USR-01745,EXP-0277,2025-05-30,2025-06-16,5,99.85,0.0,referral,desktop,completed,499.25
BKG-005849,SES-106530,USR-07421,EXP-0157,2024-11-08,2024-11-16,2,104.38,0.0,social,desktop,completed,208.76
BKG-005850,SES-106536,USR-07270,EXP-0054,2024-10-03,2024-10-27,3,74.76,0.0,paid_search,desktop,completed,224.28
BKG-005851,SES-106548,USR-00074,EXP-0039,2024-10-30,2024-11-13,6,62.09,0.0,paid_search,mobile,completed,372.54
BKG-005852,SES-106572,USR-03374,EXP-0221,2025-03-03,2025-03-05,2,74.73,0.0,paid_search,desktop,completed,149.46
BKG-005853,SES-106614,USR-07460,EXP-0164,2025-04-28,2025-05-18,1,76.08,0.0,organic,mobile,cancelled,76.08
BKG-005854,SES-106624,USR-01612,EXP-0233,2025-03-18,2025-04-01,2,209.28,0.0,paid_search,desktop,completed,418.56
BKG-005855,SES-106625,USR-03429,EXP-0149,2025-03-24,2025-04-18,2,55.74,0.0,organic,desktop,completed,111.48
BKG-005856,SES-106637,USR-01519,EXP-0167,2024-12-27,2025-01-07,2,76.38,0.18,organic,desktop,completed,125.26
BKG-005857,SES-106644,USR-03878,EXP-0055,2024-12-27,2025-01-06,3,64.93,0.12,affiliates,desktop,completed,171.42
BKG-005858,SES-106659,USR-06026,EXP-0075,2025-06-10,2025-06-12,2,94.07,0.0,organic,mobile,completed,188.14
BKG-005859,SES-106717,USR-04545,EXP-0240,2024-09-20,2024-09-29,6,90.58,0.0,paid_search,desktop,completed,543.48
BKG-005860,SES-106776,USR-00837,EXP-0252,2024-09-07,2024-10-16,3,84.86,0.0,organic,mobile,completed,254.58
BKG-005861,SES-106796,USR-05686,EXP-0204,2025-05-04,2025-05-11,1,78.76,0.0,referral,desktop,completed,78.76
BKG-005862,SES-106832,USR-05073,EXP-0197,2024-12-28,2025-01-13,2,78.17,0.0,referral,mobile,completed,156.34
BKG-005863,SES-106924,USR-02137,EXP-0299,2024-10-19,2024-11-15,1,117.19,0.0,affiliates,desktop,completed,117.19
BKG-005864,SES-106944,USR-06478,EXP-0245,2025-04-09,2025-04-25,4,128.94,0.08,referral,desktop,completed,474.5
BKG-005865,SES-106975,USR-00765,EXP-0249,2024-11-01,2024-11-08,1,230.82,0.14,organic,mobile,cancelled,198.51
BKG-005866,SES-106995,USR-07517,EXP-0054,2024-11-07,2024-11-17,2,63.96,0.0,email,tablet,completed,127.92
BKG-005867,SES-106996,USR-03190,EXP-0268,2024-09-28,2024-10-13,2,67.06,0.0,paid_search,desktop,completed,134.12
BKG-005868,SES-106999,USR-07918,EXP-0010,2024-11-28,2024-12-29,1,53.48,0.0,paid_search,desktop,completed,53.48
BKG-005869,SES-107006,USR-06390,EXP-0136,2025-06-12,2025-07-09,6,47.09,0.0,paid_search,desktop,completed,282.54
BKG-005870,SES-107007,USR-07769,EXP-0005,2024-10-22,2024-10-25,3,72.55,0.0,paid_search,mobile,completed,217.65
BKG-005871,SES-107031,USR-05291,EXP-0227,2024-10-16,2024-10-21,2,90.7,0.0,paid_search,mobile,completed,181.4
BKG-005872,SES-107051,USR-01176,EXP-0170,2025-03-03,2025-03-13,2,180.17,0.0,affiliates,desktop,completed,360.34
BKG-005873,SES-107083,USR-07466,EXP-0091,2025-01-03,2025-01-24,1,97.29,0.0,email,mobile,completed,97.29
BKG-005874,SES-107098,USR-04356,EXP-0043,2024-11-14,2024-11-29,3,32.73,0.0,organic,mobile,completed,98.19
BKG-005875,SES-107109,USR-02414,EXP-0290,2024-12-22,2025-01-17,1,193.94,0.0,paid_search,mobile,completed,193.94
BKG-005876,SES-107126,USR-02112,EXP-0106,2024-12-09,2024-12-17,2,146.61,0.0,social,desktop,completed,293.22
BKG-005877,SES-107140,USR-01911,EXP-0189,2024-08-18,2024-09-12,3,92.26,0.0,paid_search,mobile,completed,276.78
BKG-005878,SES-107148,USR-00904,EXP-0255,2025-01-18,2025-01-23,2,89.1,0.14,paid_search,mobile,completed,153.25
BKG-005879,SES-107156,USR-07104,EXP-0106,2025-04-16,2025-04-21,6,135.11,0.0,paid_search,mobile,completed,810.66
BKG-005880,SES-107277,USR-02959,EXP-0123,2025-06-22,2025-07-17,5,94.18,0.19,paid_search,desktop,completed,381.43
BKG-005881,SES-107291,USR-00267,EXP-0126,2025-02-28,2025-04-02,1,68.08,0.0,email,mobile,completed,68.08
BKG-005882,SES-107293,USR-07657,EXP-0171,2025-05-10,2025-05-14,1,120.7,0.0,paid_search,mobile,completed,120.7
BKG-005883,SES-107306,USR-02696,EXP-0208,2024-12-03,2024-12-22,2,69.94,0.0,social,mobile,completed,139.88
BKG-005884,SES-107307,USR-00748,EXP-0002,2025-02-07,2025-02-10,4,32.8,0.0,organic,mobile,completed,131.2
BKG-005885,SES-107323,USR-06963,EXP-0221,2024-08-05,2024-09-14,2,75.5,0.19,paid_search,desktop,completed,122.31
BKG-005886,SES-107382,USR-00296,EXP-0027,2025-02-07,2025-02-19,1,205.3,0.16,paid_search,mobile,completed,172.45
BKG-005887,SES-107394,USR-01428,EXP-0228,2024-07-05,2024-07-09,2,145.81,0.0,paid_search,desktop,completed,291.62
BKG-005888,SES-107411,USR-04193,EXP-0264,2025-03-07,2025-03-15,2,122.5,0.0,organic,desktop,completed,245.0
BKG-005889,SES-107433,USR-06684,EXP-0254,2024-08-21,2024-09-25,2,190.93,0.08,paid_search,desktop,cancelled,351.31
BKG-005890,SES-107460,USR-04122,EXP-0066,2024-09-22,2024-09-28,3,57.02,0.0,paid_search,desktop,cancelled,171.06
BKG-005891,SES-107479,USR-03164,EXP-0113,2025-01-28,2025-02-03,2,129.26,0.0,referral,desktop,completed,258.52
BKG-005892,SES-107481,USR-02090,EXP-0070,2024-09-11,2024-09-29,1,82.83,0.0,organic,desktop,completed,82.83
BKG-005893,SES-107483,USR-01140,EXP-0198,2024-07-14,2024-08-13,2,79.58,0.0,affiliates,desktop,completed,159.16
BKG-005894,SES-107576,USR-04038,EXP-0202,2025-01-06,2025-01-22,1,46.97,0.1,paid_search,desktop,completed,42.27
BKG-005895,SES-107585,USR-01677,EXP-0097,2025-02-02,2025-02-07,5,72.47,0.0,referral,mobile,completed,362.35
BKG-005896,SES-107591,USR-01581,EXP-0044,2024-09-15,2024-09-21,1,227.13,0.0,organic,desktop,completed,227.13
BKG-005897,SES-107641,USR-07657,EXP-0192,2025-01-02,2025-01-03,3,59.23,0.0,paid_search,desktop,completed,177.69
BKG-005898,SES-107659,USR-06408,EXP-0098,2024-10-24,2024-10-29,4,82.08,0.0,paid_search,desktop,refunded,328.32
BKG-005899,SES-107672,USR-04253,EXP-0062,2025-03-07,2025-03-24,1,123.91,0.1,affiliates,desktop,completed,111.52
BKG-005900,SES-107699,USR-02163,EXP-0157,2025-04-22,2025-05-04,2,98.8,0.06,paid_search,desktop,completed,185.74
BKG-005901,SES-107700,USR-03781,EXP-0028,2025-01-07,2025-01-15,6,63.18,0.12,paid_search,desktop,completed,333.59
BKG-005902,SES-107706,USR-02195,EXP-0132,2025-04-27,2025-05-16,2,115.85,0.0,paid_search,mobile,completed,231.7
BKG-005903,SES-107740,USR-04583,EXP-0283,2025-05-07,2025-05-11,5,146.89,0.0,paid_search,desktop,completed,734.45
BKG-005904,SES-107774,USR-04321,EXP-0025,2024-12-08,2024-12-13,2,43.28,0.1,paid_search,desktop,completed,77.9
BKG-005905,SES-107779,USR-01442,EXP-0240,2025-01-20,2025-01-26,1,96.13,0.0,paid_search,mobile,completed,96.13
BKG-005906,SES-107781,USR-07461,EXP-0152,2025-05-04,2025-06-06,4,199.36,0.0,referral,tablet,completed,797.44
BKG-005907,SES-107796,USR-02203,EXP-0070,2025-01-15,2025-01-29,2,79.01,0.0,paid_search,desktop,cancelled,158.02
BKG-005908,SES-107816,USR-04902,EXP-0183,2024-12-29,2024-12-30,5,22.32,0.0,affiliates,mobile,completed,111.6
BKG-005909,SES-107819,USR-04157,EXP-0035,2025-03-03,2025-03-31,2,147.86,0.05,paid_search,mobile,completed,280.93
BKG-005910,SES-107879,USR-00481,EXP-0087,2025-05-13,2025-05-16,2,133.09,0.18,email,mobile,completed,218.27
BKG-005911,SES-107896,USR-01935,EXP-0018,2025-01-13,2025-01-21,2,49.57,0.0,email,desktop,completed,99.14
BKG-005912,SES-107928,USR-04511,EXP-0024,2024-08-06,2024-08-10,2,97.17,0.0,referral,mobile,cancelled,194.34
BKG-005913,SES-107931,USR-05328,EXP-0191,2024-09-23,2024-10-07,2,71.83,0.0,organic,desktop,completed,143.66
BKG-005914,SES-108004,USR-01367,EXP-0038,2024-11-14,2024-12-14,2,170.74,0.0,organic,mobile,completed,341.48
BKG-005915,SES-108011,USR-02377,EXP-0118,2025-01-13,2025-02-11,2,51.68,0.06,paid_search,mobile,completed,97.16
BKG-005916,SES-108021,USR-06511,EXP-0037,2025-05-03,2025-05-06,2,98.2,0.0,affiliates,mobile,completed,196.4
BKG-005917,SES-108029,USR-00344,EXP-0205,2024-09-30,2024-10-01,2,127.73,0.0,organic,desktop,completed,255.46
BKG-005918,SES-108038,USR-00241,EXP-0295,2025-01-07,2025-01-11,2,45.21,0.0,referral,mobile,completed,90.42
BKG-005919,SES-108081,USR-06177,EXP-0008,2024-09-13,2024-09-16,6,64.71,0.0,paid_search,mobile,completed,388.26
BKG-005920,SES-108120,USR-06454,EXP-0133,2025-02-20,2025-03-09,1,92.5,0.1,email,mobile,completed,83.25
BKG-005921,SES-108157,USR-05126,EXP-0133,2024-08-05,2024-09-11,1,100.7,0.05,email,mobile,completed,95.66
BKG-005922,SES-108160,USR-01250,EXP-0002,2024-08-20,2024-08-26,2,31.82,0.0,email,mobile,completed,63.64
BKG-005923,SES-108198,USR-02494,EXP-0287,2025-02-25,2025-03-02,1,81.5,0.0,paid_search,mobile,completed,81.5
BKG-005924,SES-108213,USR-04212,EXP-0101,2025-05-06,2025-06-03,2,26.95,0.0,social,mobile,completed,53.9
BKG-005925,SES-108218,USR-02493,EXP-0265,2024-10-06,2024-10-12,2,61.16,0.0,paid_search,mobile,completed,122.32
BKG-005926,SES-108232,USR-03679,EXP-0024,2024-08-24,2024-08-25,2,80.6,0.0,paid_search,mobile,cancelled,161.2
BKG-005927,SES-108284,USR-03744,EXP-0142,2024-11-12,2024-11-20,1,86.08,0.0,organic,mobile,completed,86.08
BKG-005928,SES-108287,USR-01641,EXP-0017,2024-12-07,2024-12-09,1,82.79,0.0,paid_search,mobile,completed,82.79
BKG-005929,SES-108291,USR-02009,EXP-0159,2024-09-20,2024-10-13,2,59.31,0.0,paid_search,desktop,completed,118.62
BKG-005930,SES-108303,USR-05793,EXP-0103,2024-09-05,2024-09-12,5,86.82,0.0,organic,desktop,completed,434.1
BKG-005931,SES-108318,USR-06426,EXP-0289,2025-06-22,2025-07-09,3,57.28,0.0,affiliates,tablet,completed,171.84
BKG-005932,SES-108328,USR-05539,EXP-0161,2025-06-27,2025-07-01,2,148.48,0.0,organic,mobile,completed,296.96
BKG-005933,SES-108337,USR-02989,EXP-0085,2025-05-06,2025-05-21,1,190.47,0.0,affiliates,desktop,completed,190.47
BKG-005934,SES-108355,USR-07086,EXP-0001,2025-06-20,2025-07-03,2,62.87,0.0,organic,desktop,completed,125.74
BKG-005935,SES-108359,USR-01730,EXP-0268,2025-06-08,2025-06-11,2,70.65,0.12,referral,mobile,completed,124.34
BKG-005936,SES-108388,USR-01098,EXP-0139,2025-05-31,2025-06-20,2,97.69,0.0,organic,desktop,completed,195.38
BKG-005937,SES-108392,USR-01435,EXP-0151,2025-06-05,2025-06-15,2,63.65,0.0,paid_search,mobile,completed,127.3
BKG-005938,SES-108398,USR-01628,EXP-0058,2024-08-05,2024-08-17,2,156.73,0.0,email,desktop,completed,313.46
BKG-005939,SES-108416,USR-02097,EXP-0108,2024-09-15,2024-09-23,1,63.0,0.06,paid_search,desktop,cancelled,59.22
BKG-005940,SES-108441,USR-03584,EXP-0193,2025-05-11,2025-05-21,1,86.26,0.0,affiliates,desktop,completed,86.26
BKG-005941,SES-108460,USR-05456,EXP-0234,2024-10-11,2024-10-14,4,86.54,0.0,organic,mobile,completed,346.16
BKG-005942,SES-108520,USR-01959,EXP-0164,2024-10-20,2024-10-25,1,75.98,0.0,organic,desktop,completed,75.98
BKG-005943,SES-108526,USR-03479,EXP-0180,2025-01-07,2025-02-28,6,176.56,0.0,paid_search,desktop,completed,1059.36
BKG-005944,SES-108565,USR-04226,EXP-0288,2024-11-08,2024-11-24,2,76.97,0.08,paid_search,tablet,completed,141.62
BKG-005945,SES-108585,USR-00747,EXP-0296,2024-07-15,2024-08-16,2,60.97,0.16,organic,desktop,completed,102.43
BKG-005946,SES-108594,USR-02299,EXP-0029,2024-09-14,2024-09-16,2,68.8,0.0,organic,mobile,completed,137.6
BKG-005947,SES-108595,USR-04940,EXP-0250,2025-04-22,2025-05-27,2,53.9,0.0,referral,mobile,completed,107.8
BKG-005948,SES-108604,USR-07515,EXP-0198,2025-06-13,2025-07-08,1,82.02,0.0,paid_search,mobile,completed,82.02
BKG-005949,SES-108644,USR-00798,EXP-0207,2024-12-26,2025-01-01,2,103.18,0.12,organic,desktop,completed,181.6
BKG-005950,SES-108662,USR-00346,EXP-0076,2025-03-04,2025-03-18,1,84.35,0.0,paid_search,desktop,completed,84.35
BKG-005951,SES-108681,USR-00274,EXP-0145,2025-03-19,2025-03-20,4,126.45,0.0,paid_search,desktop,completed,505.8
BKG-005952,SES-108683,USR-01638,EXP-0248,2025-02-09,2025-03-25,2,171.59,0.0,organic,desktop,completed,343.18
BKG-005953,SES-108710,USR-06910,EXP-0051,2024-07-17,2024-09-07,2,28.74,0.0,paid_search,desktop,completed,57.48
BKG-005954,SES-108721,USR-05285,EXP-0282,2025-01-29,2025-02-07,5,188.86,0.0,affiliates,mobile,completed,944.3
BKG-005955,SES-108737,USR-00513,EXP-0063,2024-07-29,2024-09-07,2,105.06,0.1,affiliates,desktop,cancelled,189.11
BKG-005956,SES-108751,USR-06904,EXP-0212,2024-08-17,2024-08-29,2,59.44,0.19,paid_search,desktop,completed,96.29
BKG-005957,SES-108779,USR-01688,EXP-0235,2024-07-24,2024-08-04,1,56.51,0.14,organic,mobile,completed,48.6
BKG-005958,SES-108784,USR-03338,EXP-0127,2024-12-17,2025-01-02,6,68.71,0.0,paid_search,desktop,completed,412.26
BKG-005959,SES-108795,USR-04641,EXP-0290,2024-11-11,2024-11-28,2,158.7,0.2,referral,mobile,completed,253.92
BKG-005960,SES-108811,USR-01318,EXP-0064,2024-07-14,2024-07-22,2,71.07,0.1,organic,mobile,completed,127.93
BKG-005961,SES-108841,USR-04105,EXP-0191,2025-05-21,2025-07-23,2,77.0,0.0,email,desktop,completed,154.0
BKG-005962,SES-108870,USR-04620,EXP-0070,2024-12-20,2025-01-04,2,77.97,0.14,paid_search,desktop,completed,134.11
BKG-005963,SES-108872,USR-05139,EXP-0092,2024-07-07,2024-07-13,1,59.4,0.0,email,mobile,cancelled,59.4
BKG-005964,SES-108878,USR-05649,EXP-0052,2024-08-18,2024-08-20,2,75.31,0.09,email,mobile,completed,137.06
BKG-005965,SES-108890,USR-03716,EXP-0120,2025-02-27,2025-03-07,2,71.48,0.19,affiliates,mobile,completed,115.8
BKG-005966,SES-108898,USR-06435,EXP-0029,2024-09-08,2024-10-16,2,79.4,0.0,organic,mobile,completed,158.8
BKG-005967,SES-108932,USR-04748,EXP-0127,2025-06-08,2025-06-16,4,82.02,0.0,referral,mobile,completed,328.08
BKG-005968,SES-108957,USR-04020,EXP-0278,2024-09-14,2024-10-18,1,67.09,0.0,organic,mobile,completed,67.09
BKG-005969,SES-108965,USR-01211,EXP-0293,2025-04-17,2025-05-15,2,100.2,0.0,paid_search,mobile,completed,200.4
BKG-005970,SES-108973,USR-00093,EXP-0183,2024-12-13,2024-12-14,2,25.31,0.0,organic,desktop,completed,50.62
BKG-005971,SES-108990,USR-02638,EXP-0159,2024-07-05,2024-07-15,3,67.34,0.14,paid_search,mobile,completed,173.74
BKG-005972,SES-108991,USR-05798,EXP-0069,2024-07-04,2024-07-18,2,102.5,0.0,organic,tablet,completed,205.0
BKG-005973,SES-109032,USR-02265,EXP-0096,2024-11-12,2024-11-23,2,105.8,0.11,referral,mobile,completed,188.32
BKG-005974,SES-109066,USR-00013,EXP-0287,2025-06-03,2025-07-10,4,81.95,0.0,paid_search,mobile,completed,327.8
BKG-005975,SES-109067,USR-01239,EXP-0059,2024-12-10,2024-12-24,3,34.0,0.12,organic,mobile,cancelled,89.76
BKG-005976,SES-109078,USR-00180,EXP-0143,2025-05-29,2025-06-05,2,109.34,0.0,paid_search,mobile,completed,218.68
BKG-005977,SES-109117,USR-06147,EXP-0096,2025-06-12,2025-06-19,2,103.61,0.0,organic,tablet,completed,207.22
BKG-005978,SES-109128,USR-07486,EXP-0108,2024-09-13,2024-09-15,5,62.74,0.1,paid_search,desktop,completed,282.33
BKG-005979,SES-109131,USR-04258,EXP-0092,2024-07-16,2024-07-17,3,62.03,0.0,paid_search,mobile,completed,186.09
BKG-005980,SES-109163,USR-04628,EXP-0300,2024-07-08,2024-07-10,3,65.56,0.13,paid_search,desktop,completed,171.11
BKG-005981,SES-109191,USR-02074,EXP-0072,2024-07-03,2024-07-08,2,90.03,0.0,paid_search,mobile,completed,180.06
BKG-005982,SES-109194,USR-03344,EXP-0065,2025-01-24,2025-01-29,3,89.88,0.0,affiliates,desktop,completed,269.64
BKG-005983,SES-109229,USR-02017,EXP-0174,2024-08-31,2024-09-05,1,107.0,0.0,affiliates,mobile,completed,107.0
BKG-005984,SES-109265,USR-07676,EXP-0242,2025-06-13,2025-06-19,1,72.8,0.0,affiliates,mobile,completed,72.8
BKG-005985,SES-109315,USR-02557,EXP-0047,2024-10-21,2024-11-10,1,148.54,0.0,affiliates,mobile,completed,148.54
BKG-005986,SES-109339,USR-07691,EXP-0239,2024-09-16,2024-09-21,3,188.0,0.0,affiliates,desktop,completed,564.0
BKG-005987,SES-109345,USR-00094,EXP-0168,2025-05-06,2025-05-11,2,163.66,0.0,affiliates,desktop,cancelled,327.32
BKG-005988,SES-109348,USR-06687,EXP-0274,2025-02-21,2025-02-23,2,31.67,0.0,organic,desktop,cancelled,63.34
BKG-005989,SES-109387,USR-00705,EXP-0183,2024-10-24,2024-11-03,1,23.99,0.0,organic,mobile,completed,23.99
BKG-005990,SES-109399,USR-00695,EXP-0275,2025-05-14,2025-06-06,2,83.98,0.0,affiliates,mobile,refunded,167.96
BKG-005991,SES-109404,USR-05681,EXP-0242,2025-02-13,2025-03-02,2,81.92,0.0,affiliates,desktop,completed,163.84
BKG-005992,SES-109407,USR-00201,EXP-0256,2025-04-03,2025-05-22,4,30.88,0.0,paid_search,mobile,completed,123.52
BKG-005993,SES-109410,USR-00563,EXP-0201,2024-08-12,2024-09-02,2,71.14,0.0,affiliates,desktop,completed,142.28
BKG-005994,SES-109416,USR-04828,EXP-0086,2025-01-07,2025-01-09,2,34.52,0.0,organic,mobile,completed,69.04
BKG-005995,SES-109454,USR-06183,EXP-0060,2024-08-08,2024-08-09,4,84.61,0.0,organic,desktop,completed,338.44
BKG-005996,SES-109480,USR-03917,EXP-0161,2024-09-10,2024-09-16,1,168.18,0.0,referral,mobile,completed,168.18
BKG-005997,SES-109492,USR-01990,EXP-0211,2025-06-21,2025-07-05,1,87.36,0.0,organic,mobile,completed,87.36
BKG-005998,SES-109504,USR-00183,EXP-0279,2025-03-12,2025-03-25,4,103.32,0.12,organic,desktop,completed,363.69
BKG-005999,SES-109580,USR-01078,EXP-0294,2024-08-28,2024-09-11,6,80.98,0.0,paid_search,mobile,completed,485.88
BKG-006000,SES-109583,USR-07848,EXP-0126,2025-02-08,2025-02-10,1,69.25,0.0,organic,desktop,completed,69.25
BKG-006001,SES-109589,USR-06395,EXP-0247,2025-05-13,2025-05-21,3,122.72,0.0,organic,desktop,completed,368.16
BKG-006002,SES-109593,USR-05657,EXP-0213,2025-01-08,2025-01-14,2,89.34,0.0,organic,desktop,completed,178.68
BKG-006003,SES-109597,USR-05016,EXP-0098,2025-02-18,2025-02-25,2,84.39,0.0,referral,desktop,completed,168.78
BKG-006004,SES-109598,USR-07928,EXP-0196,2025-05-23,2025-06-03,2,60.38,0.0,paid_search,desktop,completed,120.76
BKG-006005,SES-109606,USR-00016,EXP-0279,2024-12-27,2024-12-30,2,88.25,0.0,paid_search,mobile,completed,176.5
BKG-006006,SES-109607,USR-07597,EXP-0144,2025-05-12,2025-05-13,1,83.47,0.18,referral,mobile,completed,68.45
BKG-006007,SES-109633,USR-07344,EXP-0170,2025-02-02,2025-02-14,1,173.09,0.0,paid_search,desktop,completed,173.09
BKG-006008,SES-109690,USR-02482,EXP-0068,2025-01-17,2025-02-23,2,107.22,0.0,organic,desktop,cancelled,214.44
BKG-006009,SES-109786,USR-01992,EXP-0062,2024-10-20,2024-11-09,2,127.21,0.2,organic,desktop,refunded,203.54
BKG-006010,SES-109796,USR-05789,EXP-0221,2024-10-21,2024-11-09,4,73.32,0.0,paid_search,mobile,completed,293.28
BKG-006011,SES-109799,USR-06342,EXP-0259,2024-07-14,2024-07-15,2,113.43,0.0,email,mobile,completed,226.86
BKG-006012,SES-109802,USR-01525,EXP-0003,2025-06-13,2025-06-15,5,86.92,0.18,organic,mobile,completed,356.37
BKG-006013,SES-109848,USR-04903,EXP-0022,2025-04-29,2025-05-02,1,79.73,0.0,organic,tablet,completed,79.73
BKG-006014,SES-109854,USR-01246,EXP-0171,2024-08-12,2024-08-28,2,116.7,0.0,organic,mobile,completed,233.4
BKG-006015,SES-109935,USR-04699,EXP-0030,2024-09-01,2024-10-16,2,108.88,0.1,affiliates,mobile,completed,195.98
BKG-006016,SES-109940,USR-06031,EXP-0259,2024-10-14,2024-10-26,2,121.6,0.0,email,desktop,completed,243.2
BKG-006017,SES-109969,USR-05376,EXP-0155,2024-10-20,2024-10-25,5,67.95,0.17,email,desktop,completed,281.99
BKG-006018,SES-109970,USR-05349,EXP-0136,2024-11-19,2024-12-01,2,50.28,0.13,organic,mobile,completed,87.49
BKG-006019,SES-110003,USR-03437,EXP-0237,2025-05-30,2025-06-08,6,60.98,0.11,paid_search,desktop,completed,325.63
BKG-006020,SES-110016,USR-02868,EXP-0300,2025-05-28,2025-06-11,4,63.3,0.0,paid_search,mobile,completed,253.2
BKG-006021,SES-110084,USR-01691,EXP-0034,2025-05-09,2025-05-10,3,116.76,0.0,social,mobile,completed,350.28
BKG-006022,SES-110117,USR-03779,EXP-0204,2025-01-18,2025-01-21,2,87.34,0.19,paid_search,desktop,completed,141.49
BKG-006023,SES-110119,USR-00209,EXP-0236,2024-07-18,2024-07-22,2,132.52,0.0,organic,desktop,completed,265.04
BKG-006024,SES-110167,USR-02472,EXP-0148,2024-08-21,2024-08-23,2,95.25,0.0,affiliates,mobile,completed,190.5
BKG-006025,SES-110168,USR-06962,EXP-0078,2025-06-29,2025-07-05,2,48.9,0.0,paid_search,mobile,cancelled,97.8
BKG-006026,SES-110184,USR-07752,EXP-0058,2025-05-26,2025-06-09,1,148.97,0.0,affiliates,tablet,completed,148.97
BKG-006027,SES-110194,USR-05757,EXP-0053,2025-02-12,2025-03-11,2,42.11,0.0,organic,mobile,completed,84.22
BKG-006028,SES-110264,USR-00687,EXP-0108,2025-04-05,2025-04-21,3,65.59,0.0,paid_search,desktop,completed,196.77
BKG-006029,SES-110281,USR-04490,EXP-0015,2024-07-13,2024-07-15,1,32.94,0.17,organic,mobile,completed,27.34
BKG-006030,SES-110292,USR-06193,EXP-0245,2024-07-30,2024-07-31,5,119.41,0.0,organic,desktop,completed,597.05
BKG-006031,SES-110306,USR-07866,EXP-0078,2024-12-01,2024-12-10,1,47.83,0.0,organic,tablet,completed,47.83
BKG-006032,SES-110351,USR-01913,EXP-0166,2024-09-04,2024-09-21,2,78.02,0.0,paid_search,desktop,completed,156.04
BKG-006033,SES-110364,USR-02231,EXP-0157,2025-06-21,2025-07-05,1,103.21,0.0,organic,mobile,completed,103.21
BKG-006034,SES-110402,USR-04749,EXP-0081,2025-05-08,2025-05-12,2,99.11,0.17,paid_search,desktop,completed,164.52
BKG-006035,SES-110429,USR-07387,EXP-0015,2025-02-15,2025-03-13,2,32.63,0.0,referral,desktop,completed,65.26
BKG-006036,SES-110439,USR-05344,EXP-0259,2024-10-04,2024-10-16,2,122.99,0.0,referral,desktop,completed,245.98
BKG-006037,SES-110440,USR-03276,EXP-0289,2025-01-29,2025-01-30,1,63.61,0.0,paid_search,tablet,completed,63.61
BKG-006038,SES-110456,USR-03451,EXP-0042,2025-04-17,2025-05-01,2,127.37,0.2,paid_search,desktop,completed,203.79
BKG-006039,SES-110458,USR-04252,EXP-0274,2025-03-18,2025-03-20,1,33.43,0.0,organic,desktop,refunded,33.43
BKG-006040,SES-110465,USR-02780,EXP-0083,2024-08-17,2024-09-08,4,92.29,0.0,paid_search,desktop,completed,369.16
BKG-006041,SES-110472,USR-03788,EXP-0201,2025-01-23,2025-02-19,3,66.74,0.0,paid_search,mobile,completed,200.22
BKG-006042,SES-110487,USR-00409,EXP-0276,2025-06-24,2025-06-27,2,102.76,0.0,paid_search,desktop,completed,205.52
BKG-006043,SES-110490,USR-00148,EXP-0161,2025-03-23,2025-04-07,2,168.71,0.11,paid_search,desktop,completed,300.3
BKG-006044,SES-110496,USR-02245,EXP-0228,2024-08-05,2024-08-23,1,155.78,0.0,affiliates,mobile,completed,155.78
BKG-006045,SES-110500,USR-00605,EXP-0109,2025-05-20,2025-06-06,4,84.04,0.0,paid_search,desktop,completed,336.16
BKG-006046,SES-110503,USR-04668,EXP-0079,2024-11-03,2024-11-08,2,84.87,0.0,social,desktop,completed,169.74
BKG-006047,SES-110512,USR-05807,EXP-0299,2025-02-12,2025-02-16,4,110.32,0.0,affiliates,desktop,completed,441.28
BKG-006048,SES-110521,USR-03547,EXP-0233,2024-12-28,2025-01-13,3,215.88,0.0,paid_search,mobile,completed,647.64
BKG-006049,SES-110551,USR-01339,EXP-0284,2025-06-06,2025-06-09,1,216.49,0.0,email,mobile,completed,216.49
BKG-006050,SES-110554,USR-02713,EXP-0022,2024-09-08,2024-09-24,2,80.79,0.08,paid_search,mobile,completed,148.65
BKG-006051,SES-110558,USR-01053,EXP-0055,2024-11-04,2024-11-11,3,69.18,0.0,referral,mobile,completed,207.54
BKG-006052,SES-110566,USR-01927,EXP-0108,2025-06-19,2025-07-02,2,59.99,0.14,paid_search,mobile,completed,103.18
BKG-006053,SES-110611,USR-04338,EXP-0047,2025-05-18,2025-05-19,2,140.89,0.12,paid_search,tablet,completed,247.97
BKG-006054,SES-110621,USR-00319,EXP-0284,2024-09-28,2024-10-26,2,202.95,0.0,paid_search,desktop,completed,405.9
BKG-006055,SES-110637,USR-03758,EXP-0298,2025-03-12,2025-03-15,1,89.56,0.0,paid_search,desktop,completed,89.56
BKG-006056,SES-110672,USR-01034,EXP-0202,2025-02-13,2025-02-17,4,47.6,0.12,email,desktop,completed,167.55
BKG-006057,SES-110684,USR-07423,EXP-0011,2025-02-18,2025-02-26,1,67.2,0.14,paid_search,mobile,completed,57.79
BKG-006058,SES-110696,USR-00146,EXP-0074,2024-12-18,2025-01-07,6,150.19,0.0,organic,mobile,completed,901.14
BKG-006059,SES-110710,USR-01695,EXP-0149,2025-04-03,2025-04-05,1,56.39,0.18,organic,mobile,refunded,46.24
BKG-006060,SES-110714,USR-00978,EXP-0052,2025-03-25,2025-04-14,2,76.13,0.0,paid_search,desktop,completed,152.26
BKG-006061,SES-110740,USR-02970,EXP-0049,2025-04-09,2025-04-11,4,125.51,0.0,organic,mobile,completed,502.04
BKG-006062,SES-110746,USR-06921,EXP-0150,2024-07-04,2024-07-28,2,89.35,0.0,organic,desktop,completed,178.7
BKG-006063,SES-110751,USR-06314,EXP-0285,2025-01-18,2025-01-23,6,36.45,0.0,organic,mobile,completed,218.7
BKG-006064,SES-110809,USR-04101,EXP-0021,2025-05-14,2025-05-17,6,81.2,0.08,referral,desktop,cancelled,448.22
BKG-006065,SES-110819,USR-04857,EXP-0207,2025-05-17,2025-06-12,3,105.24,0.0,email,desktop,completed,315.72
BKG-006066,SES-110868,USR-04378,EXP-0228,2024-11-08,2024-11-14,2,158.2,0.2,affiliates,desktop,refunded,253.12
BKG-006067,SES-110896,USR-01488,EXP-0251,2024-12-02,2024-12-11,2,84.89,0.14,paid_search,mobile,completed,146.01
BKG-006068,SES-110962,USR-03303,EXP-0035,2024-07-03,2024-07-16,6,128.21,0.0,paid_search,desktop,cancelled,769.26
BKG-006069,SES-110980,USR-04000,EXP-0266,2025-05-13,2025-05-17,2,65.05,0.0,affiliates,mobile,completed,130.1
BKG-006070,SES-110987,USR-01596,EXP-0199,2024-09-02,2024-09-29,2,80.51,0.0,paid_search,desktop,cancelled,161.02
BKG-006071,SES-111025,USR-05507,EXP-0275,2024-08-25,2024-09-11,2,81.2,0.0,organic,mobile,completed,162.4
BKG-006072,SES-111027,USR-02865,EXP-0126,2025-06-23,2025-07-13,3,72.66,0.0,organic,desktop,completed,217.98
BKG-006073,SES-111028,USR-05319,EXP-0185,2025-04-20,2025-04-22,2,96.22,0.0,referral,mobile,completed,192.44
BKG-006074,SES-111065,USR-07841,EXP-0246,2025-03-22,2025-03-26,3,132.7,0.16,paid_search,mobile,cancelled,334.4
BKG-006075,SES-111120,USR-00344,EXP-0280,2024-10-10,2024-10-16,2,140.64,0.0,referral,tablet,completed,281.28
BKG-006076,SES-111126,USR-03654,EXP-0103,2024-11-27,2024-12-09,3,74.87,0.2,paid_search,desktop,cancelled,179.69
BKG-006077,SES-111136,USR-02322,EXP-0256,2025-03-25,2025-05-06,4,37.31,0.17,affiliates,mobile,completed,123.87
BKG-006078,SES-111180,USR-02436,EXP-0035,2025-04-26,2025-05-06,2,122.52,0.0,email,mobile,completed,245.04
BKG-006079,SES-111193,USR-05166,EXP-0275,2024-11-01,2024-11-05,2,79.86,0.16,paid_search,desktop,completed,134.16
BKG-006080,SES-111213,USR-00360,EXP-0263,2024-10-10,2024-10-12,4,61.61,0.0,email,mobile,completed,246.44
BKG-006081,SES-111214,USR-05586,EXP-0104,2024-09-06,2024-09-07,2,149.05,0.0,paid_search,mobile,refunded,298.1
BKG-006082,SES-111269,USR-02347,EXP-0208,2025-04-21,2025-07-06,5,60.83,0.0,paid_search,mobile,completed,304.15
BKG-006083,SES-111346,USR-00837,EXP-0064,2025-06-29,2025-08-05,2,78.84,0.0,paid_search,mobile,completed,157.68
BKG-006084,SES-111366,USR-00225,EXP-0075,2024-10-29,2024-11-06,4,89.31,0.0,social,desktop,completed,357.24
BKG-006085,SES-111378,USR-02785,EXP-0167,2025-06-06,2025-07-04,2,90.6,0.0,paid_search,mobile,completed,181.2
BKG-006086,SES-111381,USR-03025,EXP-0267,2024-11-03,2024-11-17,1,48.17,0.0,paid_search,mobile,completed,48.17
BKG-006087,SES-111424,USR-01386,EXP-0089,2025-01-03,2025-01-09,5,72.79,0.0,organic,desktop,completed,363.95
BKG-006088,SES-111428,USR-01115,EXP-0071,2024-10-28,2024-11-20,3,50.75,0.0,organic,desktop,completed,152.25
BKG-006089,SES-111437,USR-04201,EXP-0032,2025-01-17,2025-01-22,5,75.23,0.0,paid_search,mobile,refunded,376.15
BKG-006090,SES-111460,USR-00968,EXP-0090,2024-09-01,2024-09-10,1,139.22,0.06,paid_search,desktop,completed,130.87
BKG-006091,SES-111499,USR-06899,EXP-0145,2025-01-16,2025-01-31,4,132.28,0.0,paid_search,mobile,refunded,529.12
BKG-006092,SES-111505,USR-05901,EXP-0218,2024-11-06,2024-11-10,1,51.07,0.0,organic,desktop,completed,51.07
BKG-006093,SES-111506,USR-06836,EXP-0146,2024-12-06,2024-12-24,2,50.68,0.0,referral,desktop,cancelled,101.36
BKG-006094,SES-111512,USR-04198,EXP-0263,2025-02-03,2025-02-11,3,59.63,0.0,organic,desktop,completed,178.89
BKG-006095,SES-111515,USR-05025,EXP-0035,2025-04-03,2025-04-18,2,138.07,0.0,paid_search,mobile,completed,276.14
BKG-006096,SES-111516,USR-07386,EXP-0207,2025-06-18,2025-06-22,2,105.02,0.0,organic,mobile,completed,210.04
BKG-006097,SES-111525,USR-01881,EXP-0200,2025-02-17,2025-02-18,4,107.76,0.0,organic,desktop,completed,431.04
BKG-006098,SES-111540,USR-03122,EXP-0188,2025-05-19,2025-05-22,1,38.49,0.0,email,mobile,completed,38.49
BKG-006099,SES-111551,USR-02847,EXP-0243,2025-02-15,2025-03-18,1,83.41,0.0,paid_search,desktop,completed,83.41
BKG-006100,SES-111603,USR-02121,EXP-0146,2024-08-14,2024-08-31,6,55.14,0.09,referral,desktop,cancelled,301.06
BKG-006101,SES-111615,USR-06105,EXP-0254,2024-11-04,2024-11-16,4,194.98,0.0,organic,mobile,completed,779.92
BKG-006102,SES-111621,USR-00759,EXP-0183,2024-10-27,2024-11-16,1,25.74,0.0,affiliates,mobile,cancelled,25.74
BKG-006103,SES-111629,USR-07912,EXP-0017,2025-06-09,2025-06-19,2,90.72,0.0,paid_search,mobile,cancelled,181.44
BKG-006104,SES-111651,USR-04300,EXP-0292,2025-01-03,2025-01-10,1,102.42,0.18,organic,desktop,completed,83.98
BKG-006105,SES-111691,USR-02161,EXP-0025,2025-01-14,2025-01-15,4,42.02,0.0,email,desktop,completed,168.08
BKG-006106,SES-111730,USR-03249,EXP-0201,2024-07-02,2024-08-11,6,77.12,0.0,paid_search,desktop,completed,462.72
BKG-006107,SES-111751,USR-07307,EXP-0134,2025-02-09,2025-02-14,4,42.51,0.0,organic,desktop,completed,170.04
BKG-006108,SES-111791,USR-07888,EXP-0256,2025-01-19,2025-01-24,6,35.37,0.0,email,mobile,completed,212.22
BKG-006109,SES-111797,USR-01737,EXP-0032,2024-08-19,2024-09-07,2,79.3,0.13,referral,mobile,completed,137.98
BKG-006110,SES-111809,USR-06780,EXP-0086,2024-08-18,2024-08-31,4,28.56,0.13,email,desktop,completed,99.39
BKG-006111,SES-111816,USR-02711,EXP-0255,2024-08-10,2024-08-13,1,89.66,0.19,referral,desktop,cancelled,72.62
BKG-006112,SES-111836,USR-06628,EXP-0133,2025-06-10,2025-06-11,2,103.74,0.0,paid_search,desktop,completed,207.48
BKG-006113,SES-111845,USR-03812,EXP-0100,2024-09-05,2024-09-20,1,133.17,0.0,organic,desktop,completed,133.17
BKG-006114,SES-111850,USR-03045,EXP-0186,2025-02-28,2025-03-16,1,55.74,0.0,referral,mobile,cancelled,55.74
BKG-006115,SES-111869,USR-07842,EXP-0292,2024-10-08,2024-10-28,5,104.73,0.0,organic,tablet,completed,523.65
BKG-006116,SES-111873,USR-03140,EXP-0051,2025-04-10,2025-04-22,6,27.68,0.06,email,mobile,completed,156.12
BKG-006117,SES-111923,USR-05073,EXP-0195,2024-09-16,2024-10-02,3,82.85,0.0,organic,mobile,refunded,248.55
BKG-006118,SES-111926,USR-01557,EXP-0054,2024-10-07,2024-11-03,4,73.83,0.0,paid_search,mobile,completed,295.32
BKG-006119,SES-111949,USR-07354,EXP-0176,2025-02-01,2025-02-04,2,60.92,0.0,referral,desktop,completed,121.84
BKG-006120,SES-111953,USR-03094,EXP-0178,2025-01-02,2025-01-04,2,108.85,0.06,referral,desktop,completed,204.64
BKG-006121,SES-111979,USR-04459,EXP-0280,2025-06-21,2025-07-02,4,132.0,0.0,paid_search,mobile,completed,528.0
BKG-006122,SES-111985,USR-06848,EXP-0036,2025-01-03,2025-01-05,2,75.9,0.1,paid_search,desktop,completed,136.62
BKG-006123,SES-112005,USR-01696,EXP-0190,2024-07-18,2024-08-12,3,63.12,0.0,referral,desktop,completed,189.36
BKG-006124,SES-112010,USR-03622,EXP-0184,2025-01-22,2025-03-01,3,77.87,0.09,email,mobile,completed,212.59
BKG-006125,SES-112012,USR-06982,EXP-0222,2024-08-16,2024-08-25,2,44.77,0.0,organic,desktop,completed,89.54
BKG-006126,SES-112027,USR-07104,EXP-0099,2024-09-13,2024-09-23,1,85.02,0.16,paid_search,mobile,completed,71.42
BKG-006127,SES-112067,USR-04478,EXP-0133,2024-11-28,2024-12-06,4,90.99,0.0,referral,mobile,completed,363.96
BKG-006128,SES-112079,USR-07382,EXP-0038,2025-01-22,2025-01-24,1,183.62,0.0,paid_search,desktop,completed,183.62
BKG-006129,SES-112119,USR-03812,EXP-0171,2025-04-05,2025-04-12,2,130.43,0.0,organic,tablet,completed,260.86
BKG-006130,SES-112125,USR-01368,EXP-0055,2025-03-15,2025-03-27,2,68.0,0.0,referral,desktop,completed,136.0
BKG-006131,SES-112126,USR-02153,EXP-0277,2025-02-02,2025-02-04,2,104.19,0.16,organic,desktop,completed,175.04
BKG-006132,SES-112162,USR-03763,EXP-0039,2025-04-11,2025-04-18,2,61.85,0.0,affiliates,desktop,completed,123.7
BKG-006133,SES-112183,USR-06446,EXP-0063,2024-09-09,2024-10-10,2,107.97,0.0,paid_search,desktop,completed,215.94
BKG-006134,SES-112212,USR-02815,EXP-0045,2025-01-03,2025-04-03,3,171.31,0.0,social,desktop,completed,513.93
BKG-006135,SES-112215,USR-02762,EXP-0072,2025-06-01,2025-06-02,6,78.71,0.0,organic,mobile,completed,472.26
BKG-006136,SES-112245,USR-06758,EXP-0065,2024-10-13,2024-11-08,2,87.76,0.0,organic,mobile,completed,175.52
BKG-006137,SES-112260,USR-03166,EXP-0264,2025-06-15,2025-07-14,2,151.66,0.0,social,desktop,completed,303.32
BKG-006138,SES-112326,USR-05377,EXP-0178,2024-09-01,2024-09-19,2,84.89,0.0,paid_search,desktop,completed,169.78
BKG-006139,SES-112327,USR-02395,EXP-0044,2024-10-31,2024-12-10,2,230.97,0.0,paid_search,desktop,completed,461.94
BKG-006140,SES-112363,USR-05606,EXP-0003,2025-02-22,2025-02-26,1,111.95,0.0,affiliates,desktop,cancelled,111.95
BKG-006141,SES-112376,USR-07136,EXP-0172,2025-01-24,2025-01-26,3,60.73,0.16,email,mobile,completed,153.04
BKG-006142,SES-112388,USR-00233,EXP-0189,2024-07-04,2024-07-11,2,91.65,0.0,paid_search,mobile,completed,183.3
BKG-006143,SES-112397,USR-05063,EXP-0067,2024-12-15,2024-12-30,2,60.76,0.16,organic,desktop,completed,102.08
BKG-006144,SES-112475,USR-01650,EXP-0236,2024-07-04,2024-07-09,2,135.69,0.0,organic,mobile,completed,271.38
BKG-006145,SES-112486,USR-01303,EXP-0050,2024-07-09,2024-07-17,4,80.33,0.0,paid_search,mobile,completed,321.32
BKG-006146,SES-112505,USR-02709,EXP-0031,2024-09-03,2024-09-05,2,60.08,0.0,organic,mobile,completed,120.16
BKG-006147,SES-112572,USR-07858,EXP-0026,2025-02-16,2025-02-25,2,30.15,0.12,organic,tablet,completed,53.06
BKG-006148,SES-112609,USR-02667,EXP-0124,2025-03-14,2025-05-11,3,93.91,0.0,organic,mobile,completed,281.73
BKG-006149,SES-112626,USR-02667,EXP-0208,2024-12-03,2024-12-09,2,62.41,0.0,organic,mobile,completed,124.82
BKG-006150,SES-112630,USR-00565,EXP-0169,2024-09-12,2024-10-29,2,88.55,0.05,paid_search,mobile,completed,168.24
BKG-006151,SES-112651,USR-00145,EXP-0205,2025-01-16,2025-02-23,2,119.58,0.0,organic,desktop,completed,239.16
BKG-006152,SES-112684,USR-02965,EXP-0112,2024-07-07,2024-07-11,4,45.24,0.0,organic,mobile,completed,180.96
BKG-006153,SES-112694,USR-04768,EXP-0094,2024-07-06,2024-07-14,2,92.39,0.0,paid_search,desktop,cancelled,184.78
BKG-006154,SES-112724,USR-04073,EXP-0174,2025-04-24,2025-05-08,2,92.77,0.19,organic,desktop,completed,150.29
BKG-006155,SES-112728,USR-03824,EXP-0225,2025-04-22,2025-04-26,2,140.82,0.19,organic,desktop,completed,228.13
BKG-006156,SES-112731,USR-01463,EXP-0198,2025-04-09,2025-05-05,2,78.6,0.13,organic,mobile,cancelled,136.76
BKG-006157,SES-112747,USR-02657,EXP-0082,2025-03-12,2025-03-16,6,166.09,0.0,paid_search,desktop,completed,996.54
BKG-006158,SES-112750,USR-01752,EXP-0006,2025-03-20,2025-03-26,6,49.13,0.12,paid_search,mobile,completed,259.41
BKG-006159,SES-112842,USR-05948,EXP-0199,2025-05-13,2025-05-29,2,66.86,0.0,paid_search,mobile,cancelled,133.72
BKG-006160,SES-112851,USR-07567,EXP-0259,2025-04-27,2025-05-04,2,133.53,0.0,organic,desktop,refunded,267.06
BKG-006161,SES-112860,USR-07552,EXP-0144,2025-05-17,2025-06-01,1,83.07,0.16,organic,desktop,completed,69.78
BKG-006162,SES-112873,USR-05074,EXP-0220,2024-07-15,2024-07-29,2,34.49,0.0,organic,mobile,completed,68.98
BKG-006163,SES-112900,USR-00300,EXP-0023,2024-08-04,2024-08-11,2,42.23,0.0,social,desktop,refunded,84.46
BKG-006164,SES-112914,USR-04405,EXP-0212,2024-07-11,2024-08-04,3,54.99,0.0,email,mobile,completed,164.97
BKG-006165,SES-112941,USR-05510,EXP-0030,2025-04-03,2025-04-21,2,105.47,0.0,social,desktop,completed,210.94
BKG-006166,SES-112974,USR-07160,EXP-0184,2024-10-27,2024-10-29,2,70.15,0.0,referral,mobile,completed,140.3
BKG-006167,SES-112977,USR-05507,EXP-0029,2024-08-03,2024-08-07,4,67.29,0.0,paid_search,desktop,completed,269.16
BKG-006168,SES-112981,USR-06705,EXP-0134,2025-04-01,2025-04-12,2,41.88,0.0,social,desktop,completed,83.76
BKG-006169,SES-113074,USR-01922,EXP-0221,2025-04-08,2025-05-18,1,88.14,0.14,organic,mobile,completed,75.8
BKG-006170,SES-113099,USR-00635,EXP-0035,2025-03-08,2025-03-15,2,156.4,0.0,referral,desktop,completed,312.8
BKG-006171,SES-113152,USR-05869,EXP-0089,2025-04-11,2025-05-04,1,78.38,0.0,organic,mobile,completed,78.38
BKG-006172,SES-113167,USR-02581,EXP-0022,2024-10-17,2024-10-30,2,76.72,0.16,affiliates,desktop,completed,128.89
BKG-006173,SES-113199,USR-05264,EXP-0227,2025-04-11,2025-05-09,2,81.17,0.0,paid_search,mobile,completed,162.34
BKG-006174,SES-113226,USR-02624,EXP-0185,2025-04-28,2025-05-02,5,102.61,0.14,email,mobile,completed,441.22
BKG-006175,SES-113230,USR-02702,EXP-0177,2025-03-28,2025-03-29,2,36.77,0.18,referral,mobile,completed,60.3
BKG-006176,SES-113239,USR-07476,EXP-0062,2024-11-18,2024-12-06,2,125.96,0.0,paid_search,mobile,completed,251.92
BKG-006177,SES-113244,USR-03374,EXP-0007,2024-07-23,2024-08-02,3,129.11,0.0,paid_search,desktop,refunded,387.33
BKG-006178,SES-113294,USR-06288,EXP-0280,2024-08-27,2024-09-21,2,130.95,0.0,email,mobile,completed,261.9
BKG-006179,SES-113299,USR-00449,EXP-0134,2024-12-26,2024-12-31,2,41.21,0.0,paid_search,mobile,completed,82.42
BKG-006180,SES-113310,USR-03637,EXP-0219,2024-10-12,2024-10-14,2,222.43,0.13,paid_search,mobile,completed,387.03
BKG-006181,SES-113343,USR-01093,EXP-0036,2025-01-02,2025-01-22,5,70.65,0.16,organic,mobile,completed,296.73
BKG-006182,SES-113353,USR-02309,EXP-0203,2024-09-28,2024-10-04,2,115.73,0.0,paid_search,mobile,completed,231.46
BKG-006183,SES-113360,USR-05134,EXP-0089,2024-09-18,2024-09-28,1,79.53,0.0,paid_search,mobile,completed,79.53
BKG-006184,SES-113383,USR-03768,EXP-0222,2024-09-12,2024-10-05,1,38.32,0.0,organic,mobile,completed,38.32
BKG-006185,SES-113401,USR-06632,EXP-0204,2024-11-21,2024-11-25,4,78.79,0.07,affiliates,tablet,completed,293.1
BKG-006186,SES-113415,USR-02442,EXP-0189,2024-08-15,2024-09-12,2,90.09,0.0,referral,desktop,completed,180.18
BKG-006187,SES-113425,USR-03638,EXP-0221,2025-02-18,2025-03-09,6,77.67,0.19,paid_search,mobile,completed,377.48
BKG-006188,SES-113457,USR-06315,EXP-0228,2024-07-21,2024-07-30,2,160.12,0.0,referral,desktop,completed,320.24
BKG-006189,SES-113458,USR-06995,EXP-0106,2024-07-26,2024-08-03,2,140.56,0.0,email,desktop,completed,281.12
BKG-006190,SES-113462,USR-02040,EXP-0125,2024-11-06,2024-11-12,6,61.29,0.13,organic,mobile,completed,319.93
BKG-006191,SES-113471,USR-00621,EXP-0113,2024-11-24,2024-11-28,3,133.41,0.0,email,desktop,completed,400.23
BKG-006192,SES-113482,USR-07276,EXP-0236,2024-11-26,2024-12-02,2,121.16,0.0,referral,desktop,cancelled,242.32
BKG-006193,SES-113500,USR-07169,EXP-0262,2025-03-03,2025-03-06,5,97.71,0.0,paid_search,desktop,completed,488.55
BKG-006194,SES-113568,USR-00815,EXP-0080,2025-05-16,2025-05-17,1,79.63,0.0,paid_search,desktop,cancelled,79.63
BKG-006195,SES-113625,USR-03274,EXP-0126,2024-11-01,2024-11-09,3,67.03,0.0,organic,desktop,cancelled,201.09
BKG-006196,SES-113639,USR-04726,EXP-0275,2025-04-12,2025-04-14,5,79.58,0.0,organic,mobile,completed,397.9
BKG-006197,SES-113652,USR-07879,EXP-0065,2025-06-13,2025-06-26,3,83.07,0.0,email,mobile,completed,249.21
BKG-006198,SES-113662,USR-06862,EXP-0205,2024-09-29,2024-10-19,2,120.97,0.07,affiliates,desktop,completed,225.0
BKG-006199,SES-113675,USR-02337,EXP-0202,2024-11-25,2024-12-03,2,47.34,0.0,organic,desktop,completed,94.68
BKG-006200,SES-113717,USR-07434,EXP-0255,2024-12-04,2024-12-30,3,90.89,0.0,organic,desktop,completed,272.67
BKG-006201,SES-113731,USR-02960,EXP-0169,2024-07-24,2024-07-26,1,90.46,0.0,organic,mobile,completed,90.46
BKG-006202,SES-113734,USR-07497,EXP-0274,2025-04-30,2025-05-09,4,37.18,0.1,paid_search,desktop,completed,133.85
BKG-006203,SES-113738,USR-01176,EXP-0145,2025-03-09,2025-03-20,2,132.85,0.0,paid_search,mobile,completed,265.7
BKG-006204,SES-113757,USR-05044,EXP-0100,2025-03-18,2025-03-21,2,148.05,0.0,paid_search,desktop,completed,296.1
BKG-006205,SES-113781,USR-00473,EXP-0125,2024-07-31,2024-08-10,2,54.1,0.12,affiliates,mobile,completed,95.22
BKG-006206,SES-113805,USR-05129,EXP-0259,2024-11-12,2024-12-07,2,121.8,0.0,email,desktop,completed,243.6
BKG-006207,SES-113847,USR-03095,EXP-0281,2025-01-18,2025-01-20,2,34.05,0.0,organic,desktop,completed,68.1
BKG-006208,SES-113866,USR-06193,EXP-0152,2025-06-06,2025-06-07,2,214.06,0.0,paid_search,desktop,completed,428.12
BKG-006209,SES-113873,USR-06146,EXP-0198,2025-01-17,2025-02-11,4,75.36,0.17,paid_search,desktop,completed,250.2
BKG-006210,SES-113906,USR-06368,EXP-0290,2024-08-02,2024-08-06,2,163.29,0.0,paid_search,desktop,completed,326.58
BKG-006211,SES-113929,USR-06628,EXP-0143,2025-02-03,2025-03-09,2,97.06,0.0,paid_search,mobile,completed,194.12
BKG-006212,SES-113942,USR-04639,EXP-0119,2025-06-22,2025-06-27,1,108.94,0.0,organic,desktop,cancelled,108.94
BKG-006213,SES-114009,USR-06993,EXP-0298,2025-02-25,2025-03-02,5,84.87,0.1,paid_search,mobile,completed,381.92
BKG-006214,SES-114012,USR-06798,EXP-0132,2025-01-02,2025-01-04,1,113.79,0.09,organic,desktop,completed,103.55
BKG-006215,SES-114029,USR-01168,EXP-0074,2025-02-20,2025-02-28,1,156.89,0.07,social,desktop,completed,145.91
BKG-006216,SES-114033,USR-06728,EXP-0280,2024-08-06,2024-08-13,1,126.3,0.12,email,mobile,completed,111.14
BKG-006217,SES-114062,USR-05586,EXP-0031,2024-08-23,2024-08-31,3,62.75,0.0,social,mobile,cancelled,188.25
BKG-006218,SES-114064,USR-02830,EXP-0053,2024-08-07,2024-08-18,4,41.23,0.0,paid_search,desktop,completed,164.92
BKG-006219,SES-114074,USR-03690,EXP-0061,2025-03-05,2025-03-12,4,51.76,0.0,organic,desktop,completed,207.04
BKG-006220,SES-114085,USR-06366,EXP-0190,2025-05-16,2025-05-29,1,77.79,0.16,social,tablet,completed,65.34
BKG-006221,SES-114114,USR-01282,EXP-0025,2025-06-12,2025-06-17,2,42.66,0.0,paid_search,mobile,cancelled,85.32
BKG-006222,SES-114131,USR-07710,EXP-0180,2024-12-11,2024-12-16,1,191.13,0.0,paid_search,mobile,completed,191.13
BKG-006223,SES-114136,USR-06849,EXP-0026,2024-09-12,2024-09-23,5,29.46,0.0,paid_search,mobile,completed,147.3
BKG-006224,SES-114149,USR-06630,EXP-0013,2024-07-31,2024-08-01,1,83.03,0.12,paid_search,desktop,completed,73.07
BKG-006225,SES-114161,USR-00478,EXP-0030,2025-04-02,2025-04-09,1,110.08,0.0,paid_search,tablet,completed,110.08
BKG-006226,SES-114163,USR-06128,EXP-0274,2024-11-27,2024-12-02,4,34.89,0.0,paid_search,mobile,cancelled,139.56
BKG-006227,SES-114176,USR-02994,EXP-0235,2025-05-27,2025-06-09,4,51.62,0.0,affiliates,mobile,completed,206.48
BKG-006228,SES-114250,USR-05288,EXP-0147,2025-05-25,2025-06-19,5,33.15,0.0,organic,tablet,completed,165.75
BKG-006229,SES-114269,USR-07388,EXP-0198,2024-07-18,2024-08-04,2,90.57,0.1,organic,mobile,completed,163.03
BKG-006230,SES-114270,USR-00216,EXP-0047,2024-12-27,2024-12-29,1,124.83,0.0,organic,mobile,completed,124.83
BKG-006231,SES-114283,USR-00367,EXP-0197,2025-03-22,2025-04-12,1,78.46,0.0,social,mobile,completed,78.46
BKG-006232,SES-114333,USR-07281,EXP-0226,2025-03-04,2025-03-14,4,134.5,0.17,paid_search,mobile,completed,446.54
BKG-006233,SES-114334,USR-03092,EXP-0043,2024-08-04,2024-08-07,2,31.63,0.0,paid_search,mobile,completed,63.26
BKG-006234,SES-114339,USR-07114,EXP-0153,2024-08-30,2024-10-08,1,51.3,0.14,affiliates,desktop,completed,44.12
BKG-006235,SES-114360,USR-02150,EXP-0153,2024-09-07,2024-09-10,1,55.08,0.06,email,tablet,completed,51.78
BKG-006236,SES-114363,USR-01324,EXP-0223,2024-07-01,2024-07-04,2,98.0,0.2,affiliates,desktop,completed,156.8
BKG-006237,SES-114378,USR-03524,EXP-0116,2024-10-02,2024-10-09,2,72.86,0.0,email,desktop,refunded,145.72
BKG-006238,SES-114459,USR-07399,EXP-0244,2025-03-05,2025-03-14,2,103.41,0.08,organic,mobile,completed,190.27
BKG-006239,SES-114467,USR-00929,EXP-0016,2025-03-08,2025-03-23,3,97.52,0.0,organic,mobile,completed,292.56
BKG-006240,SES-114468,USR-03747,EXP-0030,2024-07-06,2024-07-19,1,107.79,0.0,affiliates,mobile,completed,107.79
BKG-006241,SES-114496,USR-04529,EXP-0207,2025-06-23,2025-06-24,2,103.31,0.0,referral,mobile,completed,206.62
BKG-006242,SES-114527,USR-06800,EXP-0049,2024-11-17,2024-11-27,1,121.65,0.0,affiliates,mobile,completed,121.65
BKG-006243,SES-114547,USR-02202,EXP-0197,2024-11-14,2024-11-18,2,75.76,0.0,paid_search,mobile,cancelled,151.52
BKG-006244,SES-114557,USR-00575,EXP-0047,2024-09-22,2024-10-12,2,142.69,0.18,referral,desktop,completed,234.01
BKG-006245,SES-114573,USR-04678,EXP-0154,2025-06-12,2025-06-21,2,45.91,0.07,paid_search,mobile,cancelled,85.39
BKG-006246,SES-114656,USR-04404,EXP-0143,2024-10-08,2024-10-09,1,99.17,0.0,paid_search,desktop,completed,99.17
BKG-006247,SES-114678,USR-03145,EXP-0099,2025-01-17,2025-01-24,3,78.36,0.0,organic,mobile,completed,235.08
BKG-006248,SES-114707,USR-01740,EXP-0153,2024-07-12,2024-08-11,5,51.06,0.0,paid_search,desktop,completed,255.3
BKG-006249,SES-114741,USR-05634,EXP-0085,2024-12-24,2025-01-16,1,190.65,0.14,organic,mobile,cancelled,163.96
BKG-006250,SES-114744,USR-03368,EXP-0028,2025-06-22,2025-07-01,2,57.63,0.0,organic,mobile,completed,115.26
BKG-006251,SES-114746,USR-07503,EXP-0138,2025-03-09,2025-03-16,3,63.18,0.0,email,mobile,refunded,189.54
BKG-006252,SES-114749,USR-05816,EXP-0123,2024-08-08,2024-08-14,1,98.79,0.13,affiliates,desktop,completed,85.95
BKG-006253,SES-114781,USR-04164,EXP-0050,2025-05-27,2025-06-02,2,71.29,0.0,paid_search,mobile,completed,142.58
BKG-006254,SES-114797,USR-06139,EXP-0187,2025-03-13,2025-03-19,1,41.0,0.0,paid_search,mobile,completed,41.0
BKG-006255,SES-114807,USR-06197,EXP-0282,2025-03-17,2025-04-02,2,188.17,0.06,paid_search,mobile,completed,353.76
BKG-006256,SES-114815,USR-06039,EXP-0065,2024-08-31,2024-09-06,2,97.39,0.11,affiliates,desktop,completed,173.35
BKG-006257,SES-114847,USR-03973,EXP-0099,2024-07-04,2024-07-05,1,77.75,0.0,organic,mobile,completed,77.75
BKG-006258,SES-114881,USR-03997,EXP-0031,2025-01-30,2025-02-26,2,59.35,0.0,paid_search,desktop,completed,118.7
BKG-006259,SES-114891,USR-05517,EXP-0124,2025-06-13,2025-06-15,2,82.14,0.0,organic,tablet,completed,164.28
BKG-006260,SES-114895,USR-02952,EXP-0082,2025-04-20,2025-05-01,3,177.07,0.2,email,desktop,completed,424.97
BKG-006261,SES-114926,USR-03915,EXP-0128,2025-05-07,2025-05-23,2,74.94,0.13,paid_search,desktop,completed,130.4
BKG-006262,SES-114928,USR-01135,EXP-0069,2024-11-02,2024-11-04,2,108.5,0.0,paid_search,mobile,completed,217.0
BKG-006263,SES-114931,USR-05991,EXP-0245,2024-07-20,2024-08-03,1,118.01,0.06,organic,desktop,completed,110.93
BKG-006264,SES-114932,USR-05995,EXP-0204,2024-11-20,2024-12-05,2,79.55,0.0,paid_search,desktop,completed,159.1
BKG-006265,SES-114950,USR-03753,EXP-0167,2025-06-25,2025-07-07,5,86.66,0.0,organic,desktop,completed,433.3
BKG-006266,SES-114970,USR-06454,EXP-0058,2025-01-16,2025-02-02,2,158.25,0.0,paid_search,mobile,completed,316.5
BKG-006267,SES-114972,USR-05186,EXP-0075,2025-01-26,2025-01-30,2,102.68,0.0,paid_search,mobile,completed,205.36
BKG-006268,SES-114996,USR-00622,EXP-0140,2025-02-26,2025-03-01,2,143.15,0.0,paid_search,desktop,completed,286.3
BKG-006269,SES-115025,USR-07759,EXP-0026,2024-12-21,2025-02-19,1,27.37,0.0,affiliates,mobile,refunded,27.37
BKG-006270,SES-115054,USR-02173,EXP-0214,2025-03-17,2025-03-21,3,74.86,0.1,paid_search,mobile,completed,202.12
BKG-006271,SES-115133,USR-02540,EXP-0221,2025-03-09,2025-03-10,2,69.29,0.0,organic,mobile,completed,138.58
BKG-006272,SES-115141,USR-04139,EXP-0218,2024-09-17,2024-09-26,2,55.82,0.0,paid_search,mobile,completed,111.64
BKG-006273,SES-115145,USR-03520,EXP-0199,2024-09-26,2024-09-29,3,74.81,0.0,email,desktop,completed,224.43
BKG-006274,SES-115155,USR-00972,EXP-0146,2025-02-05,2025-02-09,2,53.33,0.09,organic,desktop,completed,97.06
BKG-006275,SES-115175,USR-06357,EXP-0255,2025-04-25,2025-05-06,1,83.47,0.0,email,mobile,cancelled,83.47
BKG-006276,SES-115184,USR-03838,EXP-0272,2024-07-11,2024-07-16,2,91.83,0.0,paid_search,desktop,completed,183.66
BKG-006277,SES-115189,USR-07645,EXP-0038,2025-03-12,2025-03-15,1,175.58,0.0,affiliates,desktop,completed,175.58
BKG-006278,SES-115194,USR-02735,EXP-0182,2025-04-28,2025-05-19,4,81.01,0.0,paid_search,mobile,completed,324.04
BKG-006279,SES-115216,USR-03575,EXP-0091,2025-03-13,2025-03-18,2,107.15,0.0,paid_search,mobile,completed,214.3
BKG-006280,SES-115227,USR-02387,EXP-0020,2024-11-30,2024-12-11,1,125.96,0.11,paid_search,tablet,completed,112.1
BKG-006281,SES-115238,USR-04929,EXP-0172,2024-07-11,2024-07-29,3,55.78,0.0,affiliates,desktop,completed,167.34
BKG-006282,SES-115286,USR-07540,EXP-0127,2025-03-29,2025-04-21,2,68.99,0.0,paid_search,mobile,completed,137.98
BKG-006283,SES-115288,USR-04888,EXP-0243,2025-02-18,2025-02-23,5,75.1,0.15,organic,mobile,completed,319.18
BKG-006284,SES-115297,USR-05264,EXP-0292,2024-10-30,2024-11-04,2,101.6,0.0,email,mobile,completed,203.2
BKG-006285,SES-115319,USR-02042,EXP-0139,2025-06-05,2025-06-19,4,98.96,0.0,organic,mobile,completed,395.84
BKG-006286,SES-115328,USR-07668,EXP-0004,2025-06-24,2025-06-30,3,56.17,0.19,organic,mobile,completed,136.49
BKG-006287,SES-115338,USR-06669,EXP-0190,2025-04-11,2025-04-12,2,69.69,0.0,organic,mobile,completed,139.38
BKG-006288,SES-115348,USR-00113,EXP-0029,2024-11-21,2024-11-23,3,78.46,0.0,organic,desktop,completed,235.38
BKG-006289,SES-115386,USR-01562,EXP-0084,2025-03-05,2025-03-08,6,72.31,0.12,organic,mobile,completed,381.8
BKG-006290,SES-115388,USR-00020,EXP-0041,2024-07-31,2024-08-02,2,30.81,0.1,email,mobile,completed,55.46
BKG-006291,SES-115466,USR-05276,EXP-0023,2025-02-04,2025-02-17,3,39.62,0.06,email,desktop,completed,111.73
BKG-006292,SES-115552,USR-06601,EXP-0190,2024-08-09,2024-08-10,3,63.05,0.0,paid_search,mobile,completed,189.15
BKG-006293,SES-115571,USR-01899,EXP-0073,2025-01-16,2025-01-31,2,97.3,0.0,affiliates,desktop,completed,194.6
BKG-006294,SES-115605,USR-00944,EXP-0172,2024-09-23,2024-10-11,5,61.65,0.11,paid_search,desktop,completed,274.34
BKG-006295,SES-115646,USR-06675,EXP-0167,2024-10-06,2024-10-09,3,93.98,0.0,email,desktop,completed,281.94
BKG-006296,SES-115684,USR-07390,EXP-0133,2025-03-29,2025-04-04,2,94.88,0.14,paid_search,mobile,completed,163.19
BKG-006297,SES-115696,USR-01604,EXP-0170,2025-06-15,2025-07-12,4,181.07,0.0,paid_search,mobile,completed,724.28
BKG-006298,SES-115724,USR-03171,EXP-0274,2024-10-30,2024-11-13,3,30.69,0.14,organic,mobile,completed,79.18
BKG-006299,SES-115727,USR-06136,EXP-0245,2024-09-29,2024-11-10,2,117.21,0.06,referral,mobile,refunded,220.35
BKG-006300,SES-115737,USR-07872,EXP-0098,2024-10-31,2024-11-14,2,88.99,0.0,referral,mobile,completed,177.98
BKG-006301,SES-115744,USR-05767,EXP-0139,2025-03-21,2025-03-23,2,89.42,0.18,paid_search,desktop,completed,146.65
BKG-006302,SES-115747,USR-00383,EXP-0036,2024-10-01,2024-10-21,1,66.72,0.0,paid_search,desktop,completed,66.72
BKG-006303,SES-115751,USR-02953,EXP-0159,2024-10-18,2024-10-21,2,59.51,0.06,social,mobile,refunded,111.88
BKG-006304,SES-115848,USR-07086,EXP-0264,2025-06-17,2025-07-06,2,125.07,0.0,social,mobile,completed,250.14
BKG-006305,SES-115850,USR-02181,EXP-0021,2024-09-09,2024-09-10,1,91.45,0.0,paid_search,desktop,cancelled,91.45
BKG-006306,SES-115854,USR-04295,EXP-0185,2024-08-09,2024-08-11,5,103.1,0.0,referral,mobile,completed,515.5
BKG-006307,SES-115874,USR-00501,EXP-0235,2025-05-02,2025-05-03,2,58.49,0.0,organic,mobile,completed,116.98
BKG-006308,SES-115879,USR-01871,EXP-0059,2024-08-30,2024-09-07,3,33.28,0.14,affiliates,mobile,completed,85.86
BKG-006309,SES-115880,USR-02610,EXP-0207,2024-12-07,2025-01-05,2,96.86,0.0,paid_search,mobile,completed,193.72
BKG-006310,SES-115897,USR-06581,EXP-0080,2025-06-17,2025-06-24,2,80.77,0.0,paid_search,mobile,completed,161.54
BKG-006311,SES-115912,USR-05876,EXP-0292,2025-02-12,2025-03-03,3,97.62,0.0,social,mobile,completed,292.86
BKG-006312,SES-115914,USR-07757,EXP-0063,2025-01-25,2025-01-28,1,105.72,0.0,affiliates,mobile,completed,105.72
BKG-006313,SES-115918,USR-03174,EXP-0026,2025-01-19,2025-01-27,3,31.35,0.0,organic,desktop,completed,94.05
BKG-006314,SES-115935,USR-04947,EXP-0053,2024-12-17,2025-02-04,2,39.15,0.12,organic,mobile,completed,68.9
BKG-006315,SES-115953,USR-01891,EXP-0040,2024-08-21,2024-08-28,1,161.0,0.0,email,mobile,completed,161.0
BKG-006316,SES-115980,USR-02479,EXP-0220,2024-07-10,2024-08-16,2,39.45,0.0,paid_search,mobile,completed,78.9
BKG-006317,SES-116078,USR-05307,EXP-0030,2025-06-27,2025-07-01,1,116.88,0.0,paid_search,mobile,refunded,116.88
BKG-006318,SES-116082,USR-04666,EXP-0063,2025-03-19,2025-03-20,1,104.62,0.0,paid_search,mobile,completed,104.62
BKG-006319,SES-116084,USR-05010,EXP-0299,2025-02-14,2025-02-16,3,116.87,0.11,paid_search,mobile,completed,312.04
BKG-006320,SES-116094,USR-07216,EXP-0142,2025-02-19,2025-03-14,2,77.03,0.0,social,desktop,completed,154.06
BKG-006321,SES-116095,USR-00842,EXP-0029,2025-01-17,2025-01-26,4,78.57,0.0,email,desktop,completed,314.28
BKG-006322,SES-116109,USR-04728,EXP-0180,2025-06-08,2025-06-16,2,203.01,0.0,email,mobile,completed,406.02
BKG-006323,SES-116121,USR-00850,EXP-0252,2024-10-03,2024-10-07,2,79.87,0.0,organic,desktop,completed,159.74
BKG-006324,SES-116137,USR-00742,EXP-0168,2025-01-14,2025-01-25,1,175.93,0.0,social,mobile,refunded,175.93
BKG-006325,SES-116146,USR-07104,EXP-0040,2025-02-06,2025-02-18,2,168.5,0.14,referral,desktop,completed,289.82
BKG-006326,SES-116152,USR-03729,EXP-0222,2025-05-03,2025-05-04,2,40.38,0.14,referral,desktop,completed,69.45
BKG-006327,SES-116181,USR-02315,EXP-0204,2024-09-10,2024-09-20,3,69.5,0.15,affiliates,mobile,completed,177.22
BKG-006328,SES-116208,USR-01456,EXP-0180,2025-03-19,2025-04-12,3,203.7,0.0,paid_search,mobile,completed,611.1
BKG-006329,SES-116224,USR-07894,EXP-0161,2025-05-12,2025-05-15,2,168.14,0.0,affiliates,desktop,completed,336.28
BKG-006330,SES-116251,USR-04961,EXP-0082,2024-10-08,2024-10-11,2,182.94,0.0,affiliates,desktop,completed,365.88
BKG-006331,SES-116252,USR-04702,EXP-0078,2024-09-05,2024-09-14,6,44.15,0.0,email,desktop,completed,264.9
BKG-006332,SES-116256,USR-01225,EXP-0290,2024-10-07,2024-10-29,1,168.86,0.0,affiliates,mobile,completed,168.86
BKG-006333,SES-116271,USR-03764,EXP-0235,2024-07-29,2024-08-09,2,52.69,0.0,organic,mobile,cancelled,105.38
BKG-006334,SES-116279,USR-01749,EXP-0090,2024-12-01,2025-01-02,1,122.43,0.0,paid_search,mobile,completed,122.43
BKG-006335,SES-116291,USR-01863,EXP-0217,2025-06-20,2025-06-30,2,46.47,0.0,paid_search,mobile,completed,92.94
BKG-006336,SES-116297,USR-04689,EXP-0230,2024-07-05,2024-08-03,2,104.22,0.14,organic,mobile,completed,179.26
BKG-006337,SES-116315,USR-01970,EXP-0278,2025-04-01,2025-04-23,2,55.14,0.1,organic,desktop,completed,99.25
BKG-006338,SES-116316,USR-02850,EXP-0266,2025-04-06,2025-04-08,1,62.84,0.08,organic,desktop,completed,57.81
BKG-006339,SES-116319,USR-07284,EXP-0119,2025-05-13,2025-05-22,4,109.28,0.0,organic,desktop,completed,437.12
BKG-006340,SES-116382,USR-06127,EXP-0058,2024-12-28,2025-01-02,6,158.88,0.0,organic,mobile,cancelled,953.28
BKG-006341,SES-116384,USR-04867,EXP-0135,2024-11-29,2024-12-06,2,75.97,0.0,paid_search,desktop,completed,151.94
BKG-006342,SES-116447,USR-05573,EXP-0080,2024-08-16,2024-09-04,4,82.3,0.0,organic,mobile,completed,329.2
BKG-006343,SES-116450,USR-00066,EXP-0158,2024-11-17,2024-12-01,2,49.06,0.0,social,desktop,cancelled,98.12
BKG-006344,SES-116469,USR-02272,EXP-0142,2025-06-09,2025-07-10,2,81.84,0.0,referral,mobile,completed,163.68
BKG-006345,SES-116476,USR-06848,EXP-0182,2024-12-08,2024-12-28,1,68.31,0.0,social,desktop,completed,68.31
BKG-006346,SES-116481,USR-04908,EXP-0020,2025-05-09,2025-05-29,2,116.29,0.0,organic,desktop,completed,232.58
BKG-006347,SES-116490,USR-01417,EXP-0015,2024-11-10,2024-11-17,1,31.97,0.0,affiliates,mobile,completed,31.97
BKG-006348,SES-116499,USR-02665,EXP-0016,2024-12-26,2025-01-16,2,101.18,0.0,paid_search,mobile,completed,202.36
BKG-006349,SES-116514,USR-02191,EXP-0001,2025-02-10,2025-02-13,6,54.83,0.15,organic,desktop,completed,279.63
BKG-006350,SES-116562,USR-05934,EXP-0110,2024-12-17,2024-12-19,4,128.05,0.1,paid_search,desktop,completed,460.98
BKG-006351,SES-116577,USR-07631,EXP-0280,2025-01-07,2025-01-31,3,121.58,0.0,email,mobile,completed,364.74
BKG-006352,SES-116583,USR-07435,EXP-0240,2025-06-01,2025-06-13,3,101.45,0.0,affiliates,mobile,completed,304.35
BKG-006353,SES-116630,USR-05289,EXP-0060,2024-10-20,2024-11-30,2,84.55,0.0,referral,desktop,completed,169.1
BKG-006354,SES-116641,USR-01803,EXP-0033,2024-12-29,2025-01-31,2,77.8,0.0,organic,tablet,refunded,155.6
BKG-006355,SES-116645,USR-07965,EXP-0180,2025-05-19,2025-05-31,3,202.01,0.0,organic,desktop,completed,606.03
BKG-006356,SES-116654,USR-05916,EXP-0207,2025-06-12,2025-07-28,1,107.66,0.1,referral,desktop,completed,96.89
BKG-006357,SES-116659,USR-07089,EXP-0262,2025-03-13,2025-03-14,2,94.06,0.0,paid_search,desktop,completed,188.12
BKG-006358,SES-116665,USR-05864,EXP-0100,2025-02-22,2025-03-23,5,132.23,0.0,paid_search,desktop,completed,661.15
BKG-006359,SES-116666,USR-07464,EXP-0170,2024-12-29,2025-01-19,2,183.18,0.0,referral,desktop,completed,366.36
BKG-006360,SES-116667,USR-07607,EXP-0251,2025-02-07,2025-02-08,2,92.9,0.0,referral,desktop,completed,185.8
BKG-006361,SES-116679,USR-04351,EXP-0223,2025-02-06,2025-02-19,1,95.97,0.17,organic,mobile,refunded,79.66
BKG-006362,SES-116682,USR-06777,EXP-0148,2024-09-12,2024-10-10,2,109.15,0.17,social,desktop,completed,181.19
BKG-006363,SES-116692,USR-00924,EXP-0176,2024-08-22,2024-08-25,1,60.8,0.0,affiliates,mobile,completed,60.8
BKG-006364,SES-116698,USR-04733,EXP-0171,2025-03-14,2025-03-22,4,139.94,0.0,social,desktop,completed,559.76
BKG-006365,SES-116731,USR-04164,EXP-0027,2025-03-12,2025-03-17,1,209.19,0.0,organic,desktop,completed,209.19
BKG-006366,SES-116750,USR-07710,EXP-0061,2024-10-03,2024-12-07,2,50.02,0.19,paid_search,tablet,completed,81.03
BKG-006367,SES-116754,USR-04454,EXP-0191,2024-12-14,2024-12-17,6,67.07,0.11,referral,mobile,completed,358.15
BKG-006368,SES-116755,USR-03446,EXP-0036,2024-09-05,2024-09-18,2,74.06,0.0,organic,mobile,completed,148.12
BKG-006369,SES-116776,USR-06205,EXP-0077,2024-09-25,2024-10-01,2,154.23,0.0,email,mobile,completed,308.46
BKG-006370,SES-116781,USR-05998,EXP-0151,2025-02-12,2025-02-14,6,59.86,0.1,affiliates,desktop,completed,323.24
BKG-006371,SES-116784,USR-00489,EXP-0225,2024-10-30,2024-10-31,3,153.0,0.18,paid_search,mobile,completed,376.38
BKG-006372,SES-116791,USR-07427,EXP-0030,2024-09-21,2024-09-29,3,110.5,0.0,social,desktop,cancelled,331.5
BKG-006373,SES-116792,USR-03112,EXP-0087,2024-07-20,2024-09-21,2,152.89,0.0,paid_search,mobile,completed,305.78
BKG-006374,SES-116797,USR-03906,EXP-0045,2025-04-14,2025-05-06,2,144.29,0.0,referral,desktop,completed,288.58
BKG-006375,SES-116805,USR-06999,EXP-0083,2024-07-05,2024-08-04,3,95.99,0.0,paid_search,desktop,completed,287.97
BKG-006376,SES-116831,USR-01480,EXP-0063,2025-05-05,2025-05-07,4,110.18,0.0,paid_search,desktop,cancelled,440.72
BKG-006377,SES-116835,USR-02612,EXP-0134,2024-09-19,2024-10-08,2,43.49,0.18,paid_search,mobile,completed,71.32
BKG-006378,SES-116841,USR-03082,EXP-0107,2025-02-18,2025-02-21,2,35.83,0.0,paid_search,desktop,completed,71.66
BKG-006379,SES-116854,USR-07455,EXP-0194,2025-01-02,2025-01-30,3,92.11,0.0,paid_search,mobile,completed,276.33
BKG-006380,SES-116908,USR-05192,EXP-0079,2024-09-27,2024-10-16,4,92.01,0.0,paid_search,mobile,completed,368.04
BKG-006381,SES-116939,USR-01861,EXP-0136,2025-03-15,2025-03-25,3,40.97,0.0,paid_search,desktop,completed,122.91
BKG-006382,SES-116970,USR-06127,EXP-0209,2024-10-16,2024-10-18,2,81.43,0.15,paid_search,mobile,completed,138.43
BKG-006383,SES-116972,USR-03082,EXP-0226,2024-08-05,2024-08-08,2,140.41,0.0,paid_search,tablet,completed,280.82
BKG-006384,SES-116978,USR-00192,EXP-0047,2024-11-20,2024-11-25,2,133.68,0.0,paid_search,desktop,completed,267.36
BKG-006385,SES-116992,USR-06480,EXP-0150,2024-09-10,2024-11-09,2,88.3,0.0,paid_search,desktop,completed,176.6
BKG-006386,SES-117006,USR-05356,EXP-0150,2024-07-26,2024-08-01,3,88.87,0.0,organic,mobile,completed,266.61
BKG-006387,SES-117058,USR-01360,EXP-0288,2024-12-26,2025-01-19,3,77.37,0.0,paid_search,mobile,completed,232.11
BKG-006388,SES-117064,USR-06669,EXP-0151,2025-01-08,2025-01-13,2,60.5,0.0,paid_search,desktop,completed,121.0
BKG-006389,SES-117073,USR-05023,EXP-0186,2024-10-12,2024-10-14,3,55.85,0.14,paid_search,tablet,completed,144.09
BKG-006390,SES-117088,USR-06672,EXP-0040,2024-09-20,2024-10-04,2,182.9,0.0,social,desktop,cancelled,365.8
BKG-006391,SES-117110,USR-06314,EXP-0014,2024-07-31,2024-08-04,1,113.6,0.16,paid_search,mobile,completed,95.42
BKG-006392,SES-117111,USR-05829,EXP-0168,2024-11-19,2024-12-04,2,155.81,0.0,email,desktop,completed,311.62
BKG-006393,SES-117116,USR-04413,EXP-0030,2024-12-12,2025-01-14,5,92.71,0.11,organic,desktop,completed,412.56
BKG-006394,SES-117123,USR-03773,EXP-0127,2025-04-01,2025-04-10,2,68.13,0.0,organic,desktop,completed,136.26
BKG-006395,SES-117139,USR-03542,EXP-0270,2025-04-10,2025-05-08,2,91.45,0.0,paid_search,desktop,completed,182.9
BKG-006396,SES-117164,USR-05353,EXP-0173,2025-06-28,2025-06-29,4,71.46,0.0,affiliates,desktop,completed,285.84
BKG-006397,SES-117195,USR-03147,EXP-0160,2025-02-11,2025-02-28,3,87.38,0.0,paid_search,mobile,completed,262.14
BKG-006398,SES-117215,USR-06511,EXP-0023,2024-07-16,2024-07-30,2,43.27,0.0,referral,mobile,completed,86.54
BKG-006399,SES-117216,USR-05334,EXP-0217,2025-02-02,2025-02-18,2,44.58,0.0,affiliates,desktop,completed,89.16
BKG-006400,SES-117227,USR-07035,EXP-0226,2024-11-03,2024-11-04,2,144.7,0.13,affiliates,mobile,cancelled,251.78
BKG-006401,SES-117234,USR-00090,EXP-0157,2024-12-23,2025-01-01,2,105.53,0.0,paid_search,mobile,completed,211.06
BKG-006402,SES-117239,USR-03275,EXP-0204,2025-06-27,2025-07-11,4,85.79,0.0,organic,desktop,refunded,343.16
BKG-006403,SES-117249,USR-07940,EXP-0026,2024-09-01,2024-10-22,2,30.75,0.07,organic,mobile,completed,57.19
BKG-006404,SES-117274,USR-06767,EXP-0197,2025-05-30,2025-06-15,4,84.74,0.15,email,desktop,completed,288.12
BKG-006405,SES-117292,USR-03677,EXP-0249,2024-07-10,2024-07-11,4,231.9,0.15,affiliates,mobile,completed,788.46
BKG-006406,SES-117296,USR-00035,EXP-0193,2024-07-30,2024-08-03,6,72.96,0.16,referral,desktop,completed,367.72
BKG-006407,SES-117318,USR-00021,EXP-0124,2024-07-22,2024-09-01,2,83.62,0.0,organic,desktop,completed,167.24
BKG-006408,SES-117331,USR-01108,EXP-0032,2025-06-29,2025-07-10,1,85.26,0.0,referral,mobile,completed,85.26
BKG-006409,SES-117349,USR-06669,EXP-0004,2025-03-10,2025-04-16,4,53.64,0.13,referral,mobile,completed,186.67
BKG-006410,SES-117350,USR-06334,EXP-0288,2025-03-05,2025-03-08,2,82.72,0.0,social,desktop,completed,165.44
BKG-006411,SES-117366,USR-00498,EXP-0057,2025-04-18,2025-05-02,2,95.94,0.2,paid_search,desktop,completed,153.5
BKG-006412,SES-117388,USR-06096,EXP-0262,2025-03-09,2025-04-23,1,108.54,0.06,affiliates,mobile,refunded,102.03
BKG-006413,SES-117409,USR-03051,EXP-0052,2024-08-03,2024-08-24,2,74.96,0.0,paid_search,mobile,completed,149.92
BKG-006414,SES-117460,USR-02476,EXP-0160,2024-08-08,2024-08-17,4,80.95,0.0,paid_search,mobile,completed,323.8
BKG-006415,SES-117468,USR-01920,EXP-0083,2025-03-26,2025-04-05,5,79.79,0.0,organic,desktop,completed,398.95
BKG-006416,SES-117473,USR-02600,EXP-0250,2024-11-23,2024-12-18,2,55.11,0.15,organic,mobile,completed,93.69
BKG-006417,SES-117481,USR-04179,EXP-0217,2025-05-08,2025-05-11,5,49.27,0.0,email,mobile,completed,246.35
BKG-006418,SES-117491,USR-05598,EXP-0021,2025-02-01,2025-02-21,3,79.11,0.0,organic,mobile,completed,237.33
BKG-006419,SES-117517,USR-06524,EXP-0234,2025-04-16,2025-05-03,2,96.97,0.0,paid_search,desktop,completed,193.94
BKG-006420,SES-117528,USR-03772,EXP-0151,2025-05-04,2025-05-05,2,60.32,0.0,affiliates,mobile,completed,120.64
BKG-006421,SES-117543,USR-07524,EXP-0270,2024-10-06,2024-10-17,3,92.82,0.0,social,desktop,refunded,278.46
BKG-006422,SES-117546,USR-06580,EXP-0080,2024-11-01,2024-11-06,2,78.19,0.0,affiliates,mobile,cancelled,156.38
BKG-006423,SES-117558,USR-04138,EXP-0253,2025-05-02,2025-06-07,2,53.06,0.11,paid_search,desktop,completed,94.45
BKG-006424,SES-117591,USR-00535,EXP-0219,2025-05-16,2025-06-21,4,212.97,0.0,paid_search,desktop,completed,851.88
BKG-006425,SES-117596,USR-05329,EXP-0159,2025-03-02,2025-03-07,1,61.89,0.12,organic,desktop,completed,54.46
BKG-006426,SES-117639,USR-07011,EXP-0141,2024-09-22,2024-09-27,2,46.53,0.0,social,mobile,completed,93.06
BKG-006427,SES-117679,USR-07273,EXP-0034,2024-12-08,2024-12-25,2,100.37,0.0,social,desktop,completed,200.74
BKG-006428,SES-117689,USR-05694,EXP-0141,2025-03-04,2025-03-21,2,49.93,0.0,referral,mobile,cancelled,99.86
BKG-006429,SES-117748,USR-04174,EXP-0141,2025-03-01,2025-03-21,2,45.33,0.0,paid_search,desktop,completed,90.66
BKG-006430,SES-117766,USR-04050,EXP-0149,2025-04-12,2025-04-21,2,57.67,0.0,paid_search,mobile,completed,115.34
BKG-006431,SES-117773,USR-02486,EXP-0090,2025-05-15,2025-06-11,1,126.47,0.0,paid_search,desktop,completed,126.47
BKG-006432,SES-117782,USR-04391,EXP-0068,2024-08-12,2024-08-26,2,114.02,0.0,paid_search,desktop,completed,228.04
BKG-006433,SES-117804,USR-04620,EXP-0189,2025-01-29,2025-02-11,4,90.03,0.0,organic,mobile,cancelled,360.12
BKG-006434,SES-117816,USR-01975,EXP-0297,2025-06-01,2025-06-24,5,87.38,0.0,organic,desktop,completed,436.9
BKG-006435,SES-117818,USR-06388,EXP-0227,2024-12-18,2024-12-24,3,92.42,0.1,paid_search,mobile,completed,249.53
BKG-006436,SES-117888,USR-06965,EXP-0283,2025-02-26,2025-03-12,1,149.28,0.16,paid_search,tablet,completed,125.4
BKG-006437,SES-117892,USR-02893,EXP-0256,2025-06-21,2025-06-22,2,38.6,0.0,organic,mobile,completed,77.2
BKG-006438,SES-117895,USR-00189,EXP-0205,2024-10-28,2024-11-02,2,133.97,0.0,paid_search,desktop,cancelled,267.94
BKG-006439,SES-117909,USR-07947,EXP-0031,2024-08-15,2024-08-18,3,63.6,0.0,paid_search,mobile,completed,190.8
BKG-006440,SES-117922,USR-02637,EXP-0093,2024-09-29,2024-09-30,1,48.24,0.09,organic,mobile,completed,43.9
BKG-006441,SES-117940,USR-04850,EXP-0063,2025-01-04,2025-01-09,1,92.18,0.11,paid_search,desktop,completed,82.04
BKG-006442,SES-117948,USR-05451,EXP-0150,2024-09-15,2024-10-09,1,88.49,0.08,organic,desktop,completed,81.41
BKG-006443,SES-117979,USR-02921,EXP-0176,2024-08-10,2024-08-11,2,60.13,0.0,email,mobile,completed,120.26
BKG-006444,SES-117988,USR-04270,EXP-0024,2024-12-07,2024-12-13,2,100.0,0.17,affiliates,mobile,completed,166.0
BKG-006445,SES-118012,USR-06096,EXP-0155,2024-10-12,2024-12-01,3,58.3,0.14,affiliates,mobile,completed,150.41
BKG-006446,SES-118017,USR-00009,EXP-0180,2024-07-20,2024-07-27,1,196.23,0.06,paid_search,desktop,cancelled,184.46
BKG-006447,SES-118050,USR-03722,EXP-0156,2025-04-15,2025-04-16,2,53.6,0.19,referral,tablet,completed,86.83
BKG-006448,SES-118056,USR-04631,EXP-0021,2025-05-22,2025-05-28,4,92.59,0.0,social,mobile,completed,370.36
BKG-006449,SES-118082,USR-05690,EXP-0259,2025-04-29,2025-06-02,3,128.7,0.12,referral,mobile,completed,339.77
BKG-006450,SES-118107,USR-05919,EXP-0282,2025-02-04,2025-02-10,1,193.02,0.0,social,desktop,completed,193.02
BKG-006451,SES-118153,USR-02569,EXP-0071,2024-09-24,2024-10-16,2,60.76,0.15,organic,desktop,completed,103.29
BKG-006452,SES-118157,USR-04725,EXP-0239,2025-05-15,2025-06-14,3,158.99,0.0,paid_search,mobile,completed,476.97
BKG-006453,SES-118197,USR-07914,EXP-0246,2024-07-22,2024-07-24,1,126.34,0.0,paid_search,desktop,completed,126.34
BKG-006454,SES-118198,USR-00340,EXP-0260,2025-05-21,2025-05-23,4,52.83,0.08,social,desktop,completed,194.41
BKG-006455,SES-118199,USR-03711,EXP-0130,2025-05-12,2025-05-15,2,99.94,0.0,paid_search,tablet,completed,199.88
BKG-006456,SES-118204,USR-04354,EXP-0142,2024-08-04,2024-09-02,2,88.81,0.14,paid_search,desktop,completed,152.75
BKG-006457,SES-118217,USR-04326,EXP-0218,2024-07-04,2024-07-19,3,52.52,0.0,organic,desktop,completed,157.56
BKG-006458,SES-118248,USR-06538,EXP-0170,2024-10-17,2024-11-10,2,190.47,0.11,organic,desktop,cancelled,339.04
BKG-006459,SES-118264,USR-06170,EXP-0294,2025-05-10,2025-05-21,1,72.78,0.08,paid_search,mobile,completed,66.96
BKG-006460,SES-118278,USR-03881,EXP-0024,2024-11-11,2024-11-30,6,91.59,0.0,organic,mobile,completed,549.54
BKG-006461,SES-118280,USR-03183,EXP-0084,2024-10-16,2024-11-03,4,70.15,0.0,organic,desktop,completed,280.6
BKG-006462,SES-118282,USR-01904,EXP-0131,2024-09-12,2024-09-20,2,93.27,0.12,organic,tablet,completed,164.16
BKG-006463,SES-118408,USR-04143,EXP-0124,2024-07-03,2024-07-13,2,85.69,0.0,referral,mobile,completed,171.38
BKG-006464,SES-118409,USR-07055,EXP-0109,2024-07-26,2024-07-27,5,74.77,0.0,email,mobile,completed,373.85
BKG-006465,SES-118416,USR-05932,EXP-0257,2025-04-03,2025-04-04,2,101.43,0.0,paid_search,mobile,completed,202.86
BKG-006466,SES-118429,USR-01375,EXP-0012,2025-05-04,2025-05-20,2,69.7,0.0,affiliates,mobile,cancelled,139.4
BKG-006467,SES-118438,USR-02298,EXP-0042,2024-07-06,2024-08-06,1,128.18,0.0,organic,mobile,completed,128.18
BKG-006468,SES-118574,USR-05825,EXP-0286,2024-07-10,2024-07-23,2,54.53,0.06,social,tablet,completed,102.52
BKG-006469,SES-118587,USR-05601,EXP-0294,2025-05-09,2025-06-20,2,83.01,0.0,paid_search,mobile,completed,166.02
BKG-006470,SES-118624,USR-03485,EXP-0028,2024-09-30,2024-10-01,2,59.22,0.0,paid_search,mobile,completed,118.44
BKG-006471,SES-118627,USR-04120,EXP-0003,2024-08-31,2024-09-02,2,94.94,0.0,organic,mobile,completed,189.88
BKG-006472,SES-118651,USR-05818,EXP-0096,2024-10-23,2024-11-05,2,115.73,0.0,paid_search,mobile,completed,231.46
BKG-006473,SES-118674,USR-07753,EXP-0015,2025-05-03,2025-05-28,4,30.83,0.0,paid_search,mobile,completed,123.32
BKG-006474,SES-118677,USR-05113,EXP-0112,2024-08-05,2024-08-14,1,45.73,0.2,email,desktop,completed,36.58
BKG-006475,SES-118708,USR-02514,EXP-0085,2024-11-14,2024-11-15,2,199.01,0.0,referral,mobile,completed,398.02
BKG-006476,SES-118717,USR-01655,EXP-0105,2024-10-20,2024-10-23,6,70.92,0.0,organic,desktop,completed,425.52
BKG-006477,SES-118720,USR-06425,EXP-0202,2025-04-12,2025-04-27,2,45.55,0.0,social,desktop,completed,91.1
BKG-006478,SES-118721,USR-05129,EXP-0086,2024-10-03,2024-11-04,6,30.63,0.0,organic,mobile,completed,183.78
BKG-006479,SES-118740,USR-04487,EXP-0020,2025-04-28,2025-05-31,1,128.79,0.0,paid_search,mobile,completed,128.79
BKG-006480,SES-118742,USR-05033,EXP-0090,2024-09-05,2024-09-15,5,132.88,0.0,organic,mobile,completed,664.4
BKG-006481,SES-118746,USR-03786,EXP-0213,2024-08-15,2024-09-27,4,98.54,0.0,paid_search,mobile,completed,394.16
BKG-006482,SES-118780,USR-03094,EXP-0024,2025-05-30,2025-06-07,1,89.84,0.0,paid_search,desktop,completed,89.84
BKG-006483,SES-118802,USR-06751,EXP-0162,2024-09-23,2024-09-24,2,66.56,0.11,paid_search,desktop,completed,118.48
BKG-006484,SES-118903,USR-04399,EXP-0129,2024-11-27,2024-12-02,2,163.57,0.0,organic,desktop,completed,327.14
BKG-006485,SES-118920,USR-00419,EXP-0201,2025-02-04,2025-02-07,2,66.23,0.0,social,mobile,completed,132.46
BKG-006486,SES-118952,USR-04248,EXP-0197,2025-06-25,2025-07-06,2,80.95,0.0,paid_search,desktop,cancelled,161.9
BKG-006487,SES-118972,USR-00440,EXP-0098,2024-12-18,2024-12-21,3,83.89,0.0,paid_search,mobile,completed,251.67
BKG-006488,SES-118992,USR-00947,EXP-0298,2024-12-19,2024-12-20,2,85.64,0.0,paid_search,desktop,completed,171.28
BKG-006489,SES-118993,USR-05636,EXP-0213,2025-02-28,2025-03-03,2,89.68,0.0,email,desktop,completed,179.36
BKG-006490,SES-118996,USR-04649,EXP-0167,2025-03-06,2025-04-14,1,86.86,0.08,paid_search,mobile,refunded,79.91
BKG-006491,SES-119004,USR-06276,EXP-0007,2024-12-29,2025-01-02,1,130.94,0.0,organic,desktop,completed,130.94
BKG-006492,SES-119008,USR-00485,EXP-0147,2025-02-01,2025-02-02,1,34.12,0.0,organic,desktop,completed,34.12
BKG-006493,SES-119015,USR-07194,EXP-0226,2024-12-13,2025-01-02,6,123.92,0.0,paid_search,desktop,completed,743.52
BKG-006494,SES-119017,USR-06184,EXP-0109,2025-05-07,2025-05-28,2,74.18,0.0,organic,mobile,completed,148.36
BKG-006495,SES-119045,USR-03333,EXP-0159,2025-01-29,2025-02-19,6,62.61,0.0,organic,mobile,completed,375.66
BKG-006496,SES-119049,USR-04584,EXP-0178,2024-08-09,2024-08-10,1,95.56,0.0,paid_search,mobile,completed,95.56
BKG-006497,SES-119073,USR-05850,EXP-0001,2024-08-04,2024-08-09,1,62.95,0.0,organic,mobile,cancelled,62.95
BKG-006498,SES-119074,USR-04784,EXP-0113,2025-03-14,2025-05-13,2,119.24,0.0,referral,mobile,completed,238.48
BKG-006499,SES-119088,USR-02603,EXP-0222,2025-03-11,2025-03-20,3,45.7,0.0,referral,desktop,completed,137.1
BKG-006500,SES-119114,USR-05781,EXP-0167,2025-03-12,2025-03-23,2,87.0,0.0,paid_search,desktop,cancelled,174.0
BKG-006501,SES-119139,USR-02829,EXP-0273,2025-04-01,2025-04-08,2,42.9,0.0,paid_search,desktop,completed,85.8
BKG-006502,SES-119159,USR-03008,EXP-0073,2024-12-11,2024-12-13,4,79.05,0.0,email,desktop,completed,316.2
BKG-006503,SES-119164,USR-02212,EXP-0258,2024-11-01,2024-11-15,1,130.18,0.0,affiliates,desktop,completed,130.18
BKG-006504,SES-119192,USR-01496,EXP-0221,2024-12-19,2024-12-24,2,79.63,0.0,paid_search,desktop,completed,159.26
BKG-006505,SES-119277,USR-04287,EXP-0221,2024-09-13,2024-10-04,2,79.37,0.0,email,mobile,completed,158.74
BKG-006506,SES-119295,USR-03710,EXP-0184,2024-08-15,2024-08-18,2,71.96,0.0,referral,mobile,completed,143.92
BKG-006507,SES-119307,USR-03592,EXP-0284,2024-10-23,2024-10-27,4,202.11,0.0,paid_search,desktop,completed,808.44
BKG-006508,SES-119323,USR-06394,EXP-0278,2024-10-02,2024-11-02,1,63.39,0.0,organic,mobile,completed,63.39
BKG-006509,SES-119324,USR-00757,EXP-0142,2024-12-03,2024-12-07,2,88.2,0.18,organic,mobile,completed,144.65
BKG-006510,SES-119349,USR-00441,EXP-0033,2024-07-01,2024-07-12,1,72.25,0.12,affiliates,desktop,completed,63.58
BKG-006511,SES-119358,USR-06421,EXP-0152,2025-03-01,2025-03-15,1,199.98,0.0,email,mobile,cancelled,199.98
BKG-006512,SES-119363,USR-06624,EXP-0183,2025-03-17,2025-03-18,3,26.89,0.0,paid_search,desktop,completed,80.67
BKG-006513,SES-119404,USR-03390,EXP-0198,2024-09-12,2024-11-17,1,83.43,0.0,referral,mobile,completed,83.43
BKG-006514,SES-119442,USR-06938,EXP-0177,2025-04-16,2025-05-01,5,33.31,0.11,paid_search,desktop,completed,148.23
BKG-006515,SES-119452,USR-07161,EXP-0268,2024-07-16,2024-07-28,2,70.2,0.0,paid_search,desktop,completed,140.4
BKG-006516,SES-119521,USR-01587,EXP-0276,2025-03-30,2025-04-06,4,89.37,0.0,paid_search,mobile,completed,357.48
BKG-006517,SES-119537,USR-02002,EXP-0035,2025-05-09,2025-05-11,3,120.28,0.08,paid_search,mobile,completed,331.97
BKG-006518,SES-119587,USR-07260,EXP-0190,2025-02-15,2025-02-21,5,77.47,0.14,paid_search,mobile,completed,333.12
BKG-006519,SES-119616,USR-04479,EXP-0162,2024-07-28,2024-08-16,3,68.64,0.0,organic,desktop,completed,205.92
BKG-006520,SES-119633,USR-01335,EXP-0091,2025-06-02,2025-06-03,2,118.01,0.0,organic,mobile,completed,236.02
BKG-006521,SES-119648,USR-04930,EXP-0037,2024-08-05,2024-08-06,6,82.86,0.05,organic,mobile,completed,472.3
BKG-006522,SES-119651,USR-06687,EXP-0193,2025-01-27,2025-02-16,3,86.18,0.0,organic,mobile,completed,258.54
BKG-006523,SES-119658,USR-00457,EXP-0266,2024-12-15,2024-12-19,3,63.86,0.0,email,mobile,completed,191.58
BKG-006524,SES-119684,USR-01391,EXP-0149,2024-08-30,2024-09-06,2,55.07,0.06,affiliates,desktop,completed,103.53
BKG-006525,SES-119685,USR-04942,EXP-0174,2024-12-27,2024-12-30,2,93.81,0.0,paid_search,desktop,completed,187.62
BKG-006526,SES-119687,USR-05798,EXP-0053,2025-05-30,2025-06-02,2,39.67,0.0,referral,mobile,completed,79.34
BKG-006527,SES-119694,USR-06378,EXP-0143,2024-07-15,2024-07-19,2,96.33,0.0,affiliates,mobile,completed,192.66
BKG-006528,SES-119725,USR-00730,EXP-0260,2025-05-01,2025-05-17,2,52.72,0.0,affiliates,mobile,completed,105.44
BKG-006529,SES-119740,USR-02551,EXP-0160,2024-10-12,2024-10-13,1,90.94,0.18,paid_search,desktop,completed,74.57
BKG-006530,SES-119779,USR-01445,EXP-0101,2025-05-09,2025-06-08,2,29.48,0.0,organic,mobile,refunded,58.96
BKG-006531,SES-119799,USR-02837,EXP-0286,2024-09-03,2024-09-16,3,49.27,0.0,social,desktop,completed,147.81
BKG-006532,SES-119810,USR-05013,EXP-0073,2024-08-11,2024-08-16,2,90.51,0.0,email,mobile,completed,181.02
BKG-006533,SES-119868,USR-01732,EXP-0173,2025-05-09,2025-05-25,2,62.3,0.0,paid_search,mobile,refunded,124.6
BKG-006534,SES-119927,USR-04283,EXP-0280,2025-01-21,2025-02-09,1,112.87,0.0,organic,mobile,completed,112.87
BKG-006535,SES-119938,USR-05067,EXP-0014,2024-09-26,2024-10-08,6,121.31,0.0,organic,mobile,completed,727.86
BKG-006536,SES-119984,USR-06410,EXP-0080,2024-08-30,2024-09-01,1,81.19,0.16,organic,desktop,completed,68.2
BKG-006537,SES-119997,USR-01962,EXP-0014,2024-11-30,2024-12-12,6,110.3,0.0,paid_search,desktop,completed,661.8
BKG-006538,SES-120000,USR-06109,EXP-0107,2024-07-20,2024-07-21,2,35.31,0.0,organic,desktop,refunded,70.62
