user_id,signup_date,country,acq_channel
USR-00001,2024-02-28,Italy,email
USR-00002,2023-06-15,UK,social
USR-00003,2024-02-03,Canada,referral
USR-00004,2024-04-29,US,social
USR-00005,2024-07-18,US,social
USR-00006,2024-10-02,US,paid_search
USR-00007,2023-12-06,US,referral
USR-00008,2024-09-06,Germany,paid_search
USR-00009,2024-09-23,US,affiliates
USR-00010,2025-01-11,India,paid_search
USR-00011,2024-07-01,UAE,email
USR-00012,2025-02-05,Italy,affiliates
USR-00013,2023-11-16,Singapore,referral
USR-00014,2024-11-22,Germany,paid_search
USR-00015,2023-07-05,UK,email
USR-00016,2023-08-18,Spain,organic
USR-00017,2025-03-19,UK,organic
USR-00018,2024-05-27,US,referral
USR-00019,2024-09-14,UK,referral
USR-00020,2024-09-01,UAE,organic
USR-00021,2024-11-10,India,affiliates
USR-00022,2023-12-04,UAE,paid_search
USR-00023,2023-10-14,India,affiliates
USR-00024,2023-07-03,France,referral
USR-00025,2025-03-19,France,affiliates
USR-00026,2023-11-17,UK,referral
USR-00027,2024-08-11,France,affiliates
USR-00028,2024-05-11,UAE,social
USR-00029,2023-10-02,Germany,organic
USR-00030,2024-04-10,UK,paid_search
USR-00031,2023-08-03,UAE,referral
USR-00032,2023-10-13,US,organic
USR-00033,2023-09-15,UK,affiliates
USR-00034,2025-02-16,UK,organic
USR-00035,2024-08-05,France,affiliates
USR-00036,2025-05-04,India,paid_search
USR-00037,2024-04-27,Singapore,referral
USR-00038,2023-11-01,US,affiliates
USR-00039,2024-09-05,Spain,paid_search
USR-00040,2025-05-07,US,email
USR-00041,2024-07-09,UAE,organic
USR-00042,2023-06-14,Spain,referral
USR-00043,2024-01-17,India,referral
USR-00044,2025-05-03,UK,organic
USR-00045,2024-06-28,Germany,organic
USR-00046,2025-05-24,Canada,paid_search
USR-00047,2024-06-22,Australia,organic
USR-00048,2023-06-10,US,referral
USR-00049,2025-03-25,Singapore,organic
USR-00050,2024-12-31,India,affiliates
USR-00051,2024-11-25,US,affiliates
USR-00052,2025-06-07,UAE,affiliates
USR-00053,2023-10-28,France,social
USR-00054,2025-04-19,Germany,organic
USR-00055,2023-11-24,Italy,referral
USR-00056,2025-06-07,India,email
USR-00057,2023-10-24,UAE,affiliates
USR-00058,2024-07-23,India,paid_search
USR-00059,2025-01-20,UK,organic
USR-00060,2023-07-30,India,affiliates
USR-00061,2023-07-21,Australia,referral
USR-00062,2025-03-07,France,organic
USR-00063,2023-07-16,UK,email
USR-00064,2024-09-09,UAE,organic
USR-00065,2025-05-14,Australia,social
USR-00066,2024-09-10,Japan,paid_search
USR-00067,2024-05-31,Germany,paid_search
USR-00068,2024-04-13,India,organic
USR-00069,2024-09-28,Germany,organic
USR-00070,2024-08-08,Spain,paid_search
USR-00071,2024-06-16,Italy,organic
USR-00072,2023-09-25,Spain,paid_search
USR-00073,2024-10-16,France,social
USR-00074,2024-12-14,UK,email
USR-00075,2024-11-20,Germany,email
USR-00076,2023-07-28,UK,organic
USR-00077,2024-11-16,UK,organic
USR-00078,2024-12-06,France,referral
USR-00079,2023-10-18,UAE,affiliates
USR-00080,2025-03-07,Italy,affiliates
USR-00081,2024-07-03,Spain,affiliates
USR-00082,2024-05-25,Italy,social
USR-00083,2024-12-01,Spain,affiliates
USR-00084,2024-06-22,Singapore,paid_search
USR-00085,2024-07-19,UK,referral
USR-00086,2024-01-24,UAE,affiliates
USR-00087,2025-05-06,UK,referral
USR-00088,2025-06-06,UK,paid_search
USR-00089,2023-09-08,UK,paid_search
USR-00090,2024-12-09,Italy,organic
USR-00091,2023-06-18,Singapore,paid_search
USR-00092,2024-03-07,Australia,referral
USR-00093,2025-06-07,Canada,email
USR-00094,2023-10-11,Japan,organic
USR-00095,2024-03-13,UK,email
USR-00096,2023-11-14,Italy,paid_search
USR-00097,2024-12-05,Italy,social
USR-00098,2024-05-18,Italy,paid_search
USR-00099,2024-08-24,UK,social
USR-00100,2025-05-17,UK,email
USR-00101,2024-06-30,Japan,email
USR-00102,2024-12-09,US,referral
USR-00103,2023-08-14,India,paid_search
USR-00104,2023-11-11,France,email
USR-00105,2025-05-20,UK,organic
USR-00106,2025-03-15,UK,paid_search
USR-00107,2024-10-12,Canada,social
USR-00108,2024-03-14,Italy,email
USR-00109,2023-10-30,Japan,affiliates
USR-00110,2025-03-09,US,paid_search
USR-00111,2025-01-17,US,referral
USR-00112,2023-12-01,India,paid_search
USR-00113,2024-08-22,France,social
USR-00114,2024-09-13,UK,referral
USR-00115,2024-05-28,Spain,email
USR-00116,2025-05-05,Canada,affiliates
USR-00117,2023-09-03,France,referral
USR-00118,2023-12-13,India,organic
USR-00119,2023-08-12,India,affiliates
USR-00120,2024-11-08,UK,affiliates
USR-00121,2024-10-02,US,paid_search
USR-00122,2025-06-20,France,organic
USR-00123,2024-07-17,France,paid_search
USR-00124,2023-09-23,Germany,referral
USR-00125,2024-05-08,Italy,affiliates
USR-00126,2023-08-07,US,referral
USR-00127,2024-10-22,UK,paid_search
USR-00128,2024-10-25,UK,organic
USR-00129,2025-03-13,UK,paid_search
USR-00130,2024-02-14,Germany,paid_search
USR-00131,2024-01-22,Spain,organic
USR-00132,2023-07-25,Japan,organic
USR-00133,2024-04-11,UAE,organic
USR-00134,2024-05-27,India,organic
USR-00135,2024-12-25,UK,referral
USR-00136,2024-12-24,India,paid_search
USR-00137,2023-09-15,India,paid_search
USR-00138,2024-01-03,Italy,social
USR-00139,2024-06-23,France,affiliates
USR-00140,2024-02-10,US,referral
USR-00141,2023-06-20,US,social
USR-00142,2025-03-04,UK,email
USR-00143,2024-12-07,Japan,email
USR-00144,2024-06-30,UK,email
USR-00145,2024-01-28,UK,paid_search
USR-00146,2025-03-02,US,social
USR-00147,2023-06-27,Spain,paid_search
USR-00148,2024-05-05,France,paid_search
USR-00149,2025-01-29,UAE,organic
USR-00150,2025-05-25,India,paid_search
USR-00151,2023-12-09,UK,paid_search
USR-00152,2024-10-07,Italy,social
USR-00153,2023-10-23,US,paid_search
USR-00154,2023-08-28,UK,organic
USR-00155,2024-02-24,Germany,paid_search
USR-00156,2025-04-03,UK,paid_search
USR-00157,2024-11-06,UK,email
USR-00158,2024-06-06,Spain,paid_search
USR-00159,2024-01-01,France,organic
USR-00160,2023-09-16,US,organic
USR-00161,2023-12-23,India,paid_search
USR-00162,2023-09-25,Singapore,organic
USR-00163,2023-10-21,UK,paid_search
USR-00164,2024-11-04,UK,social
USR-00165,2023-09-09,Germany,affiliates
USR-00166,2023-07-07,Germany,social
USR-00167,2024-07-17,Canada,organic
USR-00168,2024-01-04,India,paid_search
USR-00169,2024-05-11,UK,referral
USR-00170,2023-09-15,Germany,organic
USR-00171,2023-11-07,UAE,affiliates
USR-00172,2024-05-01,UK,social
USR-00173,2024-11-06,Germany,organic
USR-00174,2024-04-10,US,organic
USR-00175,2024-07-16,Italy,affiliates
USR-00176,2024-07-01,Italy,affiliates
USR-00177,2023-12-22,India,affiliates
USR-00178,2023-12-30,Australia,paid_search
USR-00179,2024-04-19,Canada,referral
USR-00180,2023-06-25,UK,organic
USR-00181,2024-11-02,India,paid_search
USR-00182,2024-09-09,Germany,email
USR-00183,2024-01-19,UK,affiliates
USR-00184,2024-03-11,India,paid_search
USR-00185,2024-02-05,US,paid_search
USR-00186,2024-10-08,Australia,organic
USR-00187,2024-12-29,India,paid_search
USR-00188,2023-08-22,Spain,organic
USR-00189,2024-04-10,India,affiliates
USR-00190,2023-06-11,UK,organic
USR-00191,2024-05-09,Italy,email
USR-00192,2023-12-06,UK,organic
USR-00193,2024-02-11,UK,paid_search
USR-00194,2024-05-12,India,organic
USR-00195,2024-02-02,UAE,paid_search
USR-00196,2024-03-26,India,social
USR-00197,2025-01-02,UK,social
USR-00198,2025-02-05,India,affiliates
USR-00199,2023-06-05,US,paid_search
USR-00200,2024-03-14,UK,social
USR-00201,2025-03-05,Germany,affiliates
USR-00202,2024-07-08,UK,organic
USR-00203,2023-11-04,US,affiliates
USR-00204,2024-08-25,UAE,affiliates
USR-00205,2023-09-19,Singapore,referral
USR-00206,2023-06-17,US,social
USR-00207,2024-09-23,India,email
USR-00208,2024-06-26,US,paid_search
USR-00209,2024-12-26,Australia,social
USR-00210,2024-02-18,US,affiliates
USR-00211,2025-03-11,US,organic
USR-00212,2024-04-16,France,referral
USR-00213,2024-12-12,US,paid_search
USR-00214,2023-08-16,UK,organic
USR-00215,2023-08-13,UK,social
USR-00216,2025-01-15,UAE,referral
USR-00217,2025-02-23,Germany,social
USR-00218,2025-05-17,UAE,referral
USR-00219,2024-02-02,Spain,paid_search
USR-00220,2023-06-17,India,affiliates
USR-00221,2025-06-14,Japan,social
USR-00222,2024-08-31,Singapore,referral
USR-00223,2023-12-05,Spain,organic
USR-00224,2025-01-01,Singapore,paid_search
USR-00225,2025-04-17,India,affiliates
USR-00226,2024-01-03,US,organic
USR-00227,2025-01-05,India,paid_search
USR-00228,2025-01-19,UK,referral
USR-00229,2024-06-16,France,email
USR-00230,2024-09-23,UK,affiliates
USR-00231,2023-12-22,UK,email
USR-00232,2025-05-07,Australia,affiliates
USR-00233,2025-06-17,UAE,paid_search
USR-00234,2025-06-15,Germany,social
USR-00235,2024-12-12,India,referral
USR-00236,2023-07-03,Germany,email
USR-00237,2024-03-05,Japan,organic
USR-00238,2024-05-04,UAE,paid_search
USR-00239,2025-05-30,Germany,social
USR-00240,2024-07-20,France,referral
USR-00241,2024-07-12,India,social
USR-00242,2023-09-20,Singapore,referral
USR-00243,2025-01-24,Canada,referral
USR-00244,2024-02-11,India,organic
USR-00245,2023-08-09,India,social
USR-00246,2025-06-20,India,social
USR-00247,2023-10-23,India,organic
USR-00248,2023-06-13,Canada,paid_search
USR-00249,2023-07-30,Singapore,social
USR-00250,2024-05-09,India,referral
USR-00251,2023-08-18,India,paid_search
USR-00252,2025-03-02,France,organic
USR-00253,2024-06-24,UK,paid_search
USR-00254,2024-02-02,France,referral
USR-00255,2023-06-03,Spain,social
USR-00256,2024-05-30,UAE,paid_search
USR-00257,2023-09-23,US,affiliates
USR-00258,2025-06-13,Singapore,organic
USR-00259,2024-01-08,Singapore,paid_search
USR-00260,2024-05-26,US,paid_search
USR-00261,2023-06-15,UAE,email
USR-00262,2023-09-08,Germany,referral
USR-00263,2023-11-05,Italy,organic
USR-00264,2023-07-10,UK,referral
USR-00265,2024-12-03,US,email
USR-00266,2025-05-19,France,affiliates
USR-00267,2025-06-18,UK,affiliates
USR-00268,2023-12-20,India,referral
USR-00269,2025-01-20,Spain,organic
USR-00270,2024-06-18,UK,paid_search
USR-00271,2023-07-05,France,affiliates
USR-00272,2023-08-08,Canada,social
USR-00273,2024-07-21,France,social
USR-00274,2024-04-17,France,affiliates
USR-00275,2023-06-07,Germany,affiliates
USR-00276,2025-05-07,US,email
USR-00277,2024-12-07,UK,affiliates
USR-00278,2024-06-16,UAE,organic
USR-00279,2025-06-20,India,referral
USR-00280,2025-06-08,US,affiliates
USR-00281,2025-06-10,UK,organic
USR-00282,2023-12-14,Italy,organic
USR-00283,2025-03-31,UK,referral
USR-00284,2024-06-18,Singapore,social
USR-00285,2024-12-03,India,organic
USR-00286,2025-03-15,Germany,organic
USR-00287,2023-10-03,US,paid_search
USR-00288,2024-05-06,UK,paid_search
USR-00289,2023-09-06,Germany,affiliates
USR-00290,2023-12-30,Singapore,social
USR-00291,2024-04-10,US,email
USR-00292,2025-03-12,France,organic
USR-00293,2025-03-17,France,paid_search
USR-00294,2024-03-23,US,paid_search
USR-00295,2024-02-06,Germany,affiliates
USR-00296,2024-07-08,UK,affiliates
USR-00297,2025-04-24,France,paid_search
USR-00298,2025-06-12,UK,affiliates
USR-00299,2023-11-20,France,organic
USR-00300,2023-10-20,India,paid_search
USR-00301,2024-11-19,France,referral
USR-00302,2024-01-16,France,paid_search
USR-00303,2023-10-30,Japan,affiliates
USR-00304,2023-06-24,France,organic
USR-00305,2024-04-02,Spain,referral
USR-00306,2024-03-24,US,organic
USR-00307,2024-08-01,India,organic
USR-00308,2023-10-31,UK,paid_search
USR-00309,2024-11-24,India,affiliates
USR-00310,2024-10-29,UAE,social
USR-00311,2024-05-17,Italy,social
USR-00312,2023-10-16,Germany,organic
USR-00313,2024-06-20,UAE,organic
USR-00314,2024-10-25,US,organic
USR-00315,2024-03-10,UK,referral
USR-00316,2023-12-18,Spain,organic
USR-00317,2024-06-19,US,paid_search
USR-00318,2024-02-25,UK,social
USR-00319,2024-03-31,Australia,social
USR-00320,2024-02-21,Australia,paid_search
USR-00321,2024-01-17,Germany,organic
USR-00322,2024-11-26,India,paid_search
USR-00323,2024-05-15,Italy,email
USR-00324,2024-05-20,US,organic
USR-00325,2024-10-09,India,email
USR-00326,2024-03-01,India,organic
USR-00327,2023-08-16,Japan,affiliates
USR-00328,2025-03-09,Japan,affiliates
USR-00329,2023-07-13,UAE,organic
USR-00330,2024-08-08,UK,paid_search
USR-00331,2023-12-20,France,paid_search
USR-00332,2023-11-10,US,referral
USR-00333,2023-07-02,Japan,social
USR-00334,2025-04-15,UK,social
USR-00335,2024-04-22,UK,organic
USR-00336,2024-02-16,Singapore,organic
USR-00337,2024-12-15,France,email
USR-00338,2023-06-30,Italy,social
USR-00339,2024-08-03,UK,referral
USR-00340,2024-06-10,Spain,referral
USR-00341,2024-07-25,UK,social
USR-00342,2023-09-03,UK,social
USR-00343,2025-05-24,France,affiliates
USR-00344,2023-11-29,US,referral
USR-00345,2024-10-28,Germany,affiliates
USR-00346,2024-12-19,UK,affiliates
USR-00347,2024-02-17,UK,paid_search
USR-00348,2023-09-08,Singapore,email
USR-00349,2024-01-12,US,email
USR-00350,2025-02-03,UAE,organic
USR-00351,2025-04-19,Singapore,social
USR-00352,2025-05-13,UK,paid_search
USR-00353,2023-11-19,Spain,paid_search
USR-00354,2024-09-03,US,organic
USR-00355,2023-09-23,India,email
USR-00356,2024-11-21,UK,email
USR-00357,2024-04-12,Italy,social
USR-00358,2024-11-24,Germany,organic
USR-00359,2024-11-02,France,social
USR-00360,2025-06-24,Australia,organic
USR-00361,2024-06-06,India,paid_search
USR-00362,2024-02-15,Japan,paid_search
USR-00363,2024-07-05,Singapore,affiliates
USR-00364,2023-10-02,Japan,paid_search
USR-00365,2023-08-24,Japan,social
USR-00366,2024-06-29,Canada,affiliates
USR-00367,2025-02-17,UK,paid_search
USR-00368,2024-07-10,Spain,affiliates
USR-00369,2025-01-15,Spain,organic
USR-00370,2023-10-14,UAE,paid_search
USR-00371,2024-05-07,US,organic
USR-00372,2024-09-08,Australia,social
USR-00373,2024-02-20,US,affiliates
USR-00374,2023-06-11,France,social
USR-00375,2023-07-26,France,social
USR-00376,2025-05-06,US,organic
USR-00377,2024-09-02,Singapore,affiliates
USR-00378,2023-12-19,UK,paid_search
USR-00379,2023-12-14,Singapore,organic
USR-00380,2023-07-01,Italy,affiliates
USR-00381,2025-05-19,India,paid_search
USR-00382,2023-08-22,Singapore,paid_search
USR-00383,2024-12-29,UK,organic
USR-00384,2023-11-30,Italy,organic
USR-00385,2024-02-11,Australia,referral
USR-00386,2023-12-26,UK,paid_search
USR-00387,2025-02-16,Singapore,affiliates
USR-00388,2023-06-25,France,organic
USR-00389,2024-02-23,Germany,social
USR-00390,2023-12-30,Singapore,email
USR-00391,2023-12-25,France,social
USR-00392,2023-10-25,Germany,social
USR-00393,2025-04-24,US,social
USR-00394,2024-03-14,India,email
USR-00395,2024-04-13,Italy,affiliates
USR-00396,2024-03-19,UK,paid_search
USR-00397,2025-06-14,Germany,paid_search
USR-00398,2024-02-13,US,social
USR-00399,2024-02-15,Italy,paid_search
USR-00400,2024-02-05,Germany,organic
USR-00401,2024-02-04,India,affiliates
USR-00402,2023-08-08,US,organic
USR-00403,2024-09-02,France,organic
USR-00404,2023-06-20,Australia,social
USR-00405,2023-11-19,France,organic
USR-00406,2023-11-01,France,organic
USR-00407,2024-01-08,Singapore,organic
USR-00408,2024-12-27,India,organic
USR-00409,2024-08-29,India,paid_search
USR-00410,2025-06-23,India,referral
USR-00411,2024-02-22,UK,paid_search
USR-00412,2025-05-06,Singapore,paid_search
USR-00413,2023-07-05,Italy,social
USR-00414,2024-06-18,Japan,paid_search
USR-00415,2025-01-28,Japan,paid_search
USR-00416,2024-07-09,France,paid_search
USR-00417,2025-05-10,US,paid_search
USR-00418,2024-01-26,UAE,paid_search
USR-00419,2023-06-26,Australia,organic
USR-00420,2025-01-09,Singapore,affiliates
USR-00421,2023-07-22,France,affiliates
USR-00422,2025-01-02,UAE,affiliates
USR-00423,2024-12-09,Spain,organic
USR-00424,2025-03-03,Japan,referral
USR-00425,2024-05-29,Spain,social
USR-00426,2025-04-11,France,organic
USR-00427,2023-10-08,US,affiliates
USR-00428,2024-04-26,France,referral
USR-00429,2023-09-01,India,organic
USR-00430,2025-01-03,Australia,affiliates
USR-00431,2024-11-24,France,organic
USR-00432,2025-02-02,France,paid_search
USR-00433,2025-01-01,India,organic
USR-00434,2024-01-21,UAE,organic
USR-00435,2023-07-22,France,affiliates
USR-00436,2025-05-07,UK,social
USR-00437,2024-06-09,Italy,organic
USR-00438,2023-08-11,India,referral
USR-00439,2025-05-05,France,affiliates
USR-00440,2025-06-25,US,affiliates
USR-00441,2024-05-04,Germany,affiliates
USR-00442,2025-01-06,Singapore,affiliates
USR-00443,2023-06-28,Japan,social
USR-00444,2023-08-10,UK,paid_search
USR-00445,2023-12-28,Canada,affiliates
USR-00446,2024-10-11,Singapore,organic
USR-00447,2023-09-10,US,organic
USR-00448,2023-06-26,US,paid_search
USR-00449,2024-10-21,US,organic
USR-00450,2025-01-06,Italy,social
USR-00451,2024-12-13,US,affiliates
USR-00452,2025-01-28,France,paid_search
USR-00453,2025-01-31,Singapore,social
USR-00454,2024-08-31,Italy,paid_search
USR-00455,2024-06-29,UAE,email
USR-00456,2025-03-13,Singapore,organic
USR-00457,2024-02-20,US,organic
USR-00458,2023-08-14,Italy,social
USR-00459,2024-12-23,US,social
USR-00460,2023-12-27,UK,paid_search
USR-00461,2025-06-13,Canada,paid_search
USR-00462,2024-04-10,US,organic
USR-00463,2025-03-09,UK,email
USR-00464,2023-07-03,UAE,paid_search
USR-00465,2024-10-14,India,paid_search
USR-00466,2024-05-06,UK,affiliates
USR-00467,2024-05-17,Germany,email
USR-00468,2023-12-19,Singapore,organic
USR-00469,2025-06-08,Spain,social
USR-00470,2024-03-25,UK,organic
USR-00471,2025-03-08,Germany,organic
USR-00472,2024-04-19,Spain,email
USR-00473,2023-07-07,US,organic
USR-00474,2025-03-30,US,organic
USR-00475,2023-10-19,UK,affiliates
USR-00476,2023-12-23,France,email
USR-00477,2025-03-16,US,affiliates
USR-00478,2025-04-10,Singapore,affiliates
USR-00479,2025-04-27,Australia,paid_search
USR-00480,2024-04-19,US,social
USR-00481,2024-12-27,UAE,paid_search
USR-00482,2024-02-05,US,email
USR-00483,2024-12-14,UK,paid_search
USR-00484,2024-06-16,Singapore,organic
USR-00485,2023-07-10,France,organic
USR-00486,2024-04-13,Australia,referral
USR-00487,2024-05-21,Germany,organic
USR-00488,2023-12-13,UK,social
USR-00489,2024-03-11,France,affiliates
USR-00490,2024-06-17,US,email
USR-00491,2023-07-08,Italy,paid_search
USR-00492,2023-09-24,Singapore,organic
USR-00493,2025-01-03,India,affiliates
USR-00494,2024-02-23,France,social
USR-00495,2024-09-05,UAE,paid_search
USR-00496,2024-08-04,Spain,affiliates
USR-00497,2024-07-23,UK,organic
USR-00498,2024-04-10,UK,paid_search
USR-00499,2024-06-02,UK,organic
USR-00500,2025-02-16,India,organic
USR-00501,2025-06-03,France,paid_search
USR-00502,2023-12-13,UK,email
USR-00503,2024-10-21,India,paid_search
USR-00504,2025-06-07,France,email
USR-00505,2023-06-06,UK,referral
USR-00506,2025-01-17,Japan,affiliates
USR-00507,2024-06-12,Germany,organic
USR-00508,2025-06-05,India,referral
USR-00509,2024-08-13,France,organic
USR-00510,2025-02-26,India,email
USR-00511,2023-10-05,Italy,paid_search
USR-00512,2023-09-16,Germany,email
USR-00513,2025-05-05,France,organic
USR-00514,2024-07-05,Japan,social
USR-00515,2024-07-29,Italy,organic
USR-00516,2023-10-08,Spain,organic
USR-00517,2023-11-20,US,social
USR-00518,2025-02-11,UK,paid_search
USR-00519,2024-01-17,Singapore,email
USR-00520,2024-08-17,France,email
USR-00521,2024-01-27,UAE,social
USR-00522,2023-12-18,Spain,email
USR-00523,2023-10-05,US,referral
USR-00524,2025-05-07,US,affiliates
USR-00525,2025-05-15,France,organic
USR-00526,2023-08-27,US,social
USR-00527,2024-02-24,UAE,email
USR-00528,2024-08-02,Singapore,organic
USR-00529,2024-03-18,France,organic
USR-00530,2024-11-29,Singapore,organic
USR-00531,2023-12-15,France,social
USR-00532,2023-07-15,Singapore,paid_search
USR-00533,2024-02-12,US,social
USR-00534,2024-08-28,Singapore,social
USR-00535,2023-10-16,Singapore,social
USR-00536,2025-02-10,US,organic
USR-00537,2023-06-10,Germany,referral
USR-00538,2023-07-22,Italy,social
USR-00539,2024-06-21,US,organic
USR-00540,2024-06-24,Singapore,organic
USR-00541,2024-01-11,Australia,paid_search
USR-00542,2023-12-14,Italy,affiliates
USR-00543,2023-07-24,India,paid_search
USR-00544,2024-10-16,Germany,organic
USR-00545,2024-03-15,Canada,organic
USR-00546,2023-08-30,Germany,organic
USR-00547,2024-03-30,UK,paid_search
USR-00548,2025-05-13,UK,referral
USR-00549,2023-12-16,Spain,paid_search
USR-00550,2025-04-10,India,referral
USR-00551,2023-12-14,US,organic
USR-00552,2023-10-20,India,paid_search
USR-00553,2023-12-16,Singapore,referral
USR-00554,2024-02-01,France,email
USR-00555,2023-08-31,Italy,affiliates
USR-00556,2024-08-20,Singapore,organic
USR-00557,2024-02-09,Canada,paid_search
USR-00558,2024-11-27,Japan,email
USR-00559,2024-06-08,US,organic
USR-00560,2024-05-02,UAE,referral
USR-00561,2024-05-23,UK,paid_search
USR-00562,2023-09-27,Canada,organic
USR-00563,2024-11-23,US,referral
USR-00564,2023-08-19,UAE,email
USR-00565,2024-11-30,Italy,affiliates
USR-00566,2025-06-29,US,affiliates
USR-00567,2025-01-01,Italy,organic
USR-00568,2024-05-12,UK,social
USR-00569,2024-01-26,France,affiliates
USR-00570,2025-03-25,France,organic
USR-00571,2023-12-13,India,paid_search
USR-00572,2024-06-01,Germany,affiliates
USR-00573,2025-01-06,Japan,organic
USR-00574,2025-05-01,India,affiliates
USR-00575,2025-04-30,Germany,paid_search
USR-00576,2023-08-06,Italy,affiliates
USR-00577,2025-04-13,Spain,social
USR-00578,2023-08-26,UK,email
USR-00579,2024-08-18,Australia,referral
USR-00580,2025-05-07,UK,organic
USR-00581,2024-10-10,Germany,social
USR-00582,2025-05-21,Germany,affiliates
USR-00583,2024-02-17,Spain,affiliates
USR-00584,2024-01-26,UK,affiliates
USR-00585,2024-02-03,US,social
USR-00586,2024-02-25,Singapore,social
USR-00587,2024-10-31,UK,social
USR-00588,2024-05-09,France,social
USR-00589,2024-12-12,Singapore,social
USR-00590,2024-04-12,UAE,organic
USR-00591,2024-01-20,US,organic
USR-00592,2023-10-23,US,social
USR-00593,2024-07-23,Australia,paid_search
USR-00594,2025-04-13,France,paid_search
USR-00595,2025-03-14,UK,organic
USR-00596,2023-12-10,US,referral
USR-00597,2024-05-29,India,affiliates
USR-00598,2024-11-18,Canada,social
USR-00599,2024-09-08,US,affiliates
USR-00600,2023-07-22,UK,affiliates
USR-00601,2024-08-23,France,organic
USR-00602,2023-06-30,UK,organic
USR-00603,2023-08-28,US,organic
USR-00604,2024-10-09,Canada,organic
USR-00605,2023-08-17,Singapore,social
USR-00606,2024-02-13,UK,organic
USR-00607,2024-08-21,France,affiliates
USR-00608,2024-10-11,US,social
USR-00609,2024-05-04,UK,paid_search
USR-00610,2023-08-11,Germany,affiliates
USR-00611,2025-01-28,France,affiliates
USR-00612,2025-05-22,Singapore,referral
USR-00613,2025-04-06,Japan,referral
USR-00614,2024-12-20,US,affiliates
USR-00615,2024-04-01,Japan,social
USR-00616,2025-03-27,France,affiliates
USR-00617,2024-06-06,US,organic
USR-00618,2023-09-12,Italy,social
USR-00619,2025-03-08,UK,paid_search
USR-00620,2024-01-30,Germany,organic
USR-00621,2025-05-14,Singapore,organic
USR-00622,2024-03-06,US,organic
USR-00623,2025-03-22,Italy,organic
USR-00624,2024-07-13,US,organic
USR-00625,2024-05-21,Italy,paid_search
USR-00626,2024-01-12,UK,referral
USR-00627,2025-02-25,UK,social
USR-00628,2023-07-17,India,email
USR-00629,2024-05-22,Italy,organic
USR-00630,2024-03-07,UK,referral
USR-00631,2024-07-17,Italy,organic
USR-00632,2023-12-11,US,paid_search
USR-00633,2024-10-18,France,paid_search
USR-00634,2024-03-20,India,affiliates
USR-00635,2023-10-21,UK,affiliates
USR-00636,2023-10-28,Australia,referral
USR-00637,2024-11-11,France,email
USR-00638,2023-12-17,Singapore,social
USR-00639,2024-01-20,Germany,social
USR-00640,2024-09-19,France,organic
USR-00641,2024-02-06,Germany,organic
USR-00642,2024-03-21,Japan,affiliates
USR-00643,2023-12-03,Singapore,affiliates
USR-00644,2024-02-18,Germany,paid_search
USR-00645,2024-11-08,UAE,organic
USR-00646,2024-07-10,Germany,organic
USR-00647,2025-06-28,France,paid_search
USR-00648,2025-01-07,UAE,organic
USR-00649,2023-06-13,France,social
USR-00650,2024-03-14,Singapore,organic
USR-00651,2024-01-07,Australia,organic
USR-00652,2024-08-20,Australia,organic
USR-00653,2023-12-19,Italy,referral
USR-00654,2025-06-04,Germany,paid_search
USR-00655,2024-01-14,Singapore,paid_search
USR-00656,2024-07-01,US,social
USR-00657,2023-09-02,France,referral
USR-00658,2025-04-22,US,paid_search
USR-00659,2025-04-24,UK,email
USR-00660,2025-01-24,Australia,organic
USR-00661,2024-02-23,Italy,social
USR-00662,2023-07-15,France,paid_search
USR-00663,2024-11-22,US,affiliates
USR-00664,2024-04-22,Singapore,affiliates
USR-00665,2025-06-22,France,referral
USR-00666,2024-11-12,Spain,affiliates
USR-00667,2024-07-14,Canada,organic
USR-00668,2025-06-19,India,social
USR-00669,2025-01-29,US,organic
USR-00670,2024-05-14,US,organic
USR-00671,2023-06-15,UK,social
USR-00672,2023-08-10,India,email
USR-00673,2024-05-03,UK,email
USR-00674,2024-08-01,UK,affiliates
USR-00675,2023-06-23,US,social
USR-00676,2023-09-05,UK,affiliates
USR-00677,2024-11-17,Singapore,affiliates
USR-00678,2024-12-23,UK,referral
USR-00679,2023-06-23,Italy,organic
USR-00680,2024-06-20,US,social
USR-00681,2023-08-01,UK,email
USR-00682,2024-12-01,UK,affiliates
USR-00683,2025-02-23,Singapore,organic
USR-00684,2025-03-22,US,paid_search
USR-00685,2024-08-28,France,paid_search
USR-00686,2024-09-21,UK,organic
USR-00687,2025-05-05,Canada,referral
USR-00688,2024-09-08,UK,organic
USR-00689,2024-05-05,India,paid_search
USR-00690,2024-12-25,Italy,email
USR-00691,2024-08-23,US,paid_search
USR-00692,2025-03-02,US,organic
USR-00693,2024-07-03,Spain,social
USR-00694,2025-03-22,US,social
USR-00695,2023-07-05,UK,affiliates
USR-00696,2023-06-28,India,email
USR-00697,2023-08-15,UK,affiliates
USR-00698,2024-07-27,Japan,organic
USR-00699,2024-11-20,UAE,referral
USR-00700,2023-11-12,Germany,social
USR-00701,2023-09-27,US,email
USR-00702,2025-03-15,Singapore,paid_search
USR-00703,2024-12-22,UAE,organic
USR-00704,2024-10-05,UK,organic
USR-00705,2024-06-06,Japan,referral
USR-00706,2024-04-15,Germany,referral
USR-00707,2023-06-16,Spain,organic
USR-00708,2023-10-21,US,social
USR-00709,2025-04-12,UK,email
USR-00710,2024-02-13,Singapore,social
USR-00711,2024-11-17,Spain,paid_search
USR-00712,2024-11-16,India,affiliates
USR-00713,2024-01-22,UK,social
USR-00714,2023-11-03,Spain,email
USR-00715,2024-11-07,US,social
USR-00716,2023-08-11,India,email
USR-00717,2024-06-11,UAE,organic
USR-00718,2025-04-05,UK,affiliates
USR-00719,2024-11-22,UK,organic
USR-00720,2025-01-01,UK,referral
USR-00721,2023-08-03,Japan,affiliates
USR-00722,2023-10-30,India,social
USR-00723,2023-12-27,UAE,social
USR-00724,2024-01-09,Canada,organic
USR-00725,2023-10-26,UAE,paid_search
USR-00726,2025-06-08,France,social
USR-00727,2023-10-04,France,organic
USR-00728,2024-11-20,India,organic
USR-00729,2024-08-19,Germany,affiliates
USR-00730,2024-09-06,Australia,paid_search
USR-00731,2023-11-11,Spain,paid_search
USR-00732,2024-01-20,India,organic
USR-00733,2024-09-03,India,social
USR-00734,2024-01-14,Japan,paid_search
USR-00735,2024-11-09,UK,referral
USR-00736,2023-07-01,Italy,paid_search
USR-00737,2023-07-26,US,organic
USR-00738,2024-12-05,Singapore,paid_search
USR-00739,2024-09-11,Spain,organic
USR-00740,2023-07-03,France,referral
USR-00741,2025-04-14,US,organic
USR-00742,2023-06-04,Italy,organic
USR-00743,2025-05-27,India,paid_search
USR-00744,2024-12-06,India,organic
USR-00745,2025-06-20,France,social
USR-00746,2025-05-22,France,paid_search
USR-00747,2024-01-24,UAE,affiliates
USR-00748,2024-12-26,UK,organic
USR-00749,2023-11-08,France,social
USR-00750,2024-05-24,Japan,email
USR-00751,2023-11-30,UK,organic
USR-00752,2024-06-04,France,social
USR-00753,2025-03-24,UAE,affiliates
USR-00754,2024-04-27,Japan,referral
USR-00755,2023-08-10,Germany,affiliates
USR-00756,2024-02-02,Italy,email
USR-00757,2025-01-18,US,paid_search
USR-00758,2024-07-01,India,affiliates
USR-00759,2024-07-30,Australia,organic
USR-00760,2024-04-23,Japan,social
USR-00761,2024-01-09,Germany,referral
USR-00762,2024-08-28,France,affiliates
USR-00763,2024-09-24,France,affiliates
USR-00764,2025-04-13,UK,organic
USR-00765,2024-09-12,Japan,email
USR-00766,2025-06-26,Spain,organic
USR-00767,2025-02-18,France,referral
USR-00768,2023-07-30,US,email
USR-00769,2024-03-25,India,organic
USR-00770,2024-03-19,UK,referral
USR-00771,2023-06-03,Singapore,paid_search
USR-00772,2023-10-16,Germany,social
USR-00773,2024-12-31,US,affiliates
USR-00774,2024-02-23,UAE,social
USR-00775,2023-09-21,Canada,social
USR-00776,2024-01-05,UK,organic
USR-00777,2023-12-26,France,organic
USR-00778,2023-10-11,France,organic
USR-00779,2023-08-16,US,paid_search
USR-00780,2025-01-01,Germany,paid_search
USR-00781,2025-02-16,Germany,social
USR-00782,2024-06-12,UK,email
USR-00783,2024-09-10,UK,organic
USR-00784,2025-04-29,Italy,social
USR-00785,2025-03-02,India,affiliates
USR-00786,2023-06-25,UAE,organic
USR-00787,2025-05-25,UAE,social
USR-00788,2023-07-21,Italy,organic
USR-00789,2023-06-21,Singapore,social
USR-00790,2024-04-02,Italy,email
USR-00791,2024-12-18,UAE,organic
USR-00792,2023-08-01,France,paid_search
USR-00793,2024-01-09,India,affiliates
USR-00794,2023-12-17,India,organic
USR-00795,2024-03-29,India,email
USR-00796,2025-06-19,UK,social
USR-00797,2024-02-07,India,organic
USR-00798,2023-11-06,India,email
USR-00799,2023-09-01,UK,social
USR-00800,2023-10-29,US,organic
USR-00801,2023-09-10,Singapore,affiliates
USR-00802,2024-08-09,Germany,paid_search
USR-00803,2024-04-15,Spain,email
USR-00804,2024-06-13,Germany,organic
USR-00805,2025-02-22,Italy,organic
USR-00806,2024-08-15,Spain,email
USR-00807,2023-09-26,UK,email
USR-00808,2024-03-13,Canada,organic
USR-00809,2024-01-24,UK,email
USR-00810,2025-02-18,Germany,paid_search
USR-00811,2024-01-20,Spain,paid_search
USR-00812,2023-09-14,India,referral
USR-00813,2024-12-11,Germany,social
USR-00814,2024-04-21,India,paid_search
USR-00815,2023-08-12,UK,referral
USR-00816,2024-11-06,UK,social
USR-00817,2023-11-07,UK,affiliates
USR-00818,2025-03-21,UK,referral
USR-00819,2025-02-22,Germany,paid_search
USR-00820,2024-03-07,France,paid_search
USR-00821,2024-07-27,France,affiliates
USR-00822,2024-08-05,Singapore,affiliates
USR-00823,2024-10-09,UK,organic
USR-00824,2023-07-23,US,organic
USR-00825,2024-02-02,Spain,paid_search
USR-00826,2023-10-08,Japan,affiliates
USR-00827,2024-11-12,France,affiliates
USR-00828,2023-07-23,UK,referral
USR-00829,2024-06-27,Spain,organic
USR-00830,2024-12-05,Japan,affiliates
USR-00831,2025-05-21,India,organic
USR-00832,2024-01-05,US,paid_search
USR-00833,2023-06-07,UK,paid_search
USR-00834,2024-12-02,Germany,social
USR-00835,2023-06-02,Japan,social
USR-00836,2023-07-21,UAE,organic
USR-00837,2025-06-22,India,organic
USR-00838,2025-03-17,UAE,referral
USR-00839,2024-11-19,Italy,organic
USR-00840,2025-02-25,France,paid_search
USR-00841,2023-07-28,Spain,organic
USR-00842,2023-08-07,India,paid_search
USR-00843,2024-01-15,India,organic
USR-00844,2023-06-19,Germany,email
USR-00845,2025-04-06,France,paid_search
USR-00846,2023-07-13,Canada,organic
USR-00847,2024-07-18,France,referral
USR-00848,2025-03-10,India,organic
USR-00849,2024-12-10,India,referral
USR-00850,2023-11-26,Germany,organic
USR-00851,2024-05-23,India,affiliates
USR-00852,2024-07-21,Singapore,organic
USR-00853,2025-01-04,India,social
USR-00854,2024-04-19,India,social
USR-00855,2024-01-03,Germany,social
USR-00856,2025-01-25,UK,referral
USR-00857,2025-04-04,UAE,organic
USR-00858,2024-06-06,France,paid_search
USR-00859,2023-06-22,France,affiliates
USR-00860,2024-06-15,Singapore,affiliates
USR-00861,2025-04-06,Singapore,paid_search
USR-00862,2025-06-21,Italy,social
USR-00863,2024-03-31,India,referral
USR-00864,2023-09-23,India,referral
USR-00865,2024-08-08,Singapore,affiliates
USR-00866,2025-02-21,Germany,referral
USR-00867,2025-05-19,UAE,paid_search
USR-00868,2023-07-10,Germany,social
USR-00869,2024-01-07,Spain,paid_search
USR-00870,2024-05-29,US,organic
USR-00871,2023-08-14,Germany,referral
USR-00872,2025-04-04,UK,social
USR-00873,2023-08-25,India,organic
USR-00874,2024-10-18,UAE,email
USR-00875,2025-04-29,France,organic
USR-00876,2024-11-02,India,organic
USR-00877,2025-01-01,Japan,social
USR-00878,2023-12-18,Spain,email
USR-00879,2025-02-18,France,paid_search
USR-00880,2024-04-14,Australia,organic
USR-00881,2023-07-17,India,social
USR-00882,2024-03-05,Spain,organic
USR-00883,2024-02-21,US,affiliates
USR-00884,2024-07-01,US,organic
USR-00885,2023-12-19,India,affiliates
USR-00886,2024-05-17,UK,organic
USR-00887,2024-04-21,France,organic
USR-00888,2024-02-04,US,paid_search
USR-00889,2024-11-11,UAE,referral
USR-00890,2024-01-19,US,affiliates
USR-00891,2025-01-02,UK,social
USR-00892,2023-12-08,Australia,paid_search
USR-00893,2025-03-19,UAE,organic
USR-00894,2024-03-04,Australia,social
USR-00895,2023-07-01,France,paid_search
USR-00896,2023-09-22,UK,affiliates
USR-00897,2025-02-02,Germany,paid_search
USR-00898,2025-03-24,Germany,referral
USR-00899,2023-11-09,UK,referral
USR-00900,2024-08-31,Italy,organic
USR-00901,2024-08-10,Germany,paid_search
USR-00902,2023-09-10,Singapore,affiliates
USR-00903,2024-05-09,France,paid_search
USR-00904,2024-11-09,Germany,social
USR-00905,2025-06-05,US,affiliates
USR-00906,2025-03-06,Canada,organic
USR-00907,2023-08-14,India,affiliates
USR-00908,2023-11-28,US,paid_search
USR-00909,2024-04-27,UK,social
USR-00910,2023-09-23,UAE,paid_search
USR-00911,2024-08-07,Canada,social
USR-00912,2023-06-07,Japan,organic
USR-00913,2023-08-26,Singapore,organic
USR-00914,2023-07-06,Canada,paid_search
USR-00915,2024-01-11,Singapore,paid_search
USR-00916,2024-12-31,India,social
USR-00917,2023-10-13,Germany,organic
USR-00918,2025-06-20,UK,organic
USR-00919,2023-12-22,US,organic
USR-00920,2023-07-05,India,paid_search
USR-00921,2024-02-10,US,organic
USR-00922,2024-12-20,Australia,organic
USR-00923,2023-08-21,Canada,social
USR-00924,2023-07-25,India,email
USR-00925,2025-03-07,Singapore,email
USR-00926,2024-08-24,India,organic
USR-00927,2024-02-16,UK,affiliates
USR-00928,2024-12-26,India,social
USR-00929,2025-03-03,US,social
USR-00930,2024-02-28,India,organic
USR-00931,2024-07-31,US,organic
USR-00932,2023-06-09,UK,paid_search
USR-00933,2024-01-19,US,organic
USR-00934,2024-08-26,Japan,email
USR-00935,2023-10-28,UK,paid_search
USR-00936,2025-06-23,India,organic
USR-00937,2025-06-08,France,organic
USR-00938,2023-12-13,India,organic
USR-00939,2024-03-28,France,paid_search
USR-00940,2023-10-23,UK,organic
USR-00941,2024-06-18,UAE,social
USR-00942,2023-09-03,Germany,organic
USR-00943,2024-03-24,UAE,social
USR-00944,2024-07-26,Germany,affiliates
USR-00945,2024-09-08,France,affiliates
USR-00946,2024-08-27,India,social
USR-00947,2023-11-16,US,paid_search
USR-00948,2025-01-23,France,email
USR-00949,2024-11-07,UK,affiliates
USR-00950,2024-12-24,India,paid_search
USR-00951,2024-05-21,UAE,organic
USR-00952,2025-04-09,UK,referral
USR-00953,2024-03-23,UK,organic
USR-00954,2025-02-02,UAE,referral
USR-00955,2023-11-02,India,organic
USR-00956,2023-12-05,Spain,organic
USR-00957,2024-07-05,Australia,referral
USR-00958,2024-07-27,Australia,email
USR-00959,2024-12-19,India,social
USR-00960,2024-01-13,US,referral
USR-00961,2025-03-25,Germany,affiliates
USR-00962,2024-02-06,UAE,paid_search
USR-00963,2024-07-10,UAE,affiliates
USR-00964,2025-05-09,India,paid_search
USR-00965,2024-07-14,UK,organic
USR-00966,2024-10-31,US,referral
USR-00967,2025-04-21,UK,paid_search
USR-00968,2025-06-10,UK,affiliates
USR-00969,2024-06-14,Japan,organic
USR-00970,2024-04-12,UK,organic
USR-00971,2023-10-28,Germany,organic
USR-00972,2024-07-13,Australia,social
USR-00973,2025-04-28,India,referral
USR-00974,2024-06-05,France,paid_search
USR-00975,2024-02-20,Singapore,organic
USR-00976,2023-08-21,India,paid_search
USR-00977,2024-03-23,France,paid_search
USR-00978,2023-11-27,Spain,social
USR-00979,2025-06-12,Singapore,social
USR-00980,2024-07-06,Spain,organic
USR-00981,2023-09-13,Canada,paid_search
USR-00982,2023-07-22,India,social
USR-00983,2025-03-08,Singapore,organic
USR-00984,2025-05-08,Germany,paid_search
USR-00985,2024-12-31,UAE,social
USR-00986,2023-09-03,Singapore,paid_search
USR-00987,2023-08-14,Singapore,organic
USR-00988,2023-10-29,Japan,organic
USR-00989,2024-12-22,India,referral
USR-00990,2025-01-02,UAE,organic
USR-00991,2025-02-26,US,referral
USR-00992,2023-08-13,Germany,paid_search
USR-00993,2023-09-25,Singapore,paid_search
USR-00994,2025-04-15,Spain,referral
USR-00995,2025-05-06,India,paid_search
USR-00996,2024-12-03,France,organic
USR-00997,2023-08-20,India,organic
USR-00998,2023-07-23,US,email
USR-00999,2023-07-13,US,paid_search
USR-01000,2024-11-07,Japan,referral
USR-01001,2025-03-04,US,paid_search
USR-01002,2024-09-23,Canada,paid_search
USR-01003,2023-12-17,US,organic
USR-01004,2024-12-27,Singapore,organic
USR-01005,2023-07-15,Germany,referral
USR-01006,2025-02-19,Singapore,organic
USR-01007,2025-04-08,UAE,affiliates
USR-01008,2024-11-27,Singapore,organic
USR-01009,2025-03-30,Japan,social
USR-01010,2024-08-19,Germany,organic
USR-01011,2024-05-21,UK,referral
USR-01012,2024-02-01,US,organic
USR-01013,2025-05-01,Singapore,social
USR-01014,2024-11-11,France,affiliates
USR-01015,2023-10-23,Germany,social
USR-01016,2025-05-28,Germany,organic
USR-01017,2023-07-15,India,referral
USR-01018,2024-08-20,Spain,paid_search
USR-01019,2023-10-23,Singapore,organic
USR-01020,2024-10-17,Singapore,paid_search
USR-01021,2024-04-09,Singapore,referral
USR-01022,2024-04-28,Japan,paid_search
USR-01023,2024-10-23,Germany,referral
USR-01024,2024-12-26,Australia,email
USR-01025,2024-03-15,UK,paid_search
USR-01026,2025-06-28,UAE,paid_search
USR-01027,2024-06-13,Singapore,email
USR-01028,2023-09-30,France,paid_search
USR-01029,2023-06-05,US,organic
USR-01030,2023-11-01,Germany,paid_search
USR-01031,2024-11-07,India,affiliates
USR-01032,2024-07-14,Japan,organic
USR-01033,2024-02-12,India,organic
USR-01034,2024-05-31,US,organic
USR-01035,2025-02-26,Germany,organic
USR-01036,2024-08-08,India,affiliates
USR-01037,2023-07-15,UK,social
USR-01038,2023-07-08,Germany,email
USR-01039,2024-06-01,Germany,referral
USR-01040,2024-04-03,US,paid_search
USR-01041,2025-03-08,Germany,referral
USR-01042,2024-08-17,Germany,affiliates
USR-01043,2024-12-27,Spain,email
USR-01044,2024-08-18,India,email
USR-01045,2024-02-18,US,paid_search
USR-01046,2024-10-12,Australia,referral
USR-01047,2024-09-15,Germany,organic
USR-01048,2024-11-29,UK,email
USR-01049,2023-10-22,Italy,paid_search
USR-01050,2024-09-30,US,social
USR-01051,2024-01-03,Spain,affiliates
USR-01052,2025-01-21,Singapore,social
USR-01053,2025-01-27,Australia,organic
USR-01054,2024-09-17,Australia,email
USR-01055,2025-05-20,US,affiliates
USR-01056,2024-07-13,Spain,social
USR-01057,2023-06-20,India,affiliates
USR-01058,2024-09-03,UAE,referral
USR-01059,2025-01-12,Germany,affiliates
USR-01060,2023-08-16,UK,paid_search
USR-01061,2023-08-19,UK,paid_search
USR-01062,2023-12-25,UK,referral
USR-01063,2025-03-03,UK,affiliates
USR-01064,2024-07-05,US,organic
USR-01065,2025-06-12,Japan,organic
USR-01066,2025-03-25,France,paid_search
USR-01067,2024-07-26,Spain,referral
USR-01068,2024-10-29,Italy,affiliates
USR-01069,2024-02-07,Singapore,social
USR-01070,2023-08-08,India,organic
USR-01071,2024-03-30,Italy,paid_search
USR-01072,2024-08-24,Singapore,affiliates
USR-01073,2023-10-17,Singapore,paid_search
USR-01074,2023-11-16,Japan,organic
USR-01075,2023-06-12,Germany,paid_search
USR-01076,2024-12-09,France,referral
USR-01077,2025-04-14,Japan,paid_search
USR-01078,2025-02-18,France,organic
USR-01079,2024-03-15,Spain,paid_search
USR-01080,2024-08-25,UK,affiliates
USR-01081,2025-05-31,UK,paid_search
USR-01082,2024-08-23,France,paid_search
USR-01083,2024-01-11,UK,organic
USR-01084,2024-02-13,Canada,paid_search
USR-01085,2024-12-04,UK,referral
USR-01086,2024-05-05,Singapore,referral
USR-01087,2025-02-26,US,paid_search
USR-01088,2025-03-18,Australia,affiliates
USR-01089,2023-06-28,India,paid_search
USR-01090,2024-12-01,UK,affiliates
USR-01091,2024-03-08,UK,organic
USR-01092,2024-06-30,Germany,paid_search
USR-01093,2023-12-19,Canada,affiliates
USR-01094,2024-03-06,Canada,affiliates
USR-01095,2024-02-07,India,referral
USR-01096,2023-07-09,France,social
USR-01097,2025-01-15,UK,referral
USR-01098,2023-09-17,France,email
USR-01099,2024-03-12,Germany,organic
USR-01100,2023-10-25,US,paid_search
USR-01101,2023-10-01,Germany,social
USR-01102,2024-03-10,Japan,social
USR-01103,2025-04-29,UK,affiliates
USR-01104,2025-05-18,US,paid_search
USR-01105,2024-03-17,US,organic
USR-01106,2024-06-18,UK,organic
USR-01107,2025-06-19,US,referral
USR-01108,2023-11-26,UAE,organic
USR-01109,2025-05-18,UK,affiliates
USR-01110,2023-08-20,Singapore,organic
USR-01111,2023-11-19,Japan,paid_search
USR-01112,2024-02-13,Japan,referral
USR-01113,2023-06-29,UAE,paid_search
USR-01114,2025-02-09,US,referral
USR-01115,2025-03-12,UK,organic
USR-01116,2024-03-18,US,paid_search
USR-01117,2025-02-25,Australia,social
USR-01118,2025-01-08,Australia,affiliates
USR-01119,2025-01-30,India,organic
USR-01120,2025-01-31,India,paid_search
USR-01121,2024-08-09,France,social
USR-01122,2023-08-24,US,affiliates
USR-01123,2025-05-02,Canada,referral
USR-01124,2024-09-05,US,referral
USR-01125,2025-04-15,India,paid_search
USR-01126,2025-05-29,India,social
USR-01127,2023-10-21,UK,affiliates
USR-01128,2024-04-01,India,affiliates
USR-01129,2023-10-25,Italy,referral
USR-01130,2023-07-09,UK,referral
USR-01131,2025-06-04,Germany,affiliates
USR-01132,2025-05-02,India,organic
USR-01133,2025-05-09,US,organic
USR-01134,2025-04-02,UK,affiliates
USR-01135,2024-10-06,US,social
USR-01136,2024-07-01,UK,organic
USR-01137,2025-06-23,India,paid_search
USR-01138,2024-07-24,Spain,social
USR-01139,2024-10-01,Singapore,referral
USR-01140,2023-11-08,Australia,referral
USR-01141,2024-12-19,India,organic
USR-01142,2025-02-12,Singapore,paid_search
USR-01143,2024-10-28,UAE,organic
USR-01144,2024-06-13,US,affiliates
USR-01145,2023-10-29,US,organic
USR-01146,2023-06-26,France,social
USR-01147,2024-09-19,Spain,social
USR-01148,2024-11-01,France,social
USR-01149,2025-01-08,US,social
USR-01150,2025-05-23,Canada,email
USR-01151,2024-06-12,UK,social
USR-01152,2025-02-20,Australia,organic
USR-01153,2024-11-26,Spain,paid_search
USR-01154,2023-12-28,Italy,social
USR-01155,2025-03-04,Spain,paid_search
USR-01156,2023-07-11,US,referral
USR-01157,2024-08-29,UAE,paid_search
USR-01158,2025-05-15,Singapore,referral
USR-01159,2024-10-13,Singapore,organic
USR-01160,2025-05-13,US,referral
USR-01161,2023-07-13,US,organic
USR-01162,2024-07-09,India,social
USR-01163,2025-01-14,France,paid_search
USR-01164,2024-10-01,Germany,social
USR-01165,2025-03-31,Italy,organic
USR-01166,2024-05-17,Spain,referral
USR-01167,2024-10-31,UAE,social
USR-01168,2024-04-15,US,affiliates
USR-01169,2025-03-24,France,email
USR-01170,2023-08-30,India,social
USR-01171,2023-12-11,US,referral
USR-01172,2023-08-13,UK,organic
USR-01173,2024-11-15,India,social
USR-01174,2023-11-24,US,paid_search
USR-01175,2024-01-28,Germany,email
USR-01176,2025-02-25,UK,organic
USR-01177,2024-02-29,US,paid_search
USR-01178,2023-09-19,UK,social
USR-01179,2023-06-16,UAE,paid_search
USR-01180,2023-11-20,Germany,organic
USR-01181,2025-04-26,India,paid_search
USR-01182,2024-07-21,UK,referral
USR-01183,2025-06-26,Australia,organic
USR-01184,2023-11-11,Germany,paid_search
USR-01185,2024-02-23,UAE,affiliates
USR-01186,2023-10-03,Germany,affiliates
USR-01187,2024-03-29,Spain,organic
USR-01188,2024-08-02,Japan,social
USR-01189,2025-02-04,India,organic
USR-01190,2024-03-06,Singapore,affiliates
USR-01191,2025-01-07,US,paid_search
USR-01192,2024-09-18,UAE,paid_search
USR-01193,2024-01-08,India,organic
USR-01194,2025-04-24,UK,social
USR-01195,2024-04-26,Australia,organic
USR-01196,2023-09-23,Italy,referral
USR-01197,2025-06-01,US,paid_search
USR-01198,2025-04-25,Canada,social
USR-01199,2023-07-08,India,referral
USR-01200,2025-04-16,France,organic
USR-01201,2025-05-21,Italy,organic
USR-01202,2025-02-20,US,paid_search
USR-01203,2023-12-11,France,referral
USR-01204,2024-09-22,UAE,organic
USR-01205,2024-07-14,UK,referral
USR-01206,2024-09-14,India,paid_search
USR-01207,2024-09-11,US,social
USR-01208,2024-09-28,UAE,social
USR-01209,2024-06-25,UK,organic
USR-01210,2024-11-06,US,organic
USR-01211,2024-07-05,Singapore,referral
USR-01212,2023-06-13,UK,paid_search
USR-01213,2023-06-27,India,social
USR-01214,2025-05-29,Singapore,affiliates
USR-01215,2025-04-22,Spain,organic
USR-01216,2024-08-19,UK,paid_search
USR-01217,2023-10-11,Italy,paid_search
USR-01218,2025-01-14,Singapore,organic
USR-01219,2023-09-17,India,affiliates
USR-01220,2024-03-13,Spain,affiliates
USR-01221,2024-02-06,Singapore,paid_search
USR-01222,2023-06-10,Germany,affiliates
USR-01223,2025-02-03,Germany,organic
USR-01224,2024-06-22,Singapore,affiliates
USR-01225,2024-01-27,Canada,referral
USR-01226,2024-06-20,Germany,organic
USR-01227,2023-06-01,Spain,social
USR-01228,2024-04-28,Singapore,referral
USR-01229,2024-06-29,Italy,paid_search
USR-01230,2024-02-14,Australia,paid_search
USR-01231,2025-02-21,US,social
USR-01232,2023-12-07,US,organic
USR-01233,2023-09-13,Germany,organic
USR-01234,2024-07-05,France,organic
USR-01235,2025-04-05,Germany,email
USR-01236,2024-03-12,Spain,paid_search
USR-01237,2023-07-06,Australia,paid_search
USR-01238,2025-06-07,India,organic
USR-01239,2024-05-03,Singapore,organic
USR-01240,2023-10-10,US,social
USR-01241,2024-09-10,Germany,organic
USR-01242,2024-01-29,UK,social
USR-01243,2025-05-13,France,paid_search
USR-01244,2024-01-10,Germany,email
USR-01245,2024-07-23,Singapore,paid_search
USR-01246,2024-07-17,UAE,referral
USR-01247,2023-12-02,India,organic
USR-01248,2024-06-14,UK,affiliates
USR-01249,2023-08-22,UK,organic
USR-01250,2024-10-02,Canada,organic
USR-01251,2024-12-28,Japan,social
USR-01252,2025-05-23,India,organic
USR-01253,2024-02-03,US,paid_search
USR-01254,2024-01-03,France,referral
USR-01255,2024-07-22,UAE,referral
USR-01256,2024-11-08,India,social
USR-01257,2025-06-24,UK,affiliates
USR-01258,2023-06-20,India,paid_search
USR-01259,2023-11-29,US,organic
USR-01260,2023-12-17,India,referral
USR-01261,2023-12-12,US,organic
USR-01262,2024-05-18,UAE,organic
USR-01263,2025-03-25,France,organic
USR-01264,2023-06-24,US,paid_search
USR-01265,2025-02-10,Germany,paid_search
USR-01266,2024-09-12,France,paid_search
USR-01267,2024-09-10,Spain,social
USR-01268,2024-10-28,Australia,referral
USR-01269,2023-08-27,UK,affiliates
USR-01270,2024-12-19,Japan,organic
USR-01271,2023-12-06,Singapore,organic
USR-01272,2024-06-27,Singapore,social
USR-01273,2024-10-27,India,organic
USR-01274,2024-09-01,India,paid_search
USR-01275,2024-02-01,UK,social
USR-01276,2024-03-28,Canada,referral
USR-01277,2024-05-28,Germany,organic
USR-01278,2023-07-02,India,social
USR-01279,2024-12-03,Germany,social
USR-01280,2023-08-15,UK,affiliates
USR-01281,2024-05-14,US,paid_search
USR-01282,2024-10-10,UAE,referral
USR-01283,2023-08-01,France,referral
USR-01284,2025-06-26,Spain,organic
USR-01285,2024-03-13,UAE,social
USR-01286,2023-06-13,Germany,email
USR-01287,2024-10-13,Spain,organic
USR-01288,2024-07-28,UK,paid_search
USR-01289,2024-09-29,Singapore,paid_search
USR-01290,2024-12-22,Singapore,referral
USR-01291,2024-05-27,US,organic
USR-01292,2025-02-18,US,paid_search
USR-01293,2024-03-08,US,organic
USR-01294,2024-07-19,US,social
USR-01295,2023-09-29,France,email
USR-01296,2024-09-14,UK,paid_search
USR-01297,2023-12-16,UAE,social
USR-01298,2024-11-11,UK,paid_search
USR-01299,2025-01-29,UK,paid_search
USR-01300,2025-03-14,India,email
USR-01301,2025-05-07,US,organic
USR-01302,2023-09-01,Canada,referral
USR-01303,2023-09-13,US,social
USR-01304,2025-05-04,US,affiliates
USR-01305,2024-03-16,US,organic
USR-01306,2023-06-20,India,paid_search
USR-01307,2024-01-05,Germany,organic
USR-01308,2025-02-25,Spain,affiliates
USR-01309,2024-02-25,India,email
USR-01310,2023-07-29,UAE,social
USR-01311,2024-11-30,France,email
USR-01312,2023-10-26,Italy,organic
USR-01313,2024-02-24,Germany,social
USR-01314,2023-06-03,US,referral
USR-01315,2024-08-31,Singapore,organic
USR-01316,2024-05-04,Italy,affiliates
USR-01317,2025-03-20,France,affiliates
USR-01318,2024-02-10,Canada,affiliates
USR-01319,2023-11-03,Italy,referral
USR-01320,2023-10-05,US,organic
USR-01321,2023-10-31,Spain,social
USR-01322,2024-05-08,Germany,organic
USR-01323,2023-08-06,Germany,referral
USR-01324,2024-04-01,France,organic
USR-01325,2025-03-11,Italy,affiliates
USR-01326,2025-01-04,Germany,organic
USR-01327,2024-09-27,Germany,organic
USR-01328,2025-04-09,UK,organic
USR-01329,2025-01-13,France,email
USR-01330,2024-10-08,Japan,organic
USR-01331,2025-03-17,Singapore,organic
USR-01332,2023-09-03,UK,organic
USR-01333,2025-02-11,Japan,paid_search
USR-01334,2024-01-11,Italy,affiliates
USR-01335,2024-12-09,Germany,paid_search
USR-01336,2025-04-25,UK,organic
USR-01337,2024-06-11,Germany,organic
USR-01338,2023-08-07,UK,organic
USR-01339,2024-03-08,India,paid_search
USR-01340,2024-04-05,UAE,organic
USR-01341,2025-05-12,Japan,organic
USR-01342,2025-05-17,India,organic
USR-01343,2024-08-06,Italy,paid_search
USR-01344,2025-05-23,Japan,referral
USR-01345,2024-04-27,UK,organic
USR-01346,2024-04-08,US,email
USR-01347,2025-02-25,Singapore,social
USR-01348,2024-10-20,Singapore,affiliates
USR-01349,2024-07-02,India,organic
USR-01350,2024-05-13,UAE,referral
USR-01351,2024-11-18,Germany,affiliates
USR-01352,2024-12-24,Singapore,affiliates
USR-01353,2024-06-07,Singapore,referral
USR-01354,2023-06-25,UK,organic
USR-01355,2023-08-17,UK,affiliates
USR-01356,2023-09-18,UK,referral
USR-01357,2024-05-17,Australia,organic
USR-01358,2024-09-09,Japan,organic
USR-01359,2025-01-31,Spain,affiliates
USR-01360,2023-11-24,UK,organic
USR-01361,2025-01-18,Germany,referral
USR-01362,2024-10-19,US,paid_search
USR-01363,2023-07-10,India,email
USR-01364,2024-02-22,US,organic
USR-01365,2024-01-17,Italy,email
USR-01366,2025-04-04,UK,paid_search
USR-01367,2025-05-01,UAE,affiliates
USR-01368,2025-02-12,Canada,organic
USR-01369,2024-07-06,UAE,organic
USR-01370,2024-06-09,UK,organic
USR-01371,2024-01-23,Japan,organic
USR-01372,2025-01-08,UAE,affiliates
USR-01373,2023-08-05,France,organic
USR-01374,2023-12-24,UAE,organic
USR-01375,2023-09-11,Italy,referral
USR-01376,2024-06-10,France,organic
USR-01377,2024-01-14,Germany,organic
USR-01378,2023-10-29,France,email
USR-01379,2024-03-13,UK,paid_search
USR-01380,2025-03-16,Spain,referral
USR-01381,2024-07-29,UK,social
USR-01382,2025-02-15,India,organic
USR-01383,2025-04-25,India,social
USR-01384,2025-04-16,US,affiliates
USR-01385,2024-02-22,India,paid_search
USR-01386,2025-03-28,Germany,email
USR-01387,2025-04-22,India,paid_search
USR-01388,2025-05-30,US,social
USR-01389,2024-02-22,Italy,email
USR-01390,2023-11-21,Canada,organic
USR-01391,2024-08-18,France,paid_search
USR-01392,2025-05-09,India,organic
USR-01393,2025-04-15,UK,email
USR-01394,2024-08-08,UK,social
USR-01395,2023-09-22,India,paid_search
USR-01396,2024-04-17,Australia,organic
USR-01397,2024-11-24,Singapore,affiliates
USR-01398,2024-07-30,India,paid_search
USR-01399,2024-02-18,Australia,organic
USR-01400,2024-02-16,India,organic
USR-01401,2023-07-16,US,social
USR-01402,2024-01-06,India,organic
USR-01403,2024-10-21,US,referral
USR-01404,2023-12-01,Japan,email
USR-01405,2025-06-24,India,organic
USR-01406,2023-08-02,UAE,social
USR-01407,2024-08-21,India,organic
USR-01408,2024-06-12,Japan,organic
USR-01409,2025-02-23,UAE,social
USR-01410,2025-04-05,France,organic
USR-01411,2024-07-18,UK,affiliates
USR-01412,2024-09-21,Japan,social
USR-01413,2024-11-13,Germany,organic
USR-01414,2024-06-30,US,affiliates
USR-01415,2023-10-19,Italy,social
USR-01416,2024-04-21,UK,organic
USR-01417,2023-12-01,India,paid_search
USR-01418,2024-05-18,Germany,affiliates
USR-01419,2024-09-10,India,paid_search
USR-01420,2023-11-07,France,paid_search
USR-01421,2023-12-07,US,paid_search
USR-01422,2025-02-15,UK,organic
USR-01423,2024-03-14,UK,organic
USR-01424,2023-10-29,UK,social
USR-01425,2024-11-24,Australia,affiliates
USR-01426,2024-11-26,Germany,email
USR-01427,2025-02-17,France,organic
USR-01428,2024-12-29,India,paid_search
USR-01429,2025-06-23,Singapore,organic
USR-01430,2024-08-10,UK,paid_search
USR-01431,2024-01-04,US,social
USR-01432,2025-03-17,UAE,organic
USR-01433,2023-12-19,France,referral
USR-01434,2024-01-08,Spain,paid_search
USR-01435,2025-02-19,Japan,social
USR-01436,2025-04-01,Italy,affiliates
USR-01437,2024-02-13,US,email
USR-01438,2024-12-06,UK,affiliates
USR-01439,2025-05-02,US,referral
USR-01440,2025-01-28,Spain,social
USR-01441,2023-06-04,Japan,organic
USR-01442,2024-10-18,Japan,organic
USR-01443,2023-10-08,US,affiliates
USR-01444,2025-03-05,Italy,organic
USR-01445,2023-07-21,Germany,affiliates
USR-01446,2025-06-24,Italy,paid_search
USR-01447,2023-10-13,Germany,email
USR-01448,2024-04-15,UK,paid_search
USR-01449,2023-11-25,UK,affiliates
USR-01450,2025-02-08,Australia,organic
USR-01451,2024-03-26,India,paid_search
USR-01452,2024-12-17,India,affiliates
USR-01453,2023-07-22,India,organic
USR-01454,2024-05-10,India,organic
USR-01455,2025-04-23,Australia,affiliates
USR-01456,2025-05-05,UK,referral
USR-01457,2023-11-06,UK,organic
USR-01458,2024-03-26,Spain,social
USR-01459,2024-04-06,Germany,organic
USR-01460,2024-08-03,UK,organic
USR-01461,2024-07-13,UK,social
USR-01462,2023-08-20,US,organic
USR-01463,2024-12-31,US,paid_search
USR-01464,2023-11-19,UK,organic
USR-01465,2024-01-26,US,affiliates
USR-01466,2025-02-28,Singapore,social
USR-01467,2024-11-06,Italy,organic
USR-01468,2024-03-28,Japan,affiliates
USR-01469,2025-04-24,India,referral
USR-01470,2024-03-26,India,organic
USR-01471,2024-08-03,Canada,affiliates
USR-01472,2023-12-04,Spain,organic
USR-01473,2023-10-18,Germany,organic
USR-01474,2024-06-08,US,paid_search
USR-01475,2024-08-01,India,organic
USR-01476,2025-02-02,France,email
USR-01477,2024-03-24,Germany,social
USR-01478,2025-04-11,UK,affiliates
USR-01479,2024-09-04,Australia,organic
USR-01480,2023-07-24,Germany,organic
USR-01481,2024-12-13,Germany,paid_search
USR-01482,2024-08-10,US,organic
USR-01483,2024-03-22,Spain,affiliates
USR-01484,2024-05-21,Singapore,email
USR-01485,2024-01-16,UK,referral
USR-01486,2024-09-09,Germany,email
USR-01487,2024-08-04,UAE,organic
USR-01488,2024-05-05,Italy,organic
USR-01489,2024-01-03,US,paid_search
USR-01490,2024-03-29,Italy,referral
USR-01491,2024-06-13,France,paid_search
USR-01492,2024-05-24,UK,organic
USR-01493,2024-01-22,UK,social
USR-01494,2024-08-16,US,organic
USR-01495,2023-11-20,US,social
USR-01496,2024-06-15,France,organic
USR-01497,2023-09-01,Singapore,paid_search
USR-01498,2024-05-24,US,paid_search
USR-01499,2025-01-16,Canada,affiliates
USR-01500,2025-02-11,US,email
USR-01501,2024-11-09,Germany,organic
USR-01502,2024-12-18,Japan,referral
USR-01503,2023-07-21,Italy,referral
USR-01504,2024-02-15,UAE,social
USR-01505,2024-10-10,Singapore,affiliates
USR-01506,2025-01-29,UK,referral
USR-01507,2024-08-16,UK,organic
USR-01508,2025-03-10,France,paid_search
USR-01509,2023-12-25,UK,paid_search
USR-01510,2023-09-25,India,paid_search
USR-01511,2023-08-05,US,affiliates
USR-01512,2024-08-16,Japan,social
USR-01513,2024-10-18,Japan,paid_search
USR-01514,2024-01-03,Spain,affiliates
USR-01515,2025-01-16,Singapore,email
USR-01516,2024-12-13,UK,organic
USR-01517,2024-02-29,UK,affiliates
USR-01518,2023-11-29,UAE,paid_search
USR-01519,2024-12-16,UAE,paid_search
USR-01520,2024-10-23,India,paid_search
USR-01521,2023-10-08,France,affiliates
USR-01522,2023-12-11,France,organic
USR-01523,2024-06-04,US,paid_search
USR-01524,2024-06-23,India,social
USR-01525,2023-10-05,India,affiliates
USR-01526,2025-05-21,Germany,organic
USR-01527,2024-03-22,Australia,organic
USR-01528,2024-03-16,Germany,affiliates
USR-01529,2023-07-17,Singapore,referral
USR-01530,2025-03-27,Spain,paid_search
USR-01531,2023-11-26,UK,paid_search
USR-01532,2025-06-20,UAE,paid_search
USR-01533,2024-06-11,France,email
USR-01534,2025-03-26,Germany,social
USR-01535,2023-10-15,UK,referral
USR-01536,2023-10-05,Japan,organic
USR-01537,2025-01-29,Australia,referral
USR-01538,2025-02-12,UK,organic
USR-01539,2024-07-17,US,affiliates
USR-01540,2023-06-25,US,organic
USR-01541,2025-05-18,Spain,organic
USR-01542,2024-03-25,Germany,organic
USR-01543,2025-05-12,US,organic
USR-01544,2025-03-23,Spain,paid_search
USR-01545,2025-03-09,India,social
USR-01546,2024-11-05,France,affiliates
USR-01547,2024-10-24,India,social
USR-01548,2024-07-09,France,social
USR-01549,2023-06-19,France,paid_search
USR-01550,2024-03-21,US,referral
USR-01551,2024-12-07,India,organic
USR-01552,2025-02-07,Japan,paid_search
USR-01553,2024-07-30,France,organic
USR-01554,2024-11-21,Japan,organic
USR-01555,2023-06-17,Germany,social
USR-01556,2024-05-21,Spain,organic
USR-01557,2024-06-20,US,organic
USR-01558,2025-04-09,Spain,referral
USR-01559,2024-01-23,US,organic
USR-01560,2023-11-22,UK,social
USR-01561,2024-02-23,US,paid_search
USR-01562,2023-10-08,UK,affiliates
USR-01563,2024-07-29,Australia,email
USR-01564,2024-10-01,Canada,organic
USR-01565,2025-01-29,Spain,affiliates
USR-01566,2025-06-08,UK,paid_search
USR-01567,2023-07-26,Japan,organic
USR-01568,2023-12-05,Singapore,email
USR-01569,2024-01-15,India,email
USR-01570,2023-12-07,France,paid_search
USR-01571,2025-02-18,UAE,paid_search
USR-01572,2023-09-15,UK,organic
USR-01573,2023-06-23,France,social
USR-01574,2025-03-16,Singapore,affiliates
USR-01575,2025-05-31,US,paid_search
USR-01576,2023-11-20,France,affiliates
USR-01577,2024-02-08,Germany,organic
USR-01578,2024-06-17,Singapore,referral
USR-01579,2024-07-04,Australia,affiliates
USR-01580,2025-06-23,Italy,email
USR-01581,2024-04-03,UAE,organic
USR-01582,2023-06-10,Germany,paid_search
USR-01583,2024-04-17,Germany,organic
USR-01584,2024-07-27,Germany,social
USR-01585,2024-06-27,UK,affiliates
USR-01586,2024-06-24,Singapore,paid_search
USR-01587,2025-05-02,Singapore,organic
USR-01588,2025-02-03,France,organic
USR-01589,2023-12-09,Italy,social
USR-01590,2024-02-26,UAE,social
USR-01591,2024-10-20,India,organic
USR-01592,2024-04-07,UK,referral
USR-01593,2024-04-21,UK,organic
USR-01594,2023-10-06,India,social
USR-01595,2023-12-11,France,paid_search
USR-01596,2024-12-15,US,organic
USR-01597,2025-03-02,US,social
USR-01598,2025-01-17,US,email
USR-01599,2024-01-20,Spain,paid_search
USR-01600,2023-09-12,Spain,referral
USR-01601,2023-09-30,India,paid_search
USR-01602,2024-03-26,US,organic
USR-01603,2024-06-28,UK,affiliates
USR-01604,2025-04-09,UK,affiliates
USR-01605,2025-04-14,India,organic
USR-01606,2023-06-03,UK,affiliates
USR-01607,2024-11-19,India,referral
USR-01608,2024-01-14,Australia,organic
USR-01609,2023-10-29,France,paid_search
USR-01610,2024-07-26,Italy,organic
USR-01611,2023-06-26,UK,social
USR-01612,2024-02-09,US,affiliates
USR-01613,2024-07-24,Australia,paid_search
USR-01614,2023-12-24,India,paid_search
USR-01615,2024-08-24,UAE,organic
USR-01616,2024-05-15,Canada,social
USR-01617,2025-01-28,Germany,referral
USR-01618,2023-10-16,US,organic
USR-01619,2023-07-14,Germany,social
USR-01620,2024-07-07,UK,paid_search
USR-01621,2023-12-13,UK,email
USR-01622,2024-11-19,UK,email
USR-01623,2023-08-10,Japan,email
USR-01624,2024-08-11,UAE,paid_search
USR-01625,2025-06-22,US,social
USR-01626,2023-08-10,US,social
USR-01627,2024-01-16,UAE,email
USR-01628,2025-03-03,Japan,social
USR-01629,2024-07-10,US,affiliates
USR-01630,2023-10-11,India,organic
USR-01631,2023-11-09,Italy,organic
USR-01632,2025-01-02,Japan,affiliates
USR-01633,2025-03-16,Japan,organic
USR-01634,2024-03-01,US,affiliates
USR-01635,2024-05-26,UK,social
USR-01636,2025-01-15,France,affiliates
USR-01637,2023-10-13,US,social
USR-01638,2023-11-04,Japan,referral
USR-01639,2025-01-09,UK,email
USR-01640,2023-10-20,UAE,social
USR-01641,2025-01-06,Japan,paid_search
USR-01642,2024-06-12,Canada,organic
USR-01643,2025-06-22,UAE,organic
USR-01644,2023-06-26,Australia,affiliates
USR-01645,2025-05-19,UK,organic
USR-01646,2023-11-19,India,referral
USR-01647,2023-06-27,UK,paid_search
USR-01648,2024-12-02,Canada,paid_search
USR-01649,2024-07-09,Japan,affiliates
USR-01650,2025-02-26,UK,organic
USR-01651,2023-08-22,UK,social
USR-01652,2023-08-01,India,paid_search
USR-01653,2024-08-05,US,organic
USR-01654,2025-04-01,Italy,organic
USR-01655,2024-04-04,US,email
USR-01656,2025-01-27,Spain,organic
USR-01657,2025-04-19,Germany,referral
USR-01658,2025-03-22,India,social
USR-01659,2024-06-21,UK,organic
USR-01660,2024-11-12,Canada,organic
USR-01661,2024-07-04,Germany,organic
USR-01662,2024-10-25,France,referral
USR-01663,2024-08-04,India,social
USR-01664,2024-07-04,Japan,organic
USR-01665,2024-04-27,Italy,social
USR-01666,2024-10-09,Spain,paid_search
USR-01667,2024-12-22,Germany,social
USR-01668,2025-04-29,Japan,organic
USR-01669,2024-09-09,US,organic
USR-01670,2023-08-16,Singapore,paid_search
USR-01671,2024-08-20,India,email
USR-01672,2024-01-26,Germany,social
USR-01673,2023-06-21,Canada,organic
USR-01674,2023-07-26,Canada,organic
USR-01675,2024-08-23,France,email
USR-01676,2025-05-19,Germany,organic
USR-01677,2024-06-19,Japan,social
USR-01678,2024-05-04,Canada,paid_search
USR-01679,2023-08-07,Spain,organic
USR-01680,2024-10-26,UK,social
USR-01681,2023-07-13,India,organic
USR-01682,2025-03-01,Japan,social
USR-01683,2025-02-10,Spain,organic
USR-01684,2025-06-23,Singapore,paid_search
USR-01685,2024-01-03,UAE,paid_search
USR-01686,2023-10-01,India,organic
USR-01687,2024-01-14,India,social
USR-01688,2025-01-28,Spain,referral
USR-01689,2023-11-14,US,affiliates
USR-01690,2025-04-05,UAE,organic
USR-01691,2023-09-26,Singapore,organic
USR-01692,2023-07-08,Italy,paid_search
USR-01693,2023-11-14,India,affiliates
USR-01694,2024-12-25,Singapore,paid_search
USR-01695,2024-08-31,UK,paid_search
USR-01696,2024-02-25,UK,email
USR-01697,2024-10-11,India,organic
USR-01698,2024-10-05,UK,social
USR-01699,2024-07-26,Australia,paid_search
USR-01700,2024-06-25,Japan,social
USR-01701,2023-08-17,UK,email
USR-01702,2023-12-15,Italy,paid_search
USR-01703,2024-07-06,France,social
USR-01704,2023-09-11,Singapore,social
USR-01705,2024-05-27,Japan,organic
USR-01706,2023-08-28,Germany,affiliates
USR-01707,2025-01-19,UK,referral
USR-01708,2023-08-18,UK,affiliates
USR-01709,2023-08-10,France,email
USR-01710,2024-09-27,Australia,organic
USR-01711,2023-11-15,Germany,paid_search
USR-01712,2024-02-23,India,paid_search
USR-01713,2024-01-25,UK,organic
USR-01714,2023-11-12,Japan,paid_search
USR-01715,2024-12-30,India,paid_search
USR-01716,2024-11-07,Singapore,organic
USR-01717,2023-11-29,Singapore,referral
USR-01718,2024-11-04,US,organic
USR-01719,2024-11-24,UK,paid_search
USR-01720,2024-07-14,India,referral
USR-01721,2024-08-13,India,social
USR-01722,2025-05-11,Singapore,organic
USR-01723,2024-05-10,Spain,social
USR-01724,2024-03-19,US,referral
USR-01725,2024-07-14,France,affiliates
USR-01726,2025-02-25,UK,paid_search
USR-01727,2024-11-21,US,organic
USR-01728,2023-07-28,Spain,social
USR-01729,2024-05-15,Spain,organic
USR-01730,2024-12-14,Spain,referral
USR-01731,2023-11-18,UK,email
USR-01732,2025-06-21,Germany,referral
USR-01733,2025-02-04,India,affiliates
USR-01734,2025-03-05,Canada,social
USR-01735,2023-08-02,UAE,affiliates
USR-01736,2024-08-14,Australia,social
USR-01737,2024-07-06,UK,organic
USR-01738,2024-09-19,France,referral
USR-01739,2025-03-08,Spain,email
USR-01740,2024-02-24,India,affiliates
USR-01741,2024-07-10,UAE,organic
USR-01742,2024-10-29,France,paid_search
USR-01743,2024-12-24,Canada,referral
USR-01744,2025-01-06,US,organic
USR-01745,2024-02-12,Australia,social
USR-01746,2025-06-28,India,social
USR-01747,2023-06-08,France,organic
USR-01748,2024-06-09,France,organic
USR-01749,2024-09-05,US,referral
USR-01750,2023-07-17,Australia,organic
USR-01751,2024-05-08,Japan,email
USR-01752,2024-08-26,Canada,email
USR-01753,2024-09-04,Canada,social
USR-01754,2023-08-30,UAE,paid_search
USR-01755,2023-12-28,France,organic
USR-01756,2023-12-04,Italy,referral
USR-01757,2024-09-29,UK,organic
USR-01758,2024-02-05,Italy,organic
USR-01759,2024-08-08,France,affiliates
USR-01760,2024-12-07,UAE,paid_search
USR-01761,2025-01-26,India,organic
USR-01762,2023-10-18,India,affiliates
USR-01763,2025-04-17,UK,organic
USR-01764,2023-10-04,India,organic
USR-01765,2023-06-17,India,paid_search
USR-01766,2023-07-05,US,referral
USR-01767,2023-10-31,US,affiliates
USR-01768,2025-03-25,Germany,referral
USR-01769,2023-11-05,India,affiliates
USR-01770,2024-11-09,Italy,organic
USR-01771,2024-04-14,UK,social
USR-01772,2023-07-01,Germany,organic
USR-01773,2024-05-03,US,affiliates
USR-01774,2023-06-22,France,affiliates
USR-01775,2024-05-27,Germany,paid_search
USR-01776,2024-07-29,UAE,referral
USR-01777,2024-07-01,India,social
USR-01778,2024-01-01,France,organic
USR-01779,2025-01-03,US,social
USR-01780,2024-08-27,France,affiliates
USR-01781,2023-12-11,India,paid_search
USR-01782,2024-04-26,UAE,organic
USR-01783,2023-08-22,France,affiliates
USR-01784,2025-05-02,Spain,paid_search
USR-01785,2024-12-24,India,paid_search
USR-01786,2024-01-05,US,email
USR-01787,2024-10-25,US,social
USR-01788,2024-10-29,UK,paid_search
USR-01789,2024-09-06,Germany,organic
USR-01790,2023-07-12,Italy,referral
USR-01791,2025-03-29,Spain,paid_search
USR-01792,2025-05-27,France,email
USR-01793,2025-06-10,US,affiliates
USR-01794,2025-06-15,Italy,organic
USR-01795,2025-05-06,UK,affiliates
USR-01796,2024-12-13,India,referral
USR-01797,2023-07-14,Italy,affiliates
USR-01798,2024-05-19,India,organic
USR-01799,2023-12-04,UK,paid_search
USR-01800,2023-11-15,US,social
USR-01801,2025-02-21,Germany,affiliates
USR-01802,2025-02-07,UK,affiliates
USR-01803,2024-07-01,UAE,paid_search
USR-01804,2024-12-11,France,social
USR-01805,2023-09-07,India,organic
USR-01806,2023-11-16,US,email
USR-01807,2025-03-15,Italy,referral
USR-01808,2024-05-08,India,referral
USR-01809,2024-07-20,Singapore,paid_search
USR-01810,2024-05-17,France,affiliates
USR-01811,2023-11-01,UK,organic
USR-01812,2025-02-18,France,paid_search
USR-01813,2024-12-28,France,social
USR-01814,2024-11-01,France,social
USR-01815,2024-02-24,Spain,referral
USR-01816,2024-10-01,Japan,social
USR-01817,2025-05-25,Spain,organic
USR-01818,2024-10-06,Germany,organic
USR-01819,2024-06-10,Germany,social
USR-01820,2023-12-23,UAE,email
USR-01821,2024-07-02,US,paid_search
USR-01822,2024-03-09,Spain,paid_search
USR-01823,2024-09-07,Italy,organic
USR-01824,2023-07-05,US,referral
USR-01825,2023-10-23,Japan,paid_search
USR-01826,2025-01-19,Italy,social
USR-01827,2024-03-16,India,paid_search
USR-01828,2024-04-25,Japan,organic
USR-01829,2024-07-18,UK,organic
USR-01830,2024-04-29,UK,organic
USR-01831,2024-12-28,India,email
USR-01832,2023-12-04,Germany,organic
USR-01833,2024-12-28,India,organic
USR-01834,2023-11-07,Australia,affiliates
USR-01835,2024-03-08,US,paid_search
USR-01836,2024-08-20,US,paid_search
USR-01837,2025-04-04,UAE,paid_search
USR-01838,2023-11-24,UK,organic
USR-01839,2024-08-20,Singapore,organic
USR-01840,2023-07-19,India,affiliates
USR-01841,2023-07-28,Canada,paid_search
USR-01842,2025-01-04,Singapore,email
USR-01843,2024-11-28,UK,affiliates
USR-01844,2024-03-13,UK,organic
USR-01845,2024-09-16,UK,email
USR-01846,2024-03-15,Australia,organic
USR-01847,2023-12-28,UAE,paid_search
USR-01848,2024-04-23,India,referral
USR-01849,2024-01-24,US,organic
USR-01850,2025-02-09,Italy,affiliates
USR-01851,2024-04-08,US,social
USR-01852,2024-01-30,Singapore,paid_search
USR-01853,2024-07-12,Spain,organic
USR-01854,2024-12-28,US,social
USR-01855,2023-12-25,France,paid_search
USR-01856,2025-05-15,US,organic
USR-01857,2024-05-18,India,paid_search
USR-01858,2024-10-15,Australia,organic
USR-01859,2025-05-28,Singapore,affiliates
USR-01860,2024-04-24,Italy,paid_search
USR-01861,2023-10-30,Germany,paid_search
USR-01862,2024-12-20,US,referral
USR-01863,2023-06-06,Singapore,email
USR-01864,2024-05-14,France,affiliates
USR-01865,2025-06-14,US,affiliates
USR-01866,2024-04-10,India,organic
USR-01867,2024-11-01,UAE,paid_search
USR-01868,2024-07-04,Singapore,email
USR-01869,2023-11-11,US,organic
USR-01870,2024-01-28,Italy,email
USR-01871,2024-07-02,India,organic
USR-01872,2023-08-19,US,affiliates
USR-01873,2024-04-11,US,email
USR-01874,2024-04-11,Spain,social
USR-01875,2025-02-24,India,paid_search
USR-01876,2023-09-03,France,affiliates
USR-01877,2025-03-02,US,email
USR-01878,2024-04-07,UAE,referral
USR-01879,2024-10-08,Spain,referral
USR-01880,2024-07-28,India,organic
USR-01881,2024-01-14,Australia,organic
USR-01882,2025-05-08,UK,organic
USR-01883,2023-11-18,UK,social
USR-01884,2023-06-28,Germany,social
USR-01885,2024-12-22,Singapore,paid_search
USR-01886,2024-09-15,US,affiliates
USR-01887,2025-04-07,Germany,organic
USR-01888,2024-05-13,India,referral
USR-01889,2023-06-13,Germany,paid_search
USR-01890,2023-06-16,UAE,paid_search
USR-01891,2024-04-25,Canada,organic
USR-01892,2023-12-07,France,email
USR-01893,2025-05-01,UAE,referral
USR-01894,2023-08-30,Germany,paid_search
USR-01895,2025-03-31,India,paid_search
USR-01896,2023-11-12,US,social
USR-01897,2023-08-30,Canada,paid_search
USR-01898,2023-12-26,US,social
USR-01899,2023-09-18,Spain,paid_search
USR-01900,2024-03-31,UK,affiliates
USR-01901,2024-02-07,Spain,email
USR-01902,2024-07-07,US,organic
USR-01903,2024-07-13,Australia,referral
USR-01904,2023-06-01,UAE,paid_search
USR-01905,2023-09-03,UK,affiliates
USR-01906,2023-10-02,Singapore,social
USR-01907,2023-10-26,Germany,organic
USR-01908,2023-08-11,India,email
USR-01909,2024-01-26,US,organic
USR-01910,2024-07-22,Singapore,affiliates
USR-01911,2024-01-21,Singapore,affiliates
USR-01912,2024-02-06,India,email
USR-01913,2024-05-22,Italy,social
USR-01914,2024-07-21,US,social
USR-01915,2024-02-07,UK,paid_search
USR-01916,2023-11-16,Germany,organic
USR-01917,2024-04-07,UK,affiliates
USR-01918,2023-06-19,US,paid_search
USR-01919,2024-06-09,France,paid_search
USR-01920,2025-05-16,US,organic
USR-01921,2024-03-29,US,affiliates
USR-01922,2023-08-22,Singapore,affiliates
USR-01923,2024-11-19,Germany,paid_search
USR-01924,2023-09-05,Italy,organic
USR-01925,2023-10-26,Germany,referral
USR-01926,2023-09-20,France,paid_search
USR-01927,2025-04-02,US,affiliates
USR-01928,2025-06-15,Spain,affiliates
USR-01929,2024-08-06,US,referral
USR-01930,2024-09-12,US,organic
USR-01931,2024-10-03,Italy,email
USR-01932,2024-09-06,Singapore,affiliates
USR-01933,2024-07-18,Germany,paid_search
USR-01934,2025-06-19,UK,affiliates
USR-01935,2024-12-09,UK,paid_search
USR-01936,2023-08-07,France,affiliates
USR-01937,2024-03-24,Singapore,social
USR-01938,2025-06-10,France,organic
USR-01939,2024-04-02,UK,paid_search
USR-01940,2023-11-03,US,organic
USR-01941,2025-03-22,Germany,paid_search
USR-01942,2024-09-16,Singapore,affiliates
USR-01943,2024-08-01,UK,organic
USR-01944,2024-04-15,UK,affiliates
USR-01945,2023-09-03,US,organic
USR-01946,2024-03-18,UK,social
USR-01947,2024-04-28,Germany,affiliates
USR-01948,2025-05-08,UK,social
USR-01949,2024-01-20,UAE,affiliates
USR-01950,2023-09-22,Spain,affiliates
USR-01951,2024-04-20,Canada,social
USR-01952,2025-06-27,Australia,referral
USR-01953,2024-06-01,US,organic
USR-01954,2024-03-15,UK,paid_search
USR-01955,2024-10-19,India,organic
USR-01956,2024-10-06,Singapore,referral
USR-01957,2024-01-14,UK,email
USR-01958,2025-06-05,India,social
USR-01959,2024-08-24,US,affiliates
USR-01960,2023-07-14,US,organic
USR-01961,2024-04-05,Singapore,affiliates
USR-01962,2025-05-02,UAE,organic
USR-01963,2024-03-25,Germany,paid_search
USR-01964,2024-08-05,Japan,social
USR-01965,2024-09-08,UK,paid_search
USR-01966,2024-11-17,UK,email
USR-01967,2025-03-24,India,referral
USR-01968,2023-09-22,UAE,referral
USR-01969,2024-06-27,Germany,organic
USR-01970,2024-07-10,UK,organic
USR-01971,2023-09-24,Australia,organic
USR-01972,2024-10-24,US,paid_search
USR-01973,2023-08-29,India,organic
USR-01974,2024-05-12,UAE,paid_search
USR-01975,2024-02-06,Australia,referral
USR-01976,2023-09-26,UAE,affiliates
USR-01977,2025-02-14,Australia,referral
USR-01978,2023-12-03,US,organic
USR-01979,2023-12-11,Germany,social
USR-01980,2025-03-11,Italy,organic
USR-01981,2025-03-28,France,paid_search
USR-01982,2023-06-27,India,paid_search
USR-01983,2023-12-29,Canada,affiliates
USR-01984,2024-11-20,UK,social
USR-01985,2025-01-12,India,organic
USR-01986,2025-06-29,Italy,social
USR-01987,2024-07-26,Japan,affiliates
USR-01988,2023-06-06,Canada,organic
USR-01989,2025-03-25,Japan,referral
USR-01990,2023-10-01,UK,organic
USR-01991,2023-08-31,Japan,organic
USR-01992,2024-10-25,India,affiliates
USR-01993,2024-09-01,UAE,organic
USR-01994,2023-07-16,India,email
USR-01995,2023-10-07,Spain,organic
USR-01996,2024-08-22,Germany,social
USR-01997,2023-12-12,Italy,social
USR-01998,2024-11-01,US,affiliates
USR-01999,2024-04-08,US,referral
USR-02000,2024-08-20,France,email
USR-02001,2024-05-26,UK,paid_search
USR-02002,2024-03-04,Singapore,organic
USR-02003,2024-02-16,US,social
USR-02004,2024-11-11,Germany,paid_search
USR-02005,2024-06-25,UK,organic
USR-02006,2024-08-25,US,affiliates
USR-02007,2024-08-12,UAE,paid_search
USR-02008,2023-11-05,US,organic
USR-02009,2025-04-25,US,affiliates
USR-02010,2024-08-01,US,social
USR-02011,2024-11-27,US,email
USR-02012,2025-04-01,UAE,organic
USR-02013,2025-05-03,US,paid_search
USR-02014,2024-10-19,India,social
USR-02015,2025-01-19,UAE,organic
USR-02016,2024-05-24,France,email
USR-02017,2024-12-12,Germany,organic
USR-02018,2024-01-31,US,organic
USR-02019,2024-11-22,Australia,organic
USR-02020,2023-08-05,India,organic
USR-02021,2025-04-25,US,organic
USR-02022,2023-12-03,Japan,referral
USR-02023,2024-10-11,UAE,social
USR-02024,2023-06-09,Germany,organic
USR-02025,2023-09-27,Japan,social
USR-02026,2025-06-19,UK,organic
USR-02027,2025-02-23,Italy,paid_search
USR-02028,2023-11-17,UAE,affiliates
USR-02029,2023-09-08,India,email
USR-02030,2025-02-09,US,social
USR-02031,2025-06-22,UK,organic
USR-02032,2023-10-07,Australia,organic
USR-02033,2024-10-17,UK,referral
USR-02034,2024-01-02,US,social
USR-02035,2024-12-17,Singapore,social
USR-02036,2024-04-13,Singapore,affiliates
USR-02037,2023-09-04,US,paid_search
USR-02038,2024-02-02,Spain,referral
USR-02039,2024-07-14,France,social
USR-02040,2025-01-27,Italy,organic
USR-02041,2023-06-16,UK,organic
USR-02042,2025-05-28,UK,social
USR-02043,2024-10-06,UAE,organic
USR-02044,2025-03-27,UK,email
USR-02045,2025-05-07,France,email
USR-02046,2023-09-25,UK,paid_search
USR-02047,2023-08-11,Spain,social
USR-02048,2025-01-11,Japan,social
USR-02049,2023-10-21,Italy,paid_search
USR-02050,2023-09-21,Australia,affiliates
USR-02051,2024-05-22,Japan,organic
USR-02052,2025-04-25,France,affiliates
USR-02053,2025-01-25,India,organic
USR-02054,2024-06-28,Japan,organic
USR-02055,2023-10-28,Japan,email
USR-02056,2024-02-11,Canada,organic
USR-02057,2024-11-05,Spain,organic
USR-02058,2023-09-28,US,organic
USR-02059,2024-07-03,Australia,email
USR-02060,2023-06-09,Australia,social
USR-02061,2024-02-03,UAE,organic
USR-02062,2023-12-06,Italy,paid_search
USR-02063,2024-10-30,Germany,organic
USR-02064,2025-04-25,Australia,affiliates
USR-02065,2023-09-20,UK,organic
USR-02066,2025-01-26,Italy,social
USR-02067,2024-10-11,UK,paid_search
USR-02068,2025-06-07,India,social
USR-02069,2025-04-23,UK,affiliates
USR-02070,2023-08-16,France,paid_search
USR-02071,2024-12-16,US,email
USR-02072,2024-08-24,Australia,paid_search
USR-02073,2023-08-25,Germany,social
USR-02074,2023-12-13,Japan,paid_search
USR-02075,2025-05-05,US,organic
USR-02076,2024-07-17,UK,organic
USR-02077,2024-02-13,Spain,organic
USR-02078,2024-01-30,Singapore,affiliates
USR-02079,2025-02-26,Germany,referral
USR-02080,2024-01-02,Spain,organic
USR-02081,2023-09-29,Italy,social
USR-02082,2024-08-10,Germany,email
USR-02083,2025-06-24,Australia,paid_search
USR-02084,2023-10-18,Singapore,paid_search
USR-02085,2023-12-12,UAE,email
USR-02086,2024-05-22,India,organic
USR-02087,2023-10-30,UK,social
USR-02088,2024-10-07,US,organic
USR-02089,2023-12-10,Spain,organic
USR-02090,2023-09-06,Singapore,email
USR-02091,2023-12-16,India,email
USR-02092,2025-05-08,UAE,affiliates
USR-02093,2025-05-11,US,organic
USR-02094,2024-06-19,US,email
USR-02095,2024-03-31,Australia,affiliates
USR-02096,2025-02-12,India,social
USR-02097,2023-10-26,US,affiliates
USR-02098,2024-10-09,France,affiliates
USR-02099,2024-10-29,India,referral
USR-02100,2024-11-21,Singapore,affiliates
USR-02101,2023-11-13,Australia,social
USR-02102,2024-11-26,Germany,paid_search
USR-02103,2024-09-08,Germany,affiliates
USR-02104,2025-03-27,India,referral
USR-02105,2023-10-11,Germany,organic
USR-02106,2024-09-09,India,paid_search
USR-02107,2025-02-20,UK,organic
USR-02108,2023-12-29,Italy,affiliates
USR-02109,2024-12-17,India,organic
USR-02110,2023-08-15,France,paid_search
USR-02111,2024-11-27,UK,paid_search
USR-02112,2024-09-03,Italy,organic
USR-02113,2023-10-25,US,affiliates
USR-02114,2023-07-21,India,paid_search
USR-02115,2024-12-18,Italy,organic
USR-02116,2023-12-01,France,organic
USR-02117,2024-06-13,Australia,referral
USR-02118,2023-07-17,US,social
USR-02119,2025-06-02,Singapore,paid_search
USR-02120,2024-07-22,Canada,paid_search
USR-02121,2025-05-09,Germany,affiliates
USR-02122,2023-09-30,Singapore,referral
USR-02123,2023-11-04,India,email
USR-02124,2024-09-06,Singapore,paid_search
USR-02125,2024-09-02,Japan,affiliates
USR-02126,2025-01-22,Singapore,email
USR-02127,2025-05-06,Australia,paid_search
USR-02128,2025-02-14,Germany,affiliates
USR-02129,2023-09-15,Germany,affiliates
USR-02130,2024-01-22,US,email
USR-02131,2025-04-25,Singapore,referral
USR-02132,2024-07-22,Japan,paid_search
USR-02133,2025-03-20,UAE,paid_search
USR-02134,2024-08-01,US,organic
USR-02135,2023-07-08,Germany,social
USR-02136,2024-05-25,Singapore,paid_search
USR-02137,2025-02-16,Australia,paid_search
USR-02138,2024-10-10,UK,affiliates
USR-02139,2023-09-09,UK,organic
USR-02140,2023-11-07,India,referral
USR-02141,2025-03-11,UK,organic
USR-02142,2025-06-14,Canada,organic
USR-02143,2024-12-24,India,organic
USR-02144,2023-08-14,Germany,paid_search
USR-02145,2024-09-13,US,paid_search
USR-02146,2025-02-20,France,paid_search
USR-02147,2024-09-29,Canada,social
USR-02148,2024-08-25,France,paid_search
USR-02149,2024-05-21,UK,organic
USR-02150,2023-12-04,US,paid_search
USR-02151,2023-12-31,Canada,organic
USR-02152,2024-12-18,Canada,organic
USR-02153,2023-07-24,US,organic
USR-02154,2023-08-04,Germany,email
USR-02155,2024-03-28,UK,email
USR-02156,2025-01-09,Germany,affiliates
USR-02157,2024-10-12,UK,referral
USR-02158,2024-08-22,Spain,social
USR-02159,2024-07-10,Australia,paid_search
USR-02160,2023-08-24,US,organic
USR-02161,2024-02-08,France,social
USR-02162,2023-07-31,UK,organic
USR-02163,2024-12-28,India,organic
USR-02164,2024-12-22,UK,affiliates
USR-02165,2023-12-14,US,organic
USR-02166,2024-01-09,Canada,organic
USR-02167,2024-01-28,UK,affiliates
USR-02168,2025-04-06,Italy,paid_search
USR-02169,2024-06-06,UK,paid_search
USR-02170,2024-12-31,France,organic
USR-02171,2024-05-07,France,paid_search
USR-02172,2024-11-12,Australia,affiliates
USR-02173,2024-07-06,US,email
USR-02174,2023-12-29,US,paid_search
USR-02175,2025-03-27,Singapore,paid_search
USR-02176,2024-11-20,Singapore,paid_search
USR-02177,2025-01-05,Singapore,social
USR-02178,2025-05-21,UK,organic
USR-02179,2023-12-07,US,organic
USR-02180,2023-08-09,Italy,email
USR-02181,2024-08-16,Germany,affiliates
USR-02182,2024-02-03,Germany,affiliates
USR-02183,2024-04-27,US,referral
USR-02184,2023-11-26,US,social
USR-02185,2024-03-29,Australia,referral
USR-02186,2024-03-25,Singapore,affiliates
USR-02187,2024-02-22,UK,organic
USR-02188,2024-12-16,Australia,paid_search
USR-02189,2024-08-24,Germany,organic
USR-02190,2024-05-26,India,affiliates
USR-02191,2023-08-25,India,affiliates
USR-02192,2024-08-07,Singapore,referral
USR-02193,2023-10-12,India,organic
USR-02194,2024-01-25,Germany,affiliates
USR-02195,2024-04-11,Singapore,organic
USR-02196,2023-09-16,US,organic
USR-02197,2024-03-23,Australia,social
USR-02198,2023-12-20,India,referral
USR-02199,2025-03-07,India,affiliates
USR-02200,2025-03-15,Singapore,paid_search
USR-02201,2023-06-04,Germany,paid_search
USR-02202,2024-08-31,France,paid_search
USR-02203,2024-09-29,UAE,organic
USR-02204,2024-03-14,Japan,affiliates
USR-02205,2024-05-22,Spain,paid_search
USR-02206,2025-01-21,Italy,organic
USR-02207,2024-03-14,US,paid_search
USR-02208,2023-07-19,India,email
USR-02209,2024-03-10,Germany,affiliates
USR-02210,2023-12-10,UK,organic
USR-02211,2024-03-17,Spain,organic
USR-02212,2023-11-22,India,affiliates
USR-02213,2023-09-22,US,social
USR-02214,2025-06-18,US,paid_search
USR-02215,2023-09-06,US,organic
USR-02216,2024-11-18,India,affiliates
USR-02217,2024-11-27,Germany,email
USR-02218,2024-09-12,Germany,organic
USR-02219,2025-04-23,US,organic
USR-02220,2023-06-04,US,organic
USR-02221,2024-01-16,Italy,organic
USR-02222,2023-10-19,UK,organic
USR-02223,2024-08-12,France,organic
USR-02224,2024-09-26,France,organic
USR-02225,2025-04-13,Germany,paid_search
USR-02226,2024-03-15,Japan,paid_search
USR-02227,2023-11-27,UAE,paid_search
USR-02228,2025-05-03,Canada,referral
USR-02229,2024-10-24,Italy,organic
USR-02230,2025-01-02,US,affiliates
USR-02231,2024-05-04,US,affiliates
USR-02232,2024-05-06,India,affiliates
USR-02233,2024-03-22,India,organic
USR-02234,2024-12-21,Germany,organic
USR-02235,2023-11-08,US,social
USR-02236,2025-06-11,US,organic
USR-02237,2023-10-12,India,organic
USR-02238,2024-05-16,UAE,organic
USR-02239,2024-01-26,UAE,social
USR-02240,2024-10-01,Canada,referral
USR-02241,2024-10-30,US,organic
USR-02242,2025-04-29,India,affiliates
USR-02243,2025-01-20,Australia,referral
USR-02244,2023-12-06,Singapore,organic
USR-02245,2023-11-05,Germany,paid_search
USR-02246,2025-04-04,Germany,organic
USR-02247,2024-06-05,UK,affiliates
USR-02248,2023-08-14,Japan,email
USR-02249,2025-02-16,UAE,email
USR-02250,2024-10-05,Germany,email
USR-02251,2023-06-20,Germany,organic
USR-02252,2025-01-15,India,affiliates
USR-02253,2024-09-04,US,affiliates
USR-02254,2024-09-10,Singapore,email
USR-02255,2025-03-19,France,paid_search
USR-02256,2024-06-11,UK,organic
USR-02257,2024-05-16,India,organic
USR-02258,2024-09-12,Japan,organic
USR-02259,2023-10-29,India,social
USR-02260,2023-09-24,India,referral
USR-02261,2025-03-03,UAE,affiliates
USR-02262,2023-11-11,Spain,organic
USR-02263,2024-06-18,UAE,organic
USR-02264,2023-12-23,Italy,organic
USR-02265,2023-11-23,UK,affiliates
USR-02266,2024-08-28,Japan,referral
USR-02267,2025-01-30,Japan,paid_search
USR-02268,2024-05-01,France,social
USR-02269,2023-09-14,UAE,social
USR-02270,2023-12-03,US,organic
USR-02271,2023-10-04,France,organic
USR-02272,2025-04-01,US,organic
USR-02273,2024-01-29,UK,organic
USR-02274,2024-03-11,Canada,social
USR-02275,2023-07-24,US,paid_search
USR-02276,2024-05-04,Germany,email
USR-02277,2025-04-25,US,social
USR-02278,2024-04-07,India,social
USR-02279,2024-10-07,India,affiliates
USR-02280,2023-10-17,India,paid_search
USR-02281,2023-09-17,UAE,social
USR-02282,2024-12-08,Australia,organic
USR-02283,2023-07-20,India,email
USR-02284,2024-05-06,Canada,paid_search
USR-02285,2024-01-27,UAE,organic
USR-02286,2023-06-13,Germany,organic
USR-02287,2024-07-08,US,email
USR-02288,2025-06-02,UK,social
USR-02289,2023-07-23,Italy,social
USR-02290,2025-02-09,Germany,paid_search
USR-02291,2024-07-14,India,social
USR-02292,2024-12-01,Spain,social
USR-02293,2023-08-13,India,organic
USR-02294,2025-03-22,Spain,paid_search
USR-02295,2023-06-09,India,paid_search
USR-02296,2025-04-20,Japan,referral
USR-02297,2024-10-12,US,paid_search
USR-02298,2024-02-12,UK,paid_search
USR-02299,2023-06-06,Singapore,affiliates
USR-02300,2024-09-07,US,affiliates
USR-02301,2023-08-06,Australia,organic
USR-02302,2024-09-05,UAE,affiliates
USR-02303,2025-01-08,US,organic
USR-02304,2023-12-21,US,affiliates
USR-02305,2023-11-29,Japan,organic
USR-02306,2023-11-16,Germany,paid_search
USR-02307,2023-11-18,Japan,affiliates
USR-02308,2023-08-26,UK,organic
USR-02309,2023-12-07,Japan,referral
USR-02310,2024-10-14,France,paid_search
USR-02311,2024-01-16,UAE,organic
USR-02312,2025-01-14,India,affiliates
USR-02313,2025-02-12,UK,social
USR-02314,2024-12-30,Australia,affiliates
USR-02315,2024-07-15,Canada,affiliates
USR-02316,2024-01-27,India,organic
USR-02317,2025-05-07,Australia,organic
USR-02318,2023-11-03,US,paid_search
USR-02319,2024-05-19,UK,social
USR-02320,2024-05-10,UK,organic
USR-02321,2024-12-18,India,paid_search
USR-02322,2024-07-20,UK,referral
USR-02323,2025-01-28,India,organic
USR-02324,2025-04-29,UK,email
USR-02325,2024-03-23,Singapore,paid_search
USR-02326,2025-03-26,Italy,organic
USR-02327,2023-10-07,UAE,organic
USR-02328,2025-04-27,US,organic
USR-02329,2023-10-14,Spain,social
USR-02330,2025-03-08,US,organic
USR-02331,2024-03-23,Singapore,referral
USR-02332,2025-06-03,Germany,referral
USR-02333,2023-09-07,India,organic
USR-02334,2024-05-19,UK,affiliates
USR-02335,2025-04-16,Italy,affiliates
USR-02336,2023-07-07,Australia,organic
USR-02337,2023-12-19,UAE,affiliates
USR-02338,2023-08-03,Australia,organic
USR-02339,2024-01-31,Australia,social
USR-02340,2024-03-23,US,organic
USR-02341,2024-09-13,Singapore,referral
USR-02342,2023-12-13,India,referral
USR-02343,2023-09-29,France,affiliates
USR-02344,2023-10-08,UK,affiliates
USR-02345,2025-05-14,Canada,organic
USR-02346,2025-05-25,Singapore,social
USR-02347,2023-11-16,US,organic
USR-02348,2023-10-27,India,organic
USR-02349,2023-07-12,India,organic
USR-02350,2025-05-30,Singapore,affiliates
USR-02351,2024-11-18,Japan,email
USR-02352,2024-12-30,India,organic
USR-02353,2024-01-07,France,affiliates
USR-02354,2024-09-30,Germany,referral
USR-02355,2023-07-16,India,paid_search
USR-02356,2024-10-26,France,paid_search
USR-02357,2024-08-14,UK,email
USR-02358,2024-02-07,US,email
USR-02359,2024-11-21,India,paid_search
USR-02360,2024-10-04,Japan,paid_search
USR-02361,2024-04-29,India,organic
USR-02362,2023-10-20,US,paid_search
USR-02363,2023-06-18,Singapore,paid_search
USR-02364,2025-05-13,Australia,organic
USR-02365,2023-12-31,France,organic
USR-02366,2024-01-16,UK,social
USR-02367,2024-10-30,UAE,paid_search
USR-02368,2023-12-11,India,paid_search
USR-02369,2024-03-12,UAE,organic
USR-02370,2024-11-22,US,affiliates
USR-02371,2024-08-26,UK,organic
USR-02372,2024-10-11,India,paid_search
USR-02373,2023-06-04,Singapore,organic
USR-02374,2024-05-08,India,email
USR-02375,2024-05-27,US,paid_search
USR-02376,2024-09-23,France,paid_search
USR-02377,2023-09-24,Singapore,affiliates
USR-02378,2023-09-30,UK,referral
USR-02379,2024-12-31,Singapore,paid_search
USR-02380,2024-10-24,UAE,paid_search
USR-02381,2025-02-06,India,affiliates
USR-02382,2023-12-23,Canada,affiliates
USR-02383,2025-06-28,Japan,email
USR-02384,2023-12-25,India,referral
USR-02385,2024-10-07,UK,affiliates
USR-02386,2023-10-02,US,affiliates
USR-02387,2025-04-29,US,organic
USR-02388,2024-02-08,Germany,affiliates
USR-02389,2025-01-30,Japan,email
USR-02390,2024-02-07,Italy,social
USR-02391,2025-01-22,US,paid_search
USR-02392,2024-05-11,India,paid_search
USR-02393,2023-07-18,UK,referral
USR-02394,2023-10-23,Germany,social
USR-02395,2024-11-01,UK,organic
USR-02396,2023-10-25,Australia,social
USR-02397,2023-12-27,Italy,organic
USR-02398,2024-07-16,US,paid_search
USR-02399,2023-12-10,Singapore,social
USR-02400,2023-09-06,Germany,social
USR-02401,2024-09-17,Spain,organic
USR-02402,2024-11-05,France,organic
USR-02403,2024-12-09,US,organic
USR-02404,2025-05-18,UAE,social
USR-02405,2023-09-03,UK,affiliates
USR-02406,2024-04-20,Germany,referral
USR-02407,2023-11-25,US,email
USR-02408,2025-04-15,UAE,paid_search
USR-02409,2024-07-15,Italy,organic
USR-02410,2023-08-14,UK,affiliates
USR-02411,2024-11-08,India,paid_search
USR-02412,2023-07-03,Singapore,organic
USR-02413,2023-12-26,US,social
USR-02414,2024-11-30,Germany,email
USR-02415,2024-06-19,UAE,paid_search
USR-02416,2024-12-30,India,organic
USR-02417,2024-08-08,Italy,social
USR-02418,2025-03-02,France,organic
USR-02419,2024-08-01,UAE,paid_search
USR-02420,2023-07-14,UK,referral
USR-02421,2023-07-25,UK,affiliates
USR-02422,2025-01-11,UK,paid_search
USR-02423,2023-06-30,Japan,organic
USR-02424,2024-03-13,Japan,paid_search
USR-02425,2023-06-13,Spain,organic
USR-02426,2024-01-17,US,affiliates
USR-02427,2024-08-26,France,email
USR-02428,2023-10-10,Spain,paid_search
USR-02429,2024-05-20,UAE,referral
USR-02430,2025-06-26,UK,paid_search
USR-02431,2023-07-24,Japan,social
USR-02432,2023-07-19,US,affiliates
USR-02433,2023-12-24,US,organic
USR-02434,2025-02-18,Japan,paid_search
USR-02435,2024-04-04,France,affiliates
USR-02436,2024-09-29,India,paid_search
USR-02437,2023-06-26,Germany,paid_search
USR-02438,2024-12-10,Canada,organic
USR-02439,2023-07-22,UK,paid_search
USR-02440,2024-11-22,Singapore,paid_search
USR-02441,2023-09-21,India,paid_search
USR-02442,2025-03-14,UK,organic
USR-02443,2024-01-12,India,paid_search
USR-02444,2023-10-18,Germany,social
USR-02445,2024-02-11,US,affiliates
USR-02446,2023-06-01,India,social
USR-02447,2023-10-04,UAE,social
USR-02448,2024-08-28,Germany,referral
USR-02449,2024-01-15,Singapore,organic
USR-02450,2024-02-24,Italy,paid_search
USR-02451,2025-02-03,India,organic
USR-02452,2023-09-03,India,paid_search
USR-02453,2024-03-27,France,affiliates
USR-02454,2023-10-20,Germany,paid_search
USR-02455,2024-06-01,UK,affiliates
USR-02456,2024-02-08,India,organic
USR-02457,2023-07-06,US,paid_search
USR-02458,2023-07-24,India,paid_search
USR-02459,2025-03-09,Canada,organic
USR-02460,2023-07-14,Germany,paid_search
USR-02461,2025-01-15,India,social
USR-02462,2025-04-27,Germany,paid_search
USR-02463,2024-05-20,UAE,referral
USR-02464,2024-01-24,France,affiliates
USR-02465,2025-01-11,France,paid_search
USR-02466,2025-06-16,Singapore,affiliates
USR-02467,2023-08-31,UK,organic
USR-02468,2025-06-02,Germany,organic
USR-02469,2025-05-18,Germany,paid_search
USR-02470,2023-09-17,Singapore,social
USR-02471,2023-07-12,Canada,social
USR-02472,2024-11-25,Spain,social
USR-02473,2023-07-30,France,affiliates
USR-02474,2024-08-30,US,organic
USR-02475,2023-07-20,Germany,referral
USR-02476,2024-11-06,Italy,social
USR-02477,2023-11-24,Australia,paid_search
USR-02478,2023-08-13,Italy,organic
USR-02479,2023-07-21,US,paid_search
USR-02480,2023-10-22,Singapore,paid_search
USR-02481,2024-07-15,Japan,referral
USR-02482,2023-07-29,UAE,paid_search
USR-02483,2025-01-30,UAE,organic
USR-02484,2024-09-02,France,referral
USR-02485,2024-01-12,UAE,social
USR-02486,2025-06-19,US,affiliates
USR-02487,2024-10-13,UK,social
USR-02488,2024-10-23,Italy,social
USR-02489,2023-10-11,Australia,paid_search
USR-02490,2024-11-22,Italy,email
USR-02491,2024-07-29,India,paid_search
USR-02492,2025-06-18,UK,organic
USR-02493,2024-05-29,US,affiliates
USR-02494,2024-10-28,Italy,email
USR-02495,2024-02-15,UAE,social
USR-02496,2023-07-01,Australia,paid_search
USR-02497,2023-09-06,India,email
USR-02498,2025-03-20,Germany,organic
USR-02499,2024-12-12,Spain,paid_search
USR-02500,2024-03-04,US,organic
USR-02501,2024-11-12,Australia,organic
USR-02502,2023-06-04,Germany,organic
USR-02503,2023-06-29,UK,referral
USR-02504,2024-06-20,UK,organic
USR-02505,2024-09-17,Japan,referral
USR-02506,2025-05-13,UAE,affiliates
USR-02507,2024-12-29,Spain,organic
USR-02508,2023-12-13,Spain,email
USR-02509,2025-02-09,India,paid_search
USR-02510,2024-06-08,Spain,affiliates
USR-02511,2025-02-17,Australia,paid_search
USR-02512,2023-10-11,US,paid_search
USR-02513,2023-06-20,Spain,organic
USR-02514,2023-07-14,US,affiliates
USR-02515,2025-06-23,India,organic
USR-02516,2023-08-01,India,referral
USR-02517,2025-05-14,Italy,organic
USR-02518,2024-12-04,UK,social
USR-02519,2023-09-19,France,paid_search
USR-02520,2025-03-18,UAE,organic
USR-02521,2023-09-18,UK,organic
USR-02522,2023-09-17,Spain,organic
USR-02523,2024-08-11,Australia,referral
USR-02524,2024-01-06,UK,email
USR-02525,2024-01-08,UK,organic
USR-02526,2023-10-27,Canada,paid_search
USR-02527,2024-09-04,US,organic
USR-02528,2023-06-21,UK,email
USR-02529,2023-12-04,Australia,referral
USR-02530,2024-07-25,Japan,affiliates
USR-02531,2024-06-04,UAE,affiliates
USR-02532,2024-11-13,Germany,paid_search
USR-02533,2023-11-12,Japan,organic
USR-02534,2024-10-05,UAE,affiliates
USR-02535,2024-12-29,UAE,organic
USR-02536,2024-03-21,Italy,organic
USR-02537,2023-12-13,UAE,paid_search
USR-02538,2024-07-26,France,referral
USR-02539,2024-08-13,India,email
USR-02540,2023-08-11,France,affiliates
USR-02541,2024-08-03,France,paid_search
USR-02542,2023-09-26,India,organic
USR-02543,2024-08-06,France,paid_search
USR-02544,2025-05-09,Spain,referral
USR-02545,2024-07-13,India,organic
USR-02546,2024-12-30,UK,affiliates
USR-02547,2024-01-22,US,paid_search
USR-02548,2025-05-02,US,referral
USR-02549,2025-02-07,Spain,referral
USR-02550,2025-04-27,France,paid_search
USR-02551,2024-12-15,US,email
USR-02552,2024-10-06,Spain,paid_search
USR-02553,2024-07-04,UK,referral
USR-02554,2025-05-06,US,referral
USR-02555,2025-03-06,Italy,social
USR-02556,2024-04-12,Germany,organic
USR-02557,2023-08-05,Spain,affiliates
USR-02558,2023-06-03,Italy,affiliates
USR-02559,2023-11-25,Australia,social
USR-02560,2023-07-18,UK,affiliates
USR-02561,2023-11-08,Spain,paid_search
USR-02562,2023-08-23,Singapore,paid_search
USR-02563,2025-06-15,US,paid_search
USR-02564,2023-08-12,Australia,organic
USR-02565,2024-09-19,India,social
USR-02566,2024-02-23,Japan,social
USR-02567,2023-10-11,Germany,organic
USR-02568,2024-11-14,France,organic
USR-02569,2025-06-07,UK,email
USR-02570,2025-01-21,Japan,referral
USR-02571,2025-06-11,Germany,affiliates
USR-02572,2024-08-22,UK,organic
USR-02573,2024-10-24,UK,referral
USR-02574,2023-09-20,Spain,organic
USR-02575,2025-03-09,US,organic
USR-02576,2024-12-20,Germany,email
USR-02577,2023-12-11,UAE,paid_search
USR-02578,2024-02-25,US,referral
USR-02579,2024-09-07,Germany,organic
USR-02580,2023-06-10,US,organic
USR-02581,2025-02-11,Australia,social
USR-02582,2023-12-31,Italy,organic
USR-02583,2023-07-27,US,organic
USR-02584,2024-02-07,France,organic
USR-02585,2025-02-25,France,paid_search
USR-02586,2023-12-26,Australia,referral
USR-02587,2024-07-14,India,organic
USR-02588,2025-02-07,Germany,social
USR-02589,2023-06-26,Japan,social
USR-02590,2024-12-29,US,social
USR-02591,2024-01-06,Germany,paid_search
USR-02592,2024-11-10,UK,social
USR-02593,2023-10-21,Germany,affiliates
USR-02594,2023-09-14,India,organic
USR-02595,2025-01-20,Australia,referral
USR-02596,2025-02-03,India,organic
USR-02597,2025-06-15,UK,paid_search
USR-02598,2024-10-27,Italy,paid_search
USR-02599,2024-05-20,Italy,organic
USR-02600,2023-10-27,Singapore,organic
USR-02601,2024-01-11,Singapore,organic
USR-02602,2024-10-05,US,organic
USR-02603,2024-02-19,UAE,social
USR-02604,2024-06-02,UK,organic
USR-02605,2023-10-06,US,referral
USR-02606,2024-04-29,Australia,affiliates
USR-02607,2023-11-28,Singapore,organic
USR-02608,2023-08-25,US,organic
USR-02609,2023-09-09,UK,paid_search
USR-02610,2024-06-28,Australia,affiliates
USR-02611,2024-03-05,UK,paid_search
USR-02612,2023-08-15,US,organic
USR-02613,2024-06-25,US,affiliates
USR-02614,2023-10-03,UK,paid_search
USR-02615,2023-06-12,India,paid_search
USR-02616,2023-09-09,Canada,affiliates
USR-02617,2024-05-06,India,affiliates
USR-02618,2025-05-26,France,paid_search
USR-02619,2023-12-01,Singapore,paid_search
USR-02620,2024-01-03,Germany,paid_search
USR-02621,2023-12-02,Singapore,organic
USR-02622,2024-02-25,UAE,paid_search
USR-02623,2024-11-27,Germany,organic
USR-02624,2024-01-31,UAE,social
USR-02625,2024-10-12,Spain,referral
USR-02626,2025-04-13,Singapore,affiliates
USR-02627,2025-05-20,Spain,referral
USR-02628,2024-08-01,UK,organic
USR-02629,2024-11-24,UAE,organic
USR-02630,2025-04-29,Singapore,social
USR-02631,2025-01-18,US,organic
USR-02632,2024-01-14,Italy,organic
USR-02633,2023-09-09,US,referral
USR-02634,2023-08-27,US,paid_search
USR-02635,2025-04-01,Italy,organic
USR-02636,2024-07-27,US,paid_search
USR-02637,2024-01-12,India,affiliates
USR-02638,2024-02-18,India,email
USR-02639,2024-01-01,Japan,organic
USR-02640,2025-01-30,France,paid_search
USR-02641,2024-09-08,Singapore,affiliates
USR-02642,2025-03-30,Spain,organic
USR-02643,2024-01-16,UAE,social
USR-02644,2024-05-25,Australia,email
USR-02645,2023-09-01,Spain,email
USR-02646,2025-06-08,India,organic
USR-02647,2024-06-24,Australia,affiliates
USR-02648,2024-07-25,France,paid_search
USR-02649,2024-04-10,UK,organic
USR-02650,2023-12-23,US,organic
USR-02651,2025-05-21,UAE,paid_search
USR-02652,2024-06-06,UK,organic
USR-02653,2024-10-25,Germany,referral
USR-02654,2023-06-29,India,affiliates
USR-02655,2023-12-27,Germany,organic
USR-02656,2025-02-01,UK,referral
USR-02657,2023-08-06,Italy,affiliates
USR-02658,2023-08-17,India,organic
USR-02659,2025-02-05,UK,email
USR-02660,2024-01-21,France,affiliates
USR-02661,2023-12-26,France,referral
USR-02662,2024-08-03,UAE,paid_search
USR-02663,2023-10-27,France,affiliates
USR-02664,2023-07-03,UK,email
USR-02665,2023-06-04,Italy,organic
USR-02666,2023-07-31,France,organic
USR-02667,2023-09-29,UK,paid_search
USR-02668,2024-11-11,Spain,paid_search
USR-02669,2024-01-13,UAE,paid_search
USR-02670,2023-07-25,UAE,organic
USR-02671,2023-06-11,India,referral
USR-02672,2024-05-28,India,email
USR-02673,2025-02-28,Germany,paid_search
USR-02674,2024-02-13,UK,organic
USR-02675,2023-07-19,US,organic
USR-02676,2023-11-21,Canada,organic
USR-02677,2024-06-14,UAE,social
USR-02678,2023-10-22,India,organic
USR-02679,2025-06-13,US,affiliates
USR-02680,2025-01-01,Singapore,organic
USR-02681,2024-02-17,US,organic
USR-02682,2025-05-24,US,affiliates
USR-02683,2024-02-03,UK,paid_search
USR-02684,2023-09-15,Singapore,paid_search
USR-02685,2025-05-14,UAE,organic
USR-02686,2025-05-30,UK,social
USR-02687,2024-01-24,UK,paid_search
USR-02688,2024-08-26,UAE,referral
USR-02689,2023-10-10,Germany,social
USR-02690,2024-09-30,UAE,affiliates
USR-02691,2024-11-06,US,social
USR-02692,2024-11-21,Singapore,referral
USR-02693,2024-08-06,Australia,email
USR-02694,2024-11-17,Germany,paid_search
USR-02695,2024-07-26,US,email
USR-02696,2025-02-13,UAE,social
USR-02697,2023-10-15,India,organic
USR-02698,2024-06-02,UK,email
USR-02699,2024-04-12,US,organic
USR-02700,2024-07-10,Japan,social
USR-02701,2023-09-16,India,organic
USR-02702,2024-02-02,Italy,organic
USR-02703,2025-05-26,France,organic
USR-02704,2023-08-19,France,organic
USR-02705,2024-09-25,UK,organic
USR-02706,2024-10-18,UAE,organic
USR-02707,2024-05-26,UK,social
USR-02708,2023-06-26,France,paid_search
USR-02709,2023-06-27,US,affiliates
USR-02710,2023-12-27,India,referral
USR-02711,2023-08-17,Germany,organic
USR-02712,2023-08-11,UK,paid_search
USR-02713,2023-09-30,US,paid_search
USR-02714,2023-10-23,Canada,paid_search
USR-02715,2025-02-27,UK,paid_search
USR-02716,2024-09-28,India,social
USR-02717,2023-06-24,India,social
USR-02718,2024-09-20,India,paid_search
USR-02719,2023-09-12,UAE,email
USR-02720,2024-04-16,US,organic
USR-02721,2023-06-29,France,referral
USR-02722,2023-08-08,UAE,affiliates
USR-02723,2023-09-09,India,organic
USR-02724,2024-04-25,Australia,referral
USR-02725,2024-05-17,Canada,referral
USR-02726,2024-02-24,UK,paid_search
USR-02727,2024-09-14,India,organic
USR-02728,2024-11-29,US,referral
USR-02729,2024-12-05,US,paid_search
USR-02730,2024-08-14,France,organic
USR-02731,2024-07-19,Germany,social
USR-02732,2024-06-08,India,paid_search
USR-02733,2023-11-28,US,organic
USR-02734,2024-06-05,US,affiliates
USR-02735,2023-06-08,Canada,organic
USR-02736,2025-06-04,Japan,paid_search
USR-02737,2024-03-08,UK,social
USR-02738,2024-12-26,UAE,organic
USR-02739,2025-05-28,France,email
USR-02740,2024-06-12,UAE,social
USR-02741,2025-03-16,Germany,paid_search
USR-02742,2024-05-30,Japan,social
USR-02743,2023-09-09,UK,affiliates
USR-02744,2023-06-21,India,affiliates
USR-02745,2023-09-12,Canada,organic
USR-02746,2025-05-17,US,paid_search
USR-02747,2024-05-27,UK,paid_search
USR-02748,2024-01-29,Singapore,affiliates
USR-02749,2024-05-05,Spain,referral
USR-02750,2023-12-12,UAE,paid_search
USR-02751,2025-03-23,Spain,affiliates
USR-02752,2025-06-29,Singapore,paid_search
USR-02753,2023-08-04,UK,organic
USR-02754,2024-11-28,Germany,social
USR-02755,2024-02-11,Spain,paid_search
USR-02756,2023-07-06,Italy,social
USR-02757,2025-05-01,US,paid_search
USR-02758,2023-07-18,UK,referral
USR-02759,2023-11-04,Spain,affiliates
USR-02760,2023-06-20,US,organic
USR-02761,2024-05-24,UK,paid_search
USR-02762,2024-08-29,Italy,email
USR-02763,2024-01-30,France,organic
USR-02764,2023-07-25,India,referral
USR-02765,2023-08-28,UK,social
USR-02766,2025-05-10,UK,organic
USR-02767,2025-02-02,Spain,affiliates
USR-02768,2025-05-13,France,paid_search
USR-02769,2024-07-08,UK,organic
USR-02770,2024-07-20,India,organic
USR-02771,2025-01-18,US,referral
USR-02772,2024-09-11,UK,affiliates
USR-02773,2024-04-27,US,paid_search
USR-02774,2024-01-08,Germany,organic
USR-02775,2024-06-03,US,organic
USR-02776,2023-07-19,India,social
USR-02777,2023-10-25,France,paid_search
USR-02778,2024-12-12,India,paid_search
USR-02779,2025-03-21,UK,paid_search
USR-02780,2023-08-17,UK,paid_search
USR-02781,2023-08-13,UK,social
USR-02782,2023-08-05,India,social
USR-02783,2025-01-22,Singapore,organic
USR-02784,2024-01-23,UK,paid_search
USR-02785,2024-02-04,Spain,paid_search
USR-02786,2023-06-10,Singapore,social
USR-02787,2025-06-09,UK,organic
USR-02788,2024-04-25,UK,organic
USR-02789,2025-01-27,US,social
USR-02790,2024-11-19,UK,organic
USR-02791,2023-09-16,Germany,social
USR-02792,2025-01-30,UK,paid_search
USR-02793,2024-07-23,Spain,organic
USR-02794,2024-09-02,France,social
USR-02795,2023-10-31,Singapore,paid_search
USR-02796,2025-03-05,Singapore,organic
USR-02797,2025-05-09,France,referral
USR-02798,2024-04-04,Japan,paid_search
USR-02799,2023-08-10,Canada,affiliates
USR-02800,2025-03-07,India,organic
USR-02801,2025-04-05,UK,affiliates
USR-02802,2024-06-19,India,referral
USR-02803,2024-08-14,US,organic
USR-02804,2023-11-17,Germany,social
USR-02805,2023-07-22,India,social
USR-02806,2025-05-18,France,paid_search
USR-02807,2024-06-02,Spain,paid_search
USR-02808,2023-12-26,US,affiliates
USR-02809,2024-11-08,Germany,email
USR-02810,2023-06-20,India,affiliates
USR-02811,2023-07-31,Spain,referral
USR-02812,2023-12-02,UAE,referral
USR-02813,2024-05-08,UK,email
USR-02814,2024-03-05,UAE,social
USR-02815,2023-10-21,US,affiliates
USR-02816,2024-02-23,Singapore,social
USR-02817,2024-02-09,Germany,organic
USR-02818,2024-07-03,India,social
USR-02819,2024-08-01,Singapore,organic
USR-02820,2025-04-02,Italy,affiliates
USR-02821,2025-02-03,Spain,social
USR-02822,2024-01-09,Germany,social
USR-02823,2025-04-17,Singapore,organic
USR-02824,2024-06-30,India,paid_search
USR-02825,2023-10-21,Spain,paid_search
USR-02826,2024-02-14,Italy,email
USR-02827,2024-12-15,UK,social
USR-02828,2025-02-14,US,paid_search
USR-02829,2024-03-11,US,organic
USR-02830,2023-09-28,US,social
USR-02831,2023-10-24,India,paid_search
USR-02832,2023-08-18,US,affiliates
USR-02833,2024-11-13,Germany,affiliates
USR-02834,2024-06-17,UK,referral
USR-02835,2024-05-08,US,paid_search
USR-02836,2024-10-23,UAE,organic
USR-02837,2025-02-19,India,affiliates
USR-02838,2025-01-25,India,affiliates
USR-02839,2023-09-13,Spain,organic
USR-02840,2024-08-22,Canada,email
USR-02841,2025-04-01,Germany,paid_search
USR-02842,2025-01-09,UK,organic
USR-02843,2024-02-06,UK,affiliates
USR-02844,2024-03-25,Australia,affiliates
USR-02845,2025-04-07,UAE,affiliates
USR-02846,2023-06-25,Singapore,organic
USR-02847,2024-07-04,UAE,paid_search
USR-02848,2023-08-28,US,affiliates
USR-02849,2025-04-10,France,email
USR-02850,2023-06-30,Spain,paid_search
USR-02851,2023-06-18,Italy,paid_search
USR-02852,2024-02-05,US,organic
USR-02853,2023-10-31,Germany,social
USR-02854,2024-06-11,UK,affiliates
USR-02855,2024-01-14,Australia,organic
USR-02856,2024-02-26,US,organic
USR-02857,2024-08-03,Singapore,paid_search
USR-02858,2024-07-31,US,social
USR-02859,2025-05-11,Germany,paid_search
USR-02860,2024-05-31,UAE,organic
USR-02861,2024-08-02,India,email
USR-02862,2024-10-28,Spain,organic
USR-02863,2023-10-11,Japan,social
USR-02864,2024-10-19,Italy,social
USR-02865,2025-03-17,India,paid_search
USR-02866,2024-01-28,Singapore,social
USR-02867,2023-10-14,Germany,email
USR-02868,2024-02-19,Germany,social
USR-02869,2023-12-27,France,social
USR-02870,2024-08-18,Germany,paid_search
USR-02871,2025-03-18,UK,paid_search
USR-02872,2024-08-27,India,paid_search
USR-02873,2023-09-04,US,paid_search
USR-02874,2024-01-26,US,paid_search
USR-02875,2024-11-05,UK,organic
USR-02876,2024-02-07,US,email
USR-02877,2024-08-19,Spain,organic
USR-02878,2024-11-09,Germany,affiliates
USR-02879,2024-02-06,UK,social
USR-02880,2024-10-05,Spain,organic
USR-02881,2024-03-29,Japan,social
USR-02882,2023-09-11,Japan,paid_search
USR-02883,2024-03-09,Italy,affiliates
USR-02884,2024-05-01,Canada,affiliates
USR-02885,2023-06-02,Germany,referral
USR-02886,2025-04-09,Australia,social
USR-02887,2024-07-06,Australia,affiliates
USR-02888,2023-06-28,India,social
USR-02889,2025-03-21,Italy,affiliates
USR-02890,2025-03-11,Spain,organic
USR-02891,2023-06-10,Spain,affiliates
USR-02892,2023-10-03,Japan,social
USR-02893,2024-03-03,India,paid_search
USR-02894,2024-06-20,India,affiliates
USR-02895,2024-12-03,UAE,email
USR-02896,2024-04-18,Singapore,affiliates
USR-02897,2024-09-07,Italy,organic
USR-02898,2023-06-08,Italy,social
USR-02899,2024-10-13,Singapore,email
USR-02900,2025-04-26,Australia,organic
USR-02901,2024-07-04,US,referral
USR-02902,2024-05-11,Australia,social
USR-02903,2024-01-12,UK,organic
USR-02904,2025-05-26,Germany,email
USR-02905,2023-06-26,UK,organic
USR-02906,2024-01-04,Germany,referral
USR-02907,2023-09-14,India,affiliates
USR-02908,2025-03-20,UK,paid_search
USR-02909,2024-06-01,UAE,paid_search
USR-02910,2025-05-02,Singapore,paid_search
USR-02911,2024-10-18,US,paid_search
USR-02912,2024-07-28,Singapore,affiliates
USR-02913,2024-06-28,US,paid_search
USR-02914,2023-11-02,UK,paid_search
USR-02915,2024-08-01,UK,organic
USR-02916,2024-11-02,Germany,social
USR-02917,2025-06-03,Spain,referral
USR-02918,2024-07-22,Germany,organic
USR-02919,2025-05-14,Spain,organic
USR-02920,2025-05-18,Germany,organic
USR-02921,2024-07-02,Spain,organic
USR-02922,2024-04-29,Canada,paid_search
USR-02923,2023-09-17,India,referral
USR-02924,2023-12-22,UK,social
USR-02925,2025-03-30,UK,organic
USR-02926,2023-09-14,Germany,social
USR-02927,2024-03-28,Germany,referral
USR-02928,2024-11-12,US,paid_search
USR-02929,2023-11-30,Japan,organic
USR-02930,2025-06-10,Australia,referral
USR-02931,2024-10-06,US,organic
USR-02932,2023-06-22,US,referral
USR-02933,2023-12-05,US,referral
USR-02934,2024-12-14,India,affiliates
USR-02935,2025-03-18,Italy,organic
USR-02936,2025-05-05,Germany,organic
USR-02937,2025-03-08,UK,affiliates
USR-02938,2023-07-27,France,paid_search
USR-02939,2024-12-06,UK,paid_search
USR-02940,2023-08-23,India,social
USR-02941,2023-07-29,India,organic
USR-02942,2024-11-07,UAE,social
USR-02943,2024-05-29,Germany,affiliates
USR-02944,2024-10-05,Italy,email
USR-02945,2025-03-09,UK,paid_search
USR-02946,2023-07-23,Spain,affiliates
USR-02947,2024-07-05,UK,email
USR-02948,2025-02-24,US,organic
USR-02949,2024-04-30,Italy,email
USR-02950,2024-07-02,Singapore,organic
USR-02951,2024-06-13,US,paid_search
USR-02952,2025-04-20,France,social
USR-02953,2023-07-08,Singapore,organic
USR-02954,2025-03-29,Australia,organic
USR-02955,2025-02-10,UAE,social
USR-02956,2025-02-07,UK,organic
USR-02957,2024-04-09,France,social
USR-02958,2024-06-27,UK,organic
USR-02959,2024-03-07,UK,email
USR-02960,2023-12-09,Germany,affiliates
USR-02961,2025-03-27,Spain,organic
USR-02962,2024-06-19,UK,referral
USR-02963,2024-12-01,Spain,organic
USR-02964,2023-08-16,Singapore,paid_search
USR-02965,2025-01-20,Singapore,paid_search
USR-02966,2024-10-13,US,organic
USR-02967,2025-06-28,India,organic
USR-02968,2023-09-10,UK,referral
USR-02969,2024-07-15,US,referral
USR-02970,2024-06-23,US,affiliates
USR-02971,2024-07-14,India,affiliates
USR-02972,2023-07-12,US,paid_search
USR-02973,2024-05-25,US,organic
USR-02974,2024-01-14,Japan,organic
USR-02975,2024-09-12,Spain,social
USR-02976,2023-11-24,India,affiliates
USR-02977,2024-04-26,Australia,organic
USR-02978,2024-09-14,US,organic
USR-02979,2023-07-19,India,paid_search
USR-02980,2025-01-18,Spain,affiliates
USR-02981,2024-11-25,France,paid_search
USR-02982,2023-07-14,US,email
USR-02983,2023-07-20,India,paid_search
USR-02984,2025-03-08,France,paid_search
USR-02985,2024-01-02,UAE,paid_search
USR-02986,2025-03-16,India,referral
USR-02987,2024-06-14,France,referral
USR-02988,2024-02-16,US,paid_search
USR-02989,2023-12-25,Germany,organic
USR-02990,2024-10-13,US,organic
USR-02991,2023-08-23,Italy,organic
USR-02992,2024-04-01,Singapore,organic
USR-02993,2024-02-18,India,organic
USR-02994,2023-09-26,Singapore,email
USR-02995,2024-02-24,UK,referral
USR-02996,2024-07-06,India,email
USR-02997,2024-10-27,France,email
USR-02998,2023-08-05,France,affiliates
USR-02999,2025-03-25,Singapore,affiliates
USR-03000,2025-03-29,Australia,organic
USR-03001,2024-11-07,India,organic
USR-03002,2025-05-03,India,organic
USR-03003,2024-04-21,Germany,affiliates
USR-03004,2025-02-14,US,organic
USR-03005,2024-12-04,UK,paid_search
USR-03006,2024-08-01,Australia,social
USR-03007,2023-10-15,Spain,social
USR-03008,2024-07-28,Australia,social
USR-03009,2025-04-16,US,referral
USR-03010,2025-06-18,UK,social
USR-03011,2024-05-06,France,affiliates
USR-03012,2023-12-06,Australia,organic
USR-03013,2024-12-20,UK,affiliates
USR-03014,2023-07-28,UK,social
USR-03015,2023-09-23,UK,organic
USR-03016,2024-08-01,Spain,affiliates
USR-03017,2025-06-22,Spain,affiliates
USR-03018,2024-02-05,Singapore,referral
USR-03019,2024-05-02,UK,affiliates
USR-03020,2024-01-31,Singapore,paid_search
USR-03021,2024-04-30,France,organic
USR-03022,2023-06-06,UK,organic
USR-03023,2024-08-25,US,affiliates
USR-03024,2024-08-27,France,referral
USR-03025,2024-01-26,India,affiliates
USR-03026,2023-12-18,Australia,referral
USR-03027,2024-12-30,France,social
USR-03028,2023-10-21,India,organic
USR-03029,2023-07-06,UAE,organic
USR-03030,2023-07-01,UAE,paid_search
USR-03031,2025-04-01,UK,referral
USR-03032,2024-03-03,Germany,organic
USR-03033,2023-08-17,US,affiliates
USR-03034,2025-03-30,India,email
USR-03035,2023-09-21,Singapore,paid_search
USR-03036,2024-02-11,Germany,affiliates
USR-03037,2023-06-16,India,social
USR-03038,2024-10-29,US,email
USR-03039,2024-11-13,France,paid_search
USR-03040,2024-12-26,India,paid_search
USR-03041,2023-12-17,Japan,organic
USR-03042,2024-02-05,Germany,social
USR-03043,2025-05-13,Italy,referral
USR-03044,2025-02-14,India,affiliates
USR-03045,2023-06-29,Italy,affiliates
USR-03046,2024-11-07,UK,organic
USR-03047,2025-02-07,US,affiliates
USR-03048,2024-07-30,UK,organic
USR-03049,2024-09-29,UK,organic
USR-03050,2023-06-01,Japan,email
USR-03051,2023-06-23,Singapore,affiliates
USR-03052,2023-06-27,UAE,affiliates
USR-03053,2023-09-29,Germany,referral
USR-03054,2025-06-23,Germany,organic
USR-03055,2024-09-25,UAE,organic
USR-03056,2025-01-15,Italy,organic
USR-03057,2024-01-11,Germany,social
USR-03058,2025-05-13,Singapore,paid_search
USR-03059,2023-10-30,US,organic
USR-03060,2025-04-16,Canada,paid_search
USR-03061,2023-06-24,UK,social
USR-03062,2023-06-16,India,email
USR-03063,2023-07-30,Japan,paid_search
USR-03064,2025-01-22,US,paid_search
USR-03065,2023-12-13,UK,social
USR-03066,2024-05-08,India,email
USR-03067,2024-05-24,India,organic
USR-03068,2025-01-21,Australia,organic
USR-03069,2024-02-21,Italy,affiliates
USR-03070,2023-06-06,France,referral
USR-03071,2024-03-20,Canada,organic
USR-03072,2024-01-06,UAE,social
USR-03073,2024-12-07,Italy,social
USR-03074,2024-12-23,US,organic
USR-03075,2023-08-09,France,organic
USR-03076,2025-01-23,UK,affiliates
USR-03077,2023-07-24,UK,paid_search
USR-03078,2024-09-13,Singapore,organic
USR-03079,2024-03-22,UK,referral
USR-03080,2024-01-15,Germany,paid_search
USR-03081,2024-06-02,Singapore,social
USR-03082,2024-01-22,UK,organic
USR-03083,2025-01-24,France,organic
USR-03084,2025-06-04,UAE,organic
USR-03085,2025-02-10,Japan,affiliates
USR-03086,2024-04-29,US,social
USR-03087,2024-06-17,Canada,referral
USR-03088,2024-05-05,Italy,organic
USR-03089,2025-01-24,UAE,referral
USR-03090,2024-07-24,India,paid_search
USR-03091,2024-05-21,Singapore,social
USR-03092,2024-04-07,Spain,paid_search
USR-03093,2024-03-12,US,social
USR-03094,2024-07-25,Canada,organic
USR-03095,2024-11-05,Japan,organic
USR-03096,2024-04-24,France,referral
USR-03097,2025-02-03,Singapore,organic
USR-03098,2025-02-18,France,organic
USR-03099,2024-04-22,Spain,affiliates
USR-03100,2025-04-21,Italy,organic
USR-03101,2023-10-10,UK,social
USR-03102,2025-05-09,UK,referral
USR-03103,2024-01-10,India,email
USR-03104,2024-08-02,Japan,organic
USR-03105,2024-01-02,India,social
USR-03106,2024-05-02,Japan,social
USR-03107,2024-02-14,France,paid_search
USR-03108,2024-11-17,US,referral
USR-03109,2023-08-01,Japan,affiliates
USR-03110,2025-02-27,Germany,organic
USR-03111,2025-04-17,India,organic
USR-03112,2024-08-01,UK,email
USR-03113,2024-07-20,UK,paid_search
USR-03114,2024-11-13,UK,referral
USR-03115,2023-10-30,India,organic
USR-03116,2024-12-21,Germany,organic
USR-03117,2023-11-14,US,email
USR-03118,2024-10-27,UK,affiliates
USR-03119,2024-01-19,US,organic
USR-03120,2024-12-19,India,affiliates
USR-03121,2025-01-22,Canada,paid_search
USR-03122,2023-11-06,India,organic
USR-03123,2024-09-12,UK,paid_search
USR-03124,2024-06-13,Germany,organic
USR-03125,2024-01-10,Japan,email
USR-03126,2024-08-21,Spain,organic
USR-03127,2025-06-24,Italy,paid_search
USR-03128,2023-06-02,Japan,organic
USR-03129,2025-05-28,UAE,referral
USR-03130,2025-03-12,Canada,affiliates
USR-03131,2024-07-07,UK,paid_search
USR-03132,2024-09-06,Italy,paid_search
USR-03133,2024-03-07,Italy,affiliates
USR-03134,2023-09-07,Japan,organic
USR-03135,2024-08-08,France,referral
USR-03136,2025-02-10,Spain,social
USR-03137,2023-11-23,US,affiliates
USR-03138,2024-11-26,Germany,organic
USR-03139,2024-12-20,India,organic
USR-03140,2024-12-28,Germany,paid_search
USR-03141,2024-02-14,UAE,organic
USR-03142,2024-03-24,India,organic
USR-03143,2024-04-12,US,affiliates
USR-03144,2025-03-11,India,organic
USR-03145,2025-04-15,UAE,organic
USR-03146,2024-04-10,UAE,organic
USR-03147,2025-06-07,Singapore,paid_search
USR-03148,2024-08-07,UK,social
USR-03149,2024-03-19,Spain,organic
USR-03150,2023-06-01,UAE,referral
USR-03151,2024-09-07,UK,referral
USR-03152,2024-10-03,India,organic
USR-03153,2025-06-05,France,referral
USR-03154,2024-11-27,India,paid_search
USR-03155,2023-06-23,UK,paid_search
USR-03156,2024-08-05,US,affiliates
USR-03157,2024-12-16,UK,affiliates
USR-03158,2024-06-12,UK,paid_search
USR-03159,2024-04-22,US,paid_search
USR-03160,2025-02-05,Spain,organic
USR-03161,2024-09-07,France,paid_search
USR-03162,2024-10-30,India,email
USR-03163,2024-05-18,UAE,organic
USR-03164,2023-12-29,Germany,affiliates
USR-03165,2024-06-29,UK,email
USR-03166,2025-05-29,US,organic
USR-03167,2024-09-01,US,affiliates
USR-03168,2024-11-19,Germany,email
USR-03169,2023-09-03,France,paid_search
USR-03170,2025-06-20,India,social
USR-03171,2023-12-03,Germany,affiliates
USR-03172,2025-06-08,Canada,affiliates
USR-03173,2024-05-04,India,organic
USR-03174,2025-04-29,France,social
USR-03175,2025-04-08,France,affiliates
USR-03176,2024-12-26,Singapore,affiliates
USR-03177,2025-04-27,Singapore,organic
USR-03178,2024-09-06,Singapore,paid_search
USR-03179,2025-03-07,US,affiliates
USR-03180,2023-10-09,France,organic
USR-03181,2023-07-24,Spain,paid_search
USR-03182,2024-07-17,India,social
USR-03183,2025-02-05,Canada,social
USR-03184,2025-01-02,India,email
USR-03185,2024-07-06,France,organic
USR-03186,2024-06-30,France,referral
USR-03187,2024-09-06,France,organic
USR-03188,2025-03-21,Italy,referral
USR-03189,2025-03-01,UK,paid_search
USR-03190,2023-08-23,Germany,organic
USR-03191,2024-08-26,Germany,affiliates
USR-03192,2024-03-16,Italy,referral
USR-03193,2025-01-28,Germany,paid_search
USR-03194,2024-06-19,Australia,organic
USR-03195,2025-06-23,Italy,social
USR-03196,2024-04-24,India,affiliates
USR-03197,2024-10-29,Italy,organic
USR-03198,2023-08-22,Australia,affiliates
USR-03199,2025-05-09,US,paid_search
USR-03200,2023-09-25,Germany,email
USR-03201,2024-03-14,US,paid_search
USR-03202,2025-02-26,UAE,organic
USR-03203,2025-06-05,UK,affiliates
USR-03204,2024-06-03,Singapore,organic
USR-03205,2024-06-03,India,affiliates
USR-03206,2023-07-08,Germany,organic
USR-03207,2025-06-13,UK,organic
USR-03208,2023-06-13,Singapore,affiliates
USR-03209,2023-06-20,France,social
USR-03210,2024-05-25,UAE,organic
USR-03211,2023-06-03,India,social
USR-03212,2023-10-03,UK,organic
USR-03213,2024-09-20,France,affiliates
USR-03214,2024-11-17,Australia,organic
USR-03215,2024-01-13,US,social
USR-03216,2025-01-25,UAE,organic
USR-03217,2024-09-04,UK,email
USR-03218,2023-11-21,Singapore,affiliates
USR-03219,2024-11-23,US,referral
USR-03220,2024-08-24,France,paid_search
USR-03221,2025-02-07,India,organic
USR-03222,2023-09-26,UK,organic
USR-03223,2023-11-23,India,affiliates
USR-03224,2024-01-17,India,organic
USR-03225,2024-02-15,France,social
USR-03226,2025-04-06,Canada,paid_search
USR-03227,2024-12-08,France,affiliates
USR-03228,2024-07-18,Japan,paid_search
USR-03229,2024-07-15,France,social
USR-03230,2025-04-04,UK,affiliates
USR-03231,2024-05-05,US,affiliates
USR-03232,2023-11-19,India,social
USR-03233,2023-09-13,India,referral
USR-03234,2024-02-06,Italy,social
USR-03235,2024-10-09,UAE,paid_search
USR-03236,2024-05-23,Germany,organic
USR-03237,2024-04-16,France,email
USR-03238,2024-05-30,India,email
USR-03239,2025-06-10,Germany,organic
USR-03240,2025-06-28,UK,organic
USR-03241,2023-10-01,US,email
USR-03242,2023-08-26,US,organic
USR-03243,2023-12-03,US,email
USR-03244,2025-03-09,UAE,email
USR-03245,2024-05-15,UK,paid_search
USR-03246,2025-03-18,US,organic
USR-03247,2024-10-04,Japan,paid_search
USR-03248,2024-07-25,Canada,paid_search
USR-03249,2023-12-31,France,social
USR-03250,2024-02-17,France,email
USR-03251,2023-09-21,Spain,affiliates
USR-03252,2024-06-29,UK,organic
USR-03253,2023-12-31,India,email
USR-03254,2024-01-09,UK,paid_search
USR-03255,2023-07-01,India,referral
USR-03256,2025-01-28,Canada,organic
USR-03257,2025-05-14,Singapore,social
USR-03258,2024-06-13,Canada,social
USR-03259,2024-07-12,Singapore,paid_search
USR-03260,2025-05-04,Germany,affiliates
USR-03261,2024-06-23,Singapore,organic
USR-03262,2024-09-16,UAE,organic
USR-03263,2024-04-21,France,social
USR-03264,2024-06-25,US,paid_search
USR-03265,2024-07-01,France,organic
USR-03266,2024-11-22,US,paid_search
USR-03267,2024-09-02,France,organic
USR-03268,2024-06-17,UK,affiliates
USR-03269,2023-07-28,Germany,social
USR-03270,2025-04-18,US,organic
USR-03271,2025-04-06,US,paid_search
USR-03272,2023-10-19,France,affiliates
USR-03273,2024-01-09,US,affiliates
USR-03274,2025-06-09,Australia,organic
USR-03275,2024-01-31,France,social
USR-03276,2025-02-07,India,organic
USR-03277,2025-01-18,UK,organic
USR-03278,2025-03-16,Italy,affiliates
USR-03279,2023-06-13,UAE,affiliates
USR-03280,2024-06-02,India,organic
USR-03281,2024-08-03,US,affiliates
USR-03282,2025-02-26,Singapore,email
USR-03283,2023-11-18,Australia,referral
USR-03284,2024-01-20,India,referral
USR-03285,2023-10-15,UK,paid_search
USR-03286,2024-12-31,UK,affiliates
USR-03287,2025-06-29,UK,organic
USR-03288,2023-09-15,Singapore,paid_search
USR-03289,2023-11-25,Canada,paid_search
USR-03290,2024-01-20,Canada,referral
USR-03291,2025-04-06,Spain,organic
USR-03292,2024-05-04,US,paid_search
USR-03293,2024-01-01,Canada,referral
USR-03294,2024-01-31,India,paid_search
USR-03295,2024-08-28,India,organic
USR-03296,2024-03-21,UAE,organic
USR-03297,2023-09-15,UK,email
USR-03298,2025-02-13,Italy,organic
USR-03299,2024-04-16,Canada,paid_search
USR-03300,2023-12-13,Spain,social
USR-03301,2024-12-05,Spain,affiliates
USR-03302,2024-12-18,India,referral
USR-03303,2023-09-26,UK,organic
USR-03304,2023-07-27,Spain,affiliates
USR-03305,2023-07-05,Germany,referral
USR-03306,2025-01-02,Japan,email
USR-03307,2024-09-18,UK,paid_search
USR-03308,2025-01-22,US,organic
USR-03309,2024-09-19,India,email
USR-03310,2024-04-01,UAE,paid_search
USR-03311,2024-08-22,Spain,paid_search
USR-03312,2024-12-01,Australia,organic
USR-03313,2024-03-30,US,organic
USR-03314,2025-04-26,France,social
USR-03315,2025-04-14,UK,organic
USR-03316,2025-01-29,US,social
USR-03317,2025-06-24,India,referral
USR-03318,2024-03-23,Germany,paid_search
USR-03319,2023-08-26,France,organic
USR-03320,2024-06-03,India,organic
USR-03321,2024-12-18,UAE,paid_search
USR-03322,2025-01-13,Italy,referral
USR-03323,2024-03-22,US,social
USR-03324,2024-01-09,India,affiliates
USR-03325,2024-05-04,Singapore,affiliates
USR-03326,2025-01-31,Spain,organic
USR-03327,2023-07-17,Italy,email
USR-03328,2024-02-05,US,paid_search
USR-03329,2023-11-22,Germany,paid_search
USR-03330,2025-02-02,Japan,paid_search
USR-03331,2024-05-22,India,paid_search
USR-03332,2023-08-05,India,email
USR-03333,2023-12-16,Canada,social
USR-03334,2023-07-04,UK,paid_search
USR-03335,2024-05-27,Singapore,organic
USR-03336,2025-06-28,Italy,social
USR-03337,2024-08-05,UK,email
USR-03338,2025-03-22,Singapore,social
USR-03339,2024-12-16,France,organic
USR-03340,2025-04-01,Italy,organic
USR-03341,2024-01-23,Japan,referral
USR-03342,2025-05-23,Italy,email
USR-03343,2023-11-29,UK,organic
USR-03344,2024-04-29,Singapore,paid_search
USR-03345,2024-10-30,Japan,paid_search
USR-03346,2024-01-04,UAE,social
USR-03347,2023-12-18,Germany,organic
USR-03348,2023-09-07,UK,social
USR-03349,2023-06-04,Italy,affiliates
USR-03350,2024-06-15,UK,paid_search
USR-03351,2025-06-19,India,paid_search
USR-03352,2023-11-15,Japan,organic
USR-03353,2024-04-30,Australia,organic
USR-03354,2025-05-12,Canada,affiliates
USR-03355,2025-01-07,France,affiliates
USR-03356,2023-06-04,US,organic
USR-03357,2024-06-15,France,affiliates
USR-03358,2023-09-17,UK,organic
USR-03359,2023-12-05,Italy,social
USR-03360,2023-12-05,Germany,email
USR-03361,2024-09-08,India,paid_search
USR-03362,2023-10-30,UK,social
USR-03363,2023-12-09,India,social
USR-03364,2023-11-19,Italy,organic
USR-03365,2024-02-27,Singapore,affiliates
USR-03366,2024-10-11,UK,organic
USR-03367,2024-03-30,UK,organic
USR-03368,2024-02-04,India,affiliates
USR-03369,2024-06-28,UK,paid_search
USR-03370,2024-09-10,Australia,paid_search
USR-03371,2023-06-12,UAE,organic
USR-03372,2025-04-07,UK,organic
USR-03373,2025-04-27,Spain,organic
USR-03374,2024-08-31,India,paid_search
USR-03375,2024-08-10,US,social
USR-03376,2024-11-09,Germany,paid_search
USR-03377,2024-05-01,UK,affiliates
USR-03378,2024-03-04,France,affiliates
USR-03379,2024-02-24,Italy,paid_search
USR-03380,2023-09-30,Japan,affiliates
USR-03381,2025-03-01,India,affiliates
USR-03382,2024-01-30,UAE,affiliates
USR-03383,2024-01-03,US,email
USR-03384,2025-06-02,Germany,organic
USR-03385,2024-06-20,US,organic
USR-03386,2024-09-15,Germany,affiliates
USR-03387,2023-12-04,US,paid_search
USR-03388,2023-12-28,Australia,affiliates
USR-03389,2024-12-05,Japan,email
USR-03390,2024-05-08,India,organic
USR-03391,2023-09-21,Spain,paid_search
USR-03392,2025-02-24,UK,affiliates
USR-03393,2024-04-02,Singapore,organic
USR-03394,2024-10-21,US,email
USR-03395,2024-02-15,UK,affiliates
USR-03396,2024-07-31,UAE,organic
USR-03397,2025-01-10,France,organic
USR-03398,2025-04-03,Germany,social
USR-03399,2023-11-05,France,referral
USR-03400,2024-10-24,UK,paid_search
USR-03401,2025-04-26,UK,organic
USR-03402,2024-10-01,Germany,organic
USR-03403,2023-09-17,UAE,paid_search
USR-03404,2023-10-23,UK,paid_search
USR-03405,2023-11-02,India,organic
USR-03406,2023-08-20,Germany,referral
USR-03407,2024-12-24,UAE,organic
USR-03408,2025-06-03,Italy,referral
USR-03409,2024-06-27,India,affiliates
USR-03410,2024-08-29,Germany,social
USR-03411,2025-01-09,Germany,social
USR-03412,2024-04-11,India,organic
USR-03413,2024-05-25,UK,social
USR-03414,2024-08-21,UK,paid_search
USR-03415,2024-01-18,Italy,organic
USR-03416,2023-07-17,US,social
USR-03417,2024-08-05,UAE,organic
USR-03418,2025-02-14,Germany,organic
USR-03419,2023-07-26,India,social
USR-03420,2023-11-12,Italy,paid_search
USR-03421,2023-12-17,Singapore,organic
USR-03422,2025-02-01,UK,organic
USR-03423,2024-06-18,Spain,organic
USR-03424,2024-07-11,France,social
USR-03425,2024-10-03,India,social
USR-03426,2023-12-28,Singapore,organic
USR-03427,2024-11-24,UAE,social
USR-03428,2023-06-23,India,affiliates
USR-03429,2023-08-26,Canada,social
USR-03430,2025-02-10,UAE,social
USR-03431,2024-10-13,Germany,social
USR-03432,2023-10-13,UK,affiliates
USR-03433,2024-04-29,US,affiliates
USR-03434,2023-07-10,France,organic
USR-03435,2024-10-23,UAE,organic
USR-03436,2024-12-26,France,organic
USR-03437,2023-12-29,Spain,referral
USR-03438,2024-02-22,US,organic
USR-03439,2023-11-27,Singapore,affiliates
USR-03440,2024-03-22,Spain,organic
USR-03441,2023-12-24,Spain,social
USR-03442,2023-12-05,Spain,organic
USR-03443,2024-04-22,Japan,paid_search
USR-03444,2025-03-14,UK,paid_search
USR-03445,2024-12-31,Singapore,email
USR-03446,2024-01-12,Australia,paid_search
USR-03447,2025-05-17,Germany,paid_search
USR-03448,2023-11-07,US,email
USR-03449,2025-04-23,Canada,affiliates
USR-03450,2024-01-22,US,referral
USR-03451,2024-07-15,India,email
USR-03452,2023-11-02,US,paid_search
USR-03453,2024-12-31,France,affiliates
USR-03454,2024-01-28,India,paid_search
USR-03455,2025-03-25,France,affiliates
USR-03456,2023-08-03,Japan,referral
USR-03457,2024-06-16,France,organic
USR-03458,2023-09-29,France,organic
USR-03459,2025-04-06,Japan,email
USR-03460,2024-04-12,Spain,email
USR-03461,2024-10-25,US,social
USR-03462,2025-03-30,UK,affiliates
USR-03463,2024-07-12,UAE,social
USR-03464,2023-07-14,Italy,paid_search
USR-03465,2023-11-15,Germany,social
USR-03466,2023-11-09,US,organic
USR-03467,2025-04-25,Singapore,social
USR-03468,2025-04-21,UAE,affiliates
USR-03469,2024-05-28,Germany,organic
USR-03470,2025-04-07,Italy,referral
USR-03471,2023-12-04,Spain,referral
USR-03472,2024-10-29,UAE,organic
USR-03473,2024-03-24,UAE,referral
USR-03474,2023-11-30,UAE,referral
USR-03475,2023-12-08,France,paid_search
USR-03476,2024-04-15,France,organic
USR-03477,2024-02-14,Singapore,organic
USR-03478,2023-11-08,Germany,social
USR-03479,2024-02-09,France,organic
USR-03480,2023-09-06,UK,paid_search
USR-03481,2025-06-06,Singapore,affiliates
USR-03482,2024-03-15,UAE,email
USR-03483,2023-08-21,India,email
USR-03484,2024-08-11,India,affiliates
USR-03485,2025-04-02,US,organic
USR-03486,2024-02-29,Australia,organic
USR-03487,2025-03-04,Italy,social
USR-03488,2024-09-07,Germany,paid_search
USR-03489,2024-12-13,India,organic
USR-03490,2024-01-12,Singapore,referral
USR-03491,2023-06-29,France,organic
USR-03492,2024-02-18,Canada,social
USR-03493,2025-05-03,UK,social
USR-03494,2025-01-21,UK,social
USR-03495,2025-01-16,Germany,paid_search
USR-03496,2025-03-29,US,organic
USR-03497,2024-03-10,Germany,affiliates
USR-03498,2024-01-31,Spain,affiliates
USR-03499,2025-05-04,UK,paid_search
USR-03500,2024-08-08,France,organic
USR-03501,2024-01-13,UAE,social
USR-03502,2023-12-29,Italy,paid_search
USR-03503,2025-03-28,France,organic
USR-03504,2023-07-11,US,organic
USR-03505,2023-07-17,Germany,organic
USR-03506,2024-12-12,France,paid_search
USR-03507,2023-06-02,Spain,organic
USR-03508,2023-10-08,Germany,referral
USR-03509,2025-06-22,US,paid_search
USR-03510,2024-04-19,Singapore,paid_search
USR-03511,2024-12-05,France,organic
USR-03512,2024-06-05,US,affiliates
USR-03513,2023-08-08,Germany,organic
USR-03514,2023-10-19,Australia,organic
USR-03515,2024-12-30,Singapore,social
USR-03516,2023-08-11,US,email
USR-03517,2024-08-25,Singapore,referral
USR-03518,2024-02-20,US,paid_search
USR-03519,2024-03-08,Germany,paid_search
USR-03520,2025-05-24,France,organic
USR-03521,2024-09-03,US,social
USR-03522,2024-09-10,India,paid_search
USR-03523,2024-02-22,Australia,paid_search
USR-03524,2024-03-16,US,organic
USR-03525,2024-11-03,Spain,affiliates
USR-03526,2023-06-30,UAE,organic
USR-03527,2023-11-28,Germany,organic
USR-03528,2024-08-30,UK,affiliates
USR-03529,2024-09-16,US,email
USR-03530,2023-08-10,US,social
USR-03531,2025-01-19,Germany,social
USR-03532,2024-07-17,Canada,organic
USR-03533,2023-11-28,Italy,referral
USR-03534,2024-12-23,UK,organic
USR-03535,2025-06-23,US,affiliates
USR-03536,2024-04-17,UK,organic
USR-03537,2024-01-02,Canada,social
USR-03538,2024-01-14,US,social
USR-03539,2024-08-24,US,organic
USR-03540,2023-07-07,UAE,paid_search
USR-03541,2024-06-02,Germany,referral
USR-03542,2023-06-19,US,organic
USR-03543,2023-06-30,UAE,affiliates
USR-03544,2024-04-22,UK,organic
USR-03545,2024-12-18,UK,social
USR-03546,2025-04-02,UK,social
USR-03547,2023-08-06,India,paid_search
USR-03548,2023-12-03,Canada,social
USR-03549,2024-04-16,Germany,email
USR-03550,2024-08-10,Singapore,social
USR-03551,2025-06-20,India,social
USR-03552,2024-11-02,Singapore,social
USR-03553,2024-07-14,Australia,paid_search
USR-03554,2023-07-17,India,organic
USR-03555,2023-08-01,Canada,organic
USR-03556,2023-09-25,UAE,social
USR-03557,2024-10-15,Singapore,affiliates
USR-03558,2024-02-07,US,organic
USR-03559,2023-12-01,UAE,social
USR-03560,2024-10-22,France,organic
USR-03561,2025-02-09,Australia,social
USR-03562,2024-04-29,Japan,email
USR-03563,2025-04-01,India,email
USR-03564,2024-12-09,Australia,email
USR-03565,2024-11-26,Japan,referral
USR-03566,2025-03-21,Germany,organic
USR-03567,2023-10-18,UK,paid_search
USR-03568,2024-12-28,US,organic
USR-03569,2025-05-28,UK,affiliates
USR-03570,2025-06-24,UK,referral
USR-03571,2024-08-13,Canada,organic
USR-03572,2024-12-25,US,organic
USR-03573,2025-04-06,Singapore,paid_search
USR-03574,2025-03-09,UAE,affiliates
USR-03575,2025-04-13,UAE,organic
USR-03576,2025-02-22,US,social
USR-03577,2024-03-16,Germany,paid_search
USR-03578,2024-12-07,UAE,social
USR-03579,2024-04-07,Germany,social
USR-03580,2025-01-30,US,organic
USR-03581,2025-02-05,Singapore,referral
USR-03582,2025-05-11,UK,organic
USR-03583,2024-08-21,Germany,referral
USR-03584,2024-05-27,France,organic
USR-03585,2023-10-04,US,social
USR-03586,2024-09-28,Spain,paid_search
USR-03587,2024-08-04,US,social
USR-03588,2024-06-26,Australia,organic
USR-03589,2024-10-27,Japan,social
USR-03590,2025-03-08,India,organic
USR-03591,2023-09-21,US,paid_search
USR-03592,2024-04-23,UK,referral
USR-03593,2024-11-30,Japan,paid_search
USR-03594,2025-02-12,UAE,paid_search
USR-03595,2025-01-12,UK,social
USR-03596,2025-01-28,France,paid_search
USR-03597,2025-03-11,UK,affiliates
USR-03598,2025-06-01,Germany,paid_search
USR-03599,2024-09-05,France,affiliates
USR-03600,2023-12-07,UK,affiliates
USR-03601,2024-08-02,Spain,paid_search
USR-03602,2024-11-21,US,paid_search
USR-03603,2023-08-16,Germany,email
USR-03604,2024-12-27,UAE,referral
USR-03605,2024-07-18,Australia,organic
USR-03606,2025-05-12,France,organic
USR-03607,2023-11-08,Japan,organic
USR-03608,2025-04-20,India,referral
USR-03609,2024-05-06,Italy,email
USR-03610,2024-08-09,US,organic
USR-03611,2024-10-14,Singapore,social
USR-03612,2024-08-14,UK,referral
USR-03613,2025-04-17,Canada,affiliates
USR-03614,2023-10-06,Australia,organic
USR-03615,2024-12-06,France,paid_search
USR-03616,2025-06-10,France,paid_search
USR-03617,2023-11-15,Germany,social
USR-03618,2023-12-11,US,organic
USR-03619,2024-05-27,UAE,organic
USR-03620,2024-12-02,Singapore,referral
USR-03621,2025-05-29,France,social
USR-03622,2025-01-25,UK,organic
USR-03623,2025-01-24,Japan,paid_search
USR-03624,2024-05-01,UK,organic
USR-03625,2024-10-03,UAE,paid_search
USR-03626,2023-11-08,UK,paid_search
USR-03627,2024-05-17,UK,organic
USR-03628,2023-10-22,UK,organic
USR-03629,2023-06-21,India,affiliates
USR-03630,2025-03-12,UAE,affiliates
USR-03631,2025-02-01,France,organic
USR-03632,2024-06-23,UAE,social
USR-03633,2023-06-12,UAE,organic
USR-03634,2023-08-08,UK,referral
USR-03635,2023-08-24,UK,affiliates
USR-03636,2024-11-26,UAE,social
USR-03637,2023-11-02,UAE,social
USR-03638,2023-12-08,Germany,paid_search
USR-03639,2025-03-16,US,organic
USR-03640,2025-03-28,Spain,paid_search
USR-03641,2024-12-31,UK,organic
USR-03642,2024-01-22,UAE,email
USR-03643,2024-08-14,UK,paid_search
USR-03644,2023-10-31,UAE,organic
USR-03645,2025-03-14,India,social
USR-03646,2023-08-04,Singapore,referral
USR-03647,2024-12-17,UK,social
USR-03648,2024-06-23,Germany,social
USR-03649,2024-12-27,UK,referral
USR-03650,2024-05-08,UAE,organic
USR-03651,2023-09-29,UK,social
USR-03652,2024-12-22,UK,paid_search
USR-03653,2024-09-22,Singapore,organic
USR-03654,2024-05-19,UK,affiliates
USR-03655,2024-03-10,US,paid_search
USR-03656,2024-02-17,Italy,paid_search
USR-03657,2024-05-31,Spain,organic
USR-03658,2023-12-16,Italy,affiliates
USR-03659,2024-01-01,India,affiliates
USR-03660,2023-12-29,France,organic
USR-03661,2023-06-10,Spain,social
USR-03662,2025-05-06,UK,organic
USR-03663,2023-11-27,Singapore,email
USR-03664,2023-10-04,UK,paid_search
USR-03665,2023-09-23,Japan,organic
USR-03666,2025-06-21,UAE,social
USR-03667,2024-05-28,France,affiliates
USR-03668,2024-02-04,France,paid_search
USR-03669,2024-04-02,US,organic
USR-03670,2023-08-07,India,affiliates
USR-03671,2024-01-25,Singapore,organic
USR-03672,2023-12-07,Germany,paid_search
USR-03673,2025-01-31,France,social
USR-03674,2023-07-15,US,organic
USR-03675,2024-04-19,Singapore,organic
USR-03676,2025-01-21,India,organic
USR-03677,2025-02-23,US,organic
USR-03678,2024-06-24,Australia,paid_search
USR-03679,2023-11-17,France,referral
USR-03680,2024-02-12,France,organic
USR-03681,2023-11-16,Canada,email
USR-03682,2024-10-16,India,paid_search
USR-03683,2024-01-09,Australia,organic
USR-03684,2024-09-22,Singapore,social
USR-03685,2024-10-11,UAE,organic
USR-03686,2025-05-15,US,social
USR-03687,2024-03-08,UK,paid_search
USR-03688,2025-05-31,France,social
USR-03689,2024-03-31,UK,affiliates
USR-03690,2024-10-30,UK,organic
USR-03691,2024-10-15,Germany,affiliates
USR-03692,2025-02-11,Singapore,organic
USR-03693,2024-05-22,US,organic
USR-03694,2025-01-23,Singapore,organic
USR-03695,2024-02-26,Australia,referral
USR-03696,2024-06-08,Singapore,email
USR-03697,2024-06-14,Spain,affiliates
USR-03698,2024-11-17,Singapore,email
USR-03699,2024-09-12,US,paid_search
USR-03700,2023-07-30,India,affiliates
USR-03701,2025-02-04,Australia,affiliates
USR-03702,2024-12-28,UAE,referral
USR-03703,2023-08-19,Spain,social
USR-03704,2025-05-31,Australia,referral
USR-03705,2024-10-15,US,organic
USR-03706,2023-08-04,India,affiliates
USR-03707,2024-06-08,UAE,affiliates
USR-03708,2025-02-25,UK,social
USR-03709,2023-12-30,Germany,organic
USR-03710,2025-05-10,Spain,organic
USR-03711,2024-04-13,Germany,affiliates
USR-03712,2023-11-19,US,affiliates
USR-03713,2024-02-26,Singapore,email
USR-03714,2024-07-03,UK,affiliates
USR-03715,2024-11-04,Japan,paid_search
USR-03716,2025-05-06,UK,affiliates
USR-03717,2023-10-27,Italy,organic
USR-03718,2025-05-30,France,organic
USR-03719,2024-07-06,India,paid_search
USR-03720,2023-09-06,France,paid_search
USR-03721,2025-05-05,US,paid_search
USR-03722,2024-02-21,France,referral
USR-03723,2024-09-14,Italy,organic
USR-03724,2024-11-12,Spain,email
USR-03725,2023-06-11,US,organic
USR-03726,2023-11-16,UAE,referral
USR-03727,2024-11-03,Italy,organic
USR-03728,2024-02-02,Spain,email
USR-03729,2023-06-08,India,social
USR-03730,2023-06-18,UK,paid_search
USR-03731,2025-02-18,Australia,organic
USR-03732,2023-09-25,India,organic
USR-03733,2023-08-16,India,paid_search
USR-03734,2024-08-01,Singapore,organic
USR-03735,2023-08-30,US,organic
USR-03736,2024-10-09,Italy,email
USR-03737,2024-07-18,UK,organic
USR-03738,2024-10-06,Singapore,organic
USR-03739,2024-06-08,Australia,paid_search
USR-03740,2025-01-12,Canada,paid_search
USR-03741,2024-10-03,Japan,paid_search
USR-03742,2024-04-11,Italy,social
USR-03743,2023-06-12,US,social
USR-03744,2023-12-25,Australia,paid_search
USR-03745,2023-09-08,Japan,paid_search
USR-03746,2023-06-12,Germany,organic
USR-03747,2023-12-25,India,email
USR-03748,2023-11-05,UK,paid_search
USR-03749,2023-07-29,Germany,referral
USR-03750,2024-01-24,Singapore,social
USR-03751,2024-06-19,India,social
USR-03752,2023-10-14,India,paid_search
USR-03753,2023-12-25,Germany,affiliates
USR-03754,2023-06-16,UK,paid_search
USR-03755,2023-07-09,Australia,paid_search
USR-03756,2023-09-28,US,affiliates
USR-03757,2024-05-10,UK,social
USR-03758,2024-10-19,UK,paid_search
USR-03759,2025-01-20,Italy,organic
USR-03760,2024-09-21,Italy,organic
USR-03761,2024-09-11,UK,referral
USR-03762,2025-05-12,UK,organic
USR-03763,2023-12-12,France,organic
USR-03764,2025-01-27,US,organic
USR-03765,2025-05-13,Singapore,affiliates
USR-03766,2024-08-05,UK,social
USR-03767,2025-02-28,Germany,paid_search
USR-03768,2023-09-13,India,affiliates
USR-03769,2025-03-29,France,paid_search
USR-03770,2024-08-02,India,referral
USR-03771,2023-11-16,UK,email
USR-03772,2023-07-17,US,paid_search
USR-03773,2024-11-29,UK,referral
USR-03774,2024-04-23,UK,affiliates
USR-03775,2024-01-22,Canada,organic
USR-03776,2024-03-23,US,organic
USR-03777,2025-06-23,US,referral
USR-03778,2024-04-21,UK,paid_search
USR-03779,2023-07-30,Singapore,social
USR-03780,2023-12-30,Japan,organic
USR-03781,2023-09-19,Spain,referral
USR-03782,2024-11-03,Germany,email
USR-03783,2025-01-29,Spain,affiliates
USR-03784,2025-03-01,India,paid_search
USR-03785,2024-09-23,Italy,affiliates
USR-03786,2025-01-05,Spain,paid_search
USR-03787,2024-04-13,UK,social
USR-03788,2024-09-20,France,email
USR-03789,2023-08-21,US,paid_search
USR-03790,2024-07-14,UK,social
USR-03791,2024-07-28,Italy,organic
USR-03792,2023-06-24,UK,paid_search
USR-03793,2024-07-21,Singapore,email
USR-03794,2024-12-01,Canada,organic
USR-03795,2024-03-06,France,email
USR-03796,2024-07-19,India,paid_search
USR-03797,2024-01-04,Germany,organic
USR-03798,2023-12-23,Spain,email
USR-03799,2023-09-07,US,organic
USR-03800,2024-02-05,US,affiliates
USR-03801,2025-01-31,Germany,affiliates
USR-03802,2025-05-12,Australia,paid_search
USR-03803,2024-09-26,US,paid_search
USR-03804,2024-09-17,India,organic
USR-03805,2024-09-09,Canada,referral
USR-03806,2024-05-27,US,organic
USR-03807,2024-04-17,UK,affiliates
USR-03808,2024-09-14,Germany,affiliates
USR-03809,2025-01-17,UK,organic
USR-03810,2024-04-10,US,email
USR-03811,2024-08-04,UAE,paid_search
USR-03812,2024-05-23,UAE,social
USR-03813,2024-01-03,France,organic
USR-03814,2024-01-07,India,email
USR-03815,2023-07-30,Germany,organic
USR-03816,2024-04-30,UAE,affiliates
USR-03817,2024-11-23,Spain,paid_search
USR-03818,2024-11-03,Spain,social
USR-03819,2025-06-19,UAE,affiliates
USR-03820,2023-07-01,Japan,email
USR-03821,2024-12-30,Italy,social
USR-03822,2025-01-25,UK,paid_search
USR-03823,2024-04-27,Australia,paid_search
USR-03824,2024-01-02,Japan,paid_search
USR-03825,2024-02-27,India,affiliates
USR-03826,2024-10-31,UK,organic
USR-03827,2025-03-17,Germany,paid_search
USR-03828,2024-10-01,France,referral
USR-03829,2024-06-25,Singapore,paid_search
USR-03830,2024-10-08,France,affiliates
USR-03831,2023-07-24,UK,organic
USR-03832,2024-09-05,US,organic
USR-03833,2023-07-03,Japan,social
USR-03834,2025-05-29,UK,paid_search
USR-03835,2025-04-06,Singapore,affiliates
USR-03836,2024-06-21,US,paid_search
USR-03837,2024-03-11,France,organic
USR-03838,2024-12-08,Germany,paid_search
USR-03839,2024-09-27,US,paid_search
USR-03840,2024-11-18,UAE,social
USR-03841,2024-06-26,Singapore,organic
USR-03842,2023-11-27,UK,social
USR-03843,2023-07-26,India,affiliates
USR-03844,2024-01-02,Singapore,paid_search
USR-03845,2024-07-07,Singapore,social
USR-03846,2024-04-18,Germany,organic
USR-03847,2024-06-19,Spain,referral
USR-03848,2023-12-29,UK,organic
USR-03849,2025-05-13,UK,social
USR-03850,2024-03-05,UAE,paid_search
USR-03851,2025-03-05,Singapore,organic
USR-03852,2024-03-24,Spain,paid_search
USR-03853,2024-05-03,US,organic
USR-03854,2024-09-01,France,affiliates
USR-03855,2023-12-17,UAE,organic
USR-03856,2023-11-15,US,affiliates
USR-03857,2024-03-15,France,paid_search
USR-03858,2025-02-01,UAE,organic
USR-03859,2023-09-18,US,paid_search
USR-03860,2024-04-28,India,organic
USR-03861,2024-10-23,US,referral
USR-03862,2024-11-18,Japan,organic
USR-03863,2024-04-26,US,affiliates
USR-03864,2023-08-01,UK,organic
USR-03865,2023-06-13,UK,organic
USR-03866,2024-05-23,UK,organic
USR-03867,2025-02-05,US,email
USR-03868,2023-06-22,Germany,paid_search
USR-03869,2025-04-05,UK,affiliates
USR-03870,2024-10-26,US,paid_search
USR-03871,2023-06-07,UK,organic
USR-03872,2024-02-17,India,referral
USR-03873,2023-11-15,UK,social
USR-03874,2025-05-22,Germany,referral
USR-03875,2024-07-26,UAE,paid_search
USR-03876,2024-02-02,Singapore,email
USR-03877,2023-12-29,US,organic
USR-03878,2024-08-02,Italy,affiliates
USR-03879,2023-06-04,Singapore,organic
USR-03880,2023-12-13,UK,referral
USR-03881,2023-10-04,France,organic
USR-03882,2024-09-14,Spain,referral
USR-03883,2024-10-21,India,affiliates
USR-03884,2024-05-20,India,affiliates
USR-03885,2023-09-15,UAE,paid_search
USR-03886,2024-03-08,UK,paid_search
USR-03887,2025-03-02,Australia,referral
USR-03888,2023-11-02,US,social
USR-03889,2023-10-03,UK,social
USR-03890,2023-08-24,UK,organic
USR-03891,2025-02-10,India,paid_search
USR-03892,2023-08-31,Japan,paid_search
USR-03893,2024-08-16,Spain,social
USR-03894,2025-06-29,Japan,organic
USR-03895,2024-09-30,Germany,paid_search
USR-03896,2024-04-09,France,referral
USR-03897,2023-11-05,India,social
USR-03898,2023-06-02,UK,affiliates
USR-03899,2023-09-27,Japan,organic
USR-03900,2025-05-25,France,paid_search
USR-03901,2023-09-18,France,paid_search
USR-03902,2023-06-16,France,paid_search
USR-03903,2025-02-10,Spain,email
USR-03904,2024-04-14,US,organic
USR-03905,2024-02-27,Singapore,paid_search
USR-03906,2024-11-27,Singapore,organic
USR-03907,2024-07-02,Italy,social
USR-03908,2025-04-26,UK,referral
USR-03909,2024-05-21,US,organic
USR-03910,2024-11-23,France,paid_search
USR-03911,2025-03-29,Italy,paid_search
USR-03912,2024-05-18,Australia,email
USR-03913,2024-01-03,Germany,organic
USR-03914,2025-06-10,US,paid_search
USR-03915,2023-11-20,US,referral
USR-03916,2023-06-30,UAE,social
USR-03917,2024-08-13,US,email
USR-03918,2025-06-20,Germany,paid_search
USR-03919,2023-08-05,Italy,affiliates
USR-03920,2025-03-07,India,organic
USR-03921,2025-02-21,India,organic
USR-03922,2025-05-06,UK,social
USR-03923,2024-04-16,US,paid_search
USR-03924,2023-12-11,Singapore,social
USR-03925,2024-06-24,India,organic
USR-03926,2023-09-17,UK,organic
USR-03927,2025-03-02,UK,email
USR-03928,2024-10-17,UK,organic
USR-03929,2024-06-02,UAE,email
USR-03930,2024-06-27,Germany,social
USR-03931,2024-11-23,France,organic
USR-03932,2024-07-02,France,email
USR-03933,2025-02-28,UK,affiliates
USR-03934,2025-05-03,France,referral
USR-03935,2025-05-22,UK,organic
USR-03936,2024-09-14,Japan,social
USR-03937,2024-12-16,UK,affiliates
USR-03938,2024-01-23,India,social
USR-03939,2023-06-29,UK,organic
USR-03940,2024-03-31,Spain,organic
USR-03941,2025-03-24,US,email
USR-03942,2023-09-10,Japan,referral
USR-03943,2024-07-19,UK,affiliates
USR-03944,2023-10-25,Italy,affiliates
USR-03945,2024-04-22,UAE,paid_search
USR-03946,2023-09-17,US,social
USR-03947,2024-12-10,US,organic
USR-03948,2025-02-05,India,organic
USR-03949,2024-12-28,Italy,organic
USR-03950,2024-11-17,Italy,affiliates
USR-03951,2023-11-26,US,organic
USR-03952,2024-07-08,India,paid_search
USR-03953,2023-08-19,US,paid_search
USR-03954,2024-03-11,UK,paid_search
USR-03955,2024-06-19,UAE,social
USR-03956,2024-10-21,India,organic
USR-03957,2023-08-13,US,paid_search
USR-03958,2025-02-07,Italy,paid_search
USR-03959,2024-05-14,Singapore,referral
USR-03960,2025-03-31,Spain,email
USR-03961,2024-07-05,UK,referral
USR-03962,2024-07-20,Japan,paid_search
USR-03963,2024-11-08,Germany,organic
USR-03964,2025-02-13,France,paid_search
USR-03965,2023-09-28,UK,affiliates
USR-03966,2024-06-23,Japan,organic
USR-03967,2023-06-23,Germany,organic
USR-03968,2024-05-26,Italy,affiliates
USR-03969,2025-02-08,UAE,affiliates
USR-03970,2025-03-19,Spain,organic
USR-03971,2024-01-02,Singapore,referral
USR-03972,2024-03-20,Japan,paid_search
USR-03973,2024-07-24,US,paid_search
USR-03974,2024-03-27,US,paid_search
USR-03975,2023-10-14,Singapore,affiliates
USR-03976,2024-01-18,France,organic
USR-03977,2024-04-03,Germany,referral
USR-03978,2024-06-29,Singapore,organic
USR-03979,2025-04-30,Germany,social
USR-03980,2024-07-19,Spain,social
USR-03981,2024-03-21,India,referral
USR-03982,2024-10-14,Italy,affiliates
USR-03983,2025-01-08,UK,referral
USR-03984,2024-04-23,UAE,email
USR-03985,2024-06-06,Japan,organic
USR-03986,2023-11-13,US,affiliates
USR-03987,2025-03-19,India,paid_search
USR-03988,2025-03-20,US,paid_search
USR-03989,2023-10-11,Germany,paid_search
USR-03990,2024-02-18,India,paid_search
USR-03991,2023-12-24,UK,social
USR-03992,2025-05-02,Japan,paid_search
USR-03993,2023-07-20,US,organic
USR-03994,2023-11-05,Germany,affiliates
USR-03995,2024-01-26,Germany,affiliates
USR-03996,2024-07-30,UK,paid_search
USR-03997,2023-12-07,UK,affiliates
USR-03998,2024-07-12,Canada,paid_search
USR-03999,2024-12-19,UAE,paid_search
USR-04000,2025-02-19,UK,affiliates
USR-04001,2023-08-15,Spain,social
USR-04002,2023-09-14,France,referral
USR-04003,2023-08-12,UK,paid_search
USR-04004,2025-04-22,UAE,paid_search
USR-04005,2024-10-08,France,organic
USR-04006,2024-07-08,US,affiliates
USR-04007,2025-01-22,Italy,organic
USR-04008,2024-08-19,US,paid_search
USR-04009,2023-11-26,US,organic
USR-04010,2024-06-22,US,social
USR-04011,2024-11-16,Spain,paid_search
USR-04012,2023-06-28,Singapore,referral
USR-04013,2024-09-03,Japan,social
USR-04014,2024-06-12,US,organic
USR-04015,2023-07-23,Spain,organic
USR-04016,2023-12-18,Germany,organic
USR-04017,2024-05-06,US,email
USR-04018,2024-02-16,UK,referral
USR-04019,2024-01-07,Spain,paid_search
USR-04020,2024-10-06,US,social
USR-04021,2024-04-03,UAE,organic
USR-04022,2024-06-13,Germany,affiliates
USR-04023,2025-01-27,UK,affiliates
USR-04024,2023-08-10,Canada,referral
USR-04025,2024-02-29,Spain,organic
USR-04026,2023-07-26,France,paid_search
USR-04027,2025-05-05,UAE,affiliates
USR-04028,2023-10-20,France,organic
USR-04029,2025-02-13,Singapore,email
USR-04030,2023-10-24,UK,affiliates
USR-04031,2024-02-02,France,referral
USR-04032,2024-09-05,India,social
USR-04033,2025-02-21,France,paid_search
USR-04034,2023-10-14,France,affiliates
USR-04035,2023-11-09,UK,paid_search
USR-04036,2025-04-01,Canada,affiliates
USR-04037,2024-01-31,UK,paid_search
USR-04038,2023-11-07,UK,referral
USR-04039,2024-12-17,India,affiliates
USR-04040,2023-08-09,UAE,social
USR-04041,2025-03-20,US,paid_search
USR-04042,2025-03-27,Germany,organic
USR-04043,2025-03-12,Singapore,referral
USR-04044,2024-01-11,UK,social
USR-04045,2023-08-26,Canada,organic
USR-04046,2024-04-19,India,affiliates
USR-04047,2024-02-10,UAE,affiliates
USR-04048,2025-05-29,UK,affiliates
USR-04049,2024-09-23,Singapore,social
USR-04050,2025-05-18,Italy,affiliates
USR-04051,2024-12-22,UK,affiliates
USR-04052,2024-11-25,UK,organic
USR-04053,2023-08-25,US,affiliates
USR-04054,2023-07-23,UK,social
USR-04055,2023-07-06,Canada,affiliates
USR-04056,2024-08-24,Germany,referral
USR-04057,2023-11-01,Germany,social
USR-04058,2025-06-21,Australia,paid_search
USR-04059,2023-09-09,Italy,organic
USR-04060,2025-05-20,Spain,organic
USR-04061,2024-10-20,India,email
USR-04062,2023-08-20,India,affiliates
USR-04063,2023-07-15,US,organic
USR-04064,2024-03-27,India,organic
USR-04065,2024-02-13,India,email
USR-04066,2024-01-26,UK,organic
USR-04067,2024-07-06,India,organic
USR-04068,2023-09-07,France,organic
USR-04069,2023-09-07,US,social
USR-04070,2024-11-10,US,social
USR-04071,2025-06-22,India,affiliates
USR-04072,2023-12-26,France,paid_search
USR-04073,2025-05-09,Singapore,organic
USR-04074,2024-02-18,Singapore,referral
USR-04075,2024-02-11,US,affiliates
USR-04076,2023-08-08,UK,paid_search
USR-04077,2024-04-17,US,affiliates
USR-04078,2024-06-13,UK,referral
USR-04079,2024-10-17,India,affiliates
USR-04080,2023-09-29,Canada,paid_search
USR-04081,2023-10-22,US,organic
USR-04082,2024-04-24,India,organic
USR-04083,2023-07-23,Singapore,referral
USR-04084,2023-09-17,France,affiliates
USR-04085,2024-09-21,UK,paid_search
USR-04086,2025-05-25,US,organic
USR-04087,2024-08-09,Australia,organic
USR-04088,2023-09-19,UK,social
USR-04089,2025-06-23,UAE,affiliates
USR-04090,2024-07-01,Spain,paid_search
USR-04091,2024-11-26,US,social
USR-04092,2023-10-28,Singapore,social
USR-04093,2024-08-13,US,affiliates
USR-04094,2023-07-29,US,referral
USR-04095,2024-09-18,India,organic
USR-04096,2023-11-01,Canada,email
USR-04097,2025-04-22,US,referral
USR-04098,2023-07-12,UK,affiliates
USR-04099,2024-10-08,Japan,social
USR-04100,2023-09-14,US,organic
USR-04101,2024-11-04,Italy,social
USR-04102,2024-06-10,UAE,social
USR-04103,2025-06-05,Germany,organic
USR-04104,2024-10-08,Singapore,affiliates
USR-04105,2024-03-09,Singapore,organic
USR-04106,2023-08-06,UK,affiliates
USR-04107,2024-08-26,Canada,paid_search
USR-04108,2024-05-01,Australia,organic
USR-04109,2023-07-10,Japan,social
USR-04110,2024-08-15,UAE,social
USR-04111,2023-11-07,France,affiliates
USR-04112,2023-11-26,Germany,social
USR-04113,2023-06-07,UK,organic
USR-04114,2024-03-09,France,affiliates
USR-04115,2023-11-13,UAE,social
USR-04116,2023-07-25,UAE,organic
USR-04117,2024-04-26,India,affiliates
USR-04118,2023-11-15,France,organic
USR-04119,2023-09-10,UAE,organic
USR-04120,2024-05-20,India,social
USR-04121,2023-07-19,Australia,social
USR-04122,2025-06-22,Singapore,paid_search
USR-04123,2024-05-23,UK,affiliates
USR-04124,2025-06-27,UK,organic
USR-04125,2025-03-31,Singapore,affiliates
USR-04126,2025-06-14,India,organic
USR-04127,2024-07-17,Italy,organic
USR-04128,2024-04-17,US,organic
USR-04129,2024-11-29,UK,organic
USR-04130,2023-08-01,India,paid_search
USR-04131,2025-02-28,Singapore,affiliates
USR-04132,2024-02-01,Canada,referral
USR-04133,2023-06-06,Japan,email
USR-04134,2023-11-28,France,organic
USR-04135,2023-12-02,Spain,affiliates
USR-04136,2023-06-11,UK,paid_search
USR-04137,2024-10-21,Germany,email
USR-04138,2023-08-12,Japan,email
USR-04139,2025-03-05,India,organic
USR-04140,2024-05-10,Australia,paid_search
USR-04141,2024-11-27,US,affiliates
USR-04142,2024-02-14,UK,organic
USR-04143,2023-09-09,France,email
USR-04144,2023-10-16,Japan,affiliates
USR-04145,2024-10-03,India,paid_search
USR-04146,2024-11-26,Spain,paid_search
USR-04147,2023-12-21,US,paid_search
USR-04148,2024-02-27,Singapore,referral
USR-04149,2025-05-19,Germany,paid_search
USR-04150,2025-03-09,US,paid_search
USR-04151,2024-04-09,Singapore,organic
USR-04152,2023-12-01,Singapore,affiliates
USR-04153,2024-01-16,France,affiliates
USR-04154,2024-07-14,US,social
USR-04155,2024-08-04,UK,affiliates
USR-04156,2023-10-18,Australia,email
USR-04157,2023-07-21,UAE,affiliates
USR-04158,2024-06-11,Spain,organic
USR-04159,2025-01-27,Singapore,organic
USR-04160,2023-09-24,Italy,affiliates
USR-04161,2024-04-06,US,paid_search
USR-04162,2023-10-01,France,paid_search
USR-04163,2023-12-02,UAE,referral
USR-04164,2024-09-08,UK,social
USR-04165,2024-01-04,UK,paid_search
USR-04166,2023-12-18,UAE,paid_search
USR-04167,2025-06-26,Italy,paid_search
USR-04168,2023-10-09,UAE,organic
USR-04169,2023-10-22,UK,organic
USR-04170,2025-05-07,Canada,social
USR-04171,2024-07-23,UK,referral
USR-04172,2023-07-03,US,paid_search
USR-04173,2024-04-18,Canada,paid_search
USR-04174,2024-08-03,Spain,social
USR-04175,2023-12-10,Australia,organic
USR-04176,2024-07-21,Spain,paid_search
USR-04177,2024-10-05,UAE,organic
USR-04178,2023-12-08,US,social
USR-04179,2025-02-07,India,organic
USR-04180,2024-05-10,Australia,paid_search
USR-04181,2025-06-02,Italy,social
USR-04182,2023-08-06,India,referral
USR-04183,2024-02-02,India,email
USR-04184,2024-11-30,US,affiliates
USR-04185,2025-04-11,India,email
USR-04186,2023-11-16,Italy,paid_search
USR-04187,2025-06-14,UK,organic
USR-04188,2023-10-25,France,organic
USR-04189,2024-04-12,Australia,organic
USR-04190,2024-01-26,Germany,organic
USR-04191,2024-04-18,France,paid_search
USR-04192,2025-04-16,India,email
USR-04193,2024-12-08,UK,email
USR-04194,2025-01-26,US,paid_search
USR-04195,2023-12-11,UK,paid_search
USR-04196,2025-05-20,UK,organic
USR-04197,2024-04-27,US,paid_search
USR-04198,2024-10-08,US,paid_search
USR-04199,2024-11-12,UK,paid_search
USR-04200,2024-10-16,Australia,organic
USR-04201,2024-08-31,UK,affiliates
USR-04202,2024-05-30,India,social
USR-04203,2024-10-05,Italy,social
USR-04204,2025-04-18,UK,organic
USR-04205,2024-03-23,France,organic
USR-04206,2024-06-23,Italy,paid_search
USR-04207,2023-10-15,Germany,affiliates
USR-04208,2024-02-25,US,organic
USR-04209,2025-01-07,Singapore,paid_search
USR-04210,2024-09-29,UAE,affiliates
USR-04211,2023-11-08,India,paid_search
USR-04212,2024-07-20,UK,paid_search
USR-04213,2025-02-07,UK,social
USR-04214,2023-09-03,Italy,paid_search
USR-04215,2023-07-18,India,affiliates
USR-04216,2024-03-25,UK,organic
USR-04217,2024-10-11,France,referral
USR-04218,2024-01-25,Japan,organic
USR-04219,2025-02-13,UK,referral
USR-04220,2025-03-05,UK,referral
USR-04221,2024-07-09,India,referral
USR-04222,2024-03-14,UAE,affiliates
USR-04223,2023-07-02,France,email
USR-04224,2025-02-14,Japan,organic
USR-04225,2025-04-11,UK,organic
USR-04226,2024-05-02,India,paid_search
USR-04227,2024-06-27,India,paid_search
USR-04228,2024-12-24,India,paid_search
USR-04229,2024-11-10,France,email
USR-04230,2023-09-11,Spain,email
USR-04231,2024-10-23,India,affiliates
USR-04232,2025-05-03,Singapore,paid_search
USR-04233,2024-12-22,UK,referral
USR-04234,2024-05-31,Germany,email
USR-04235,2024-07-02,India,affiliates
USR-04236,2023-12-15,Germany,referral
USR-04237,2024-10-15,UK,organic
USR-04238,2023-12-01,Australia,organic
USR-04239,2024-02-15,Japan,affiliates
USR-04240,2023-12-19,Italy,email
USR-04241,2024-02-10,Japan,referral
USR-04242,2024-03-05,UK,referral
USR-04243,2023-08-03,France,email
USR-04244,2024-11-27,India,referral
USR-04245,2024-05-01,Japan,affiliates
USR-04246,2025-05-22,US,affiliates
USR-04247,2023-10-16,US,paid_search
USR-04248,2024-10-21,UAE,organic
USR-04249,2023-10-15,UK,organic
USR-04250,2024-07-20,Singapore,paid_search
USR-04251,2024-06-08,US,referral
USR-04252,2024-05-06,UAE,referral
USR-04253,2024-10-10,Italy,paid_search
USR-04254,2025-02-19,Germany,paid_search
USR-04255,2024-01-27,US,paid_search
USR-04256,2025-03-07,UK,referral
USR-04257,2023-10-19,UK,social
USR-04258,2024-01-09,UK,organic
USR-04259,2024-01-23,Germany,paid_search
USR-04260,2025-05-25,India,social
USR-04261,2023-08-30,US,social
USR-04262,2024-03-27,US,referral
USR-04263,2024-04-18,Australia,affiliates
USR-04264,2025-01-29,UK,organic
USR-04265,2024-06-04,US,organic
USR-04266,2025-06-04,France,paid_search
USR-04267,2024-12-14,UK,organic
USR-04268,2024-11-16,Japan,paid_search
USR-04269,2024-12-24,UK,organic
USR-04270,2023-10-01,UAE,organic
USR-04271,2024-05-07,UAE,referral
USR-04272,2024-08-19,Spain,organic
USR-04273,2023-11-06,UAE,referral
USR-04274,2023-08-30,Spain,paid_search
USR-04275,2023-09-12,India,paid_search
USR-04276,2025-01-20,France,organic
USR-04277,2024-10-12,Singapore,organic
USR-04278,2023-12-31,Germany,paid_search
USR-04279,2024-12-12,France,referral
USR-04280,2024-11-10,US,affiliates
USR-04281,2025-02-10,US,organic
USR-04282,2025-04-22,India,organic
USR-04283,2025-04-01,UK,organic
USR-04284,2023-10-16,India,referral
USR-04285,2025-01-05,UK,organic
USR-04286,2024-03-25,Germany,organic
USR-04287,2024-04-02,Singapore,affiliates
USR-04288,2024-10-04,Germany,affiliates
USR-04289,2024-08-31,Singapore,email
USR-04290,2024-04-14,UK,organic
USR-04291,2025-06-29,UK,paid_search
USR-04292,2023-10-11,Singapore,organic
USR-04293,2023-08-13,Spain,email
USR-04294,2023-06-23,Singapore,referral
USR-04295,2025-02-08,UAE,organic
USR-04296,2024-04-05,Singapore,affiliates
USR-04297,2024-04-28,Singapore,paid_search
USR-04298,2024-10-06,Singapore,referral
USR-04299,2024-04-26,Singapore,organic
USR-04300,2024-08-10,UK,paid_search
USR-04301,2023-07-15,UK,organic
USR-04302,2023-09-27,India,email
USR-04303,2025-05-09,France,organic
USR-04304,2024-05-08,Spain,paid_search
USR-04305,2023-10-06,India,referral
USR-04306,2024-03-07,US,email
USR-04307,2024-02-10,Spain,social
USR-04308,2023-12-26,US,email
USR-04309,2024-01-10,Italy,social
USR-04310,2024-12-06,US,social
USR-04311,2023-08-21,India,paid_search
USR-04312,2024-01-22,India,organic
USR-04313,2024-05-21,US,paid_search
USR-04314,2024-07-15,UK,organic
USR-04315,2025-03-31,US,paid_search
USR-04316,2025-05-02,India,paid_search
USR-04317,2024-01-13,India,organic
USR-04318,2024-07-14,Spain,referral
USR-04319,2023-06-17,UK,email
USR-04320,2024-09-11,India,social
USR-04321,2023-09-25,UK,affiliates
USR-04322,2023-07-26,Australia,organic
USR-04323,2024-10-23,Spain,organic
USR-04324,2023-10-14,Canada,organic
USR-04325,2024-05-28,Japan,social
USR-04326,2023-08-16,India,organic
USR-04327,2024-12-18,Singapore,affiliates
USR-04328,2025-01-02,US,paid_search
USR-04329,2024-08-10,Japan,paid_search
USR-04330,2025-02-25,India,social
USR-04331,2024-04-27,India,paid_search
USR-04332,2023-10-20,Japan,email
USR-04333,2023-09-24,Italy,email
USR-04334,2023-11-14,Australia,referral
USR-04335,2023-10-31,UK,social
USR-04336,2024-02-01,US,paid_search
USR-04337,2023-11-10,US,paid_search
USR-04338,2024-08-23,India,email
USR-04339,2023-09-21,France,paid_search
USR-04340,2024-09-15,US,paid_search
USR-04341,2024-02-09,Spain,organic
USR-04342,2024-11-03,US,email
USR-04343,2024-06-24,Singapore,organic
USR-04344,2025-04-18,Italy,affiliates
USR-04345,2024-04-30,Germany,organic
USR-04346,2024-01-11,India,paid_search
USR-04347,2024-08-21,US,organic
USR-04348,2024-10-13,UK,organic
USR-04349,2024-04-29,Singapore,paid_search
USR-04350,2024-07-30,France,email
USR-04351,2024-05-23,UK,organic
USR-04352,2024-01-19,Canada,organic
USR-04353,2024-01-25,UAE,organic
USR-04354,2025-04-20,Italy,paid_search
USR-04355,2024-10-26,France,affiliates
USR-04356,2023-08-12,Australia,paid_search
USR-04357,2025-06-01,US,referral
USR-04358,2024-11-23,US,paid_search
USR-04359,2023-07-09,Japan,paid_search
USR-04360,2024-12-05,Japan,referral
USR-04361,2024-08-22,France,organic
USR-04362,2025-04-26,UK,affiliates
USR-04363,2024-06-06,US,paid_search
USR-04364,2024-06-29,Singapore,paid_search
USR-04365,2024-01-26,Italy,affiliates
USR-04366,2024-01-31,India,paid_search
USR-04367,2024-09-12,UK,affiliates
USR-04368,2025-02-19,UAE,affiliates
USR-04369,2025-04-07,Singapore,organic
USR-04370,2025-01-06,India,paid_search
USR-04371,2024-09-06,Germany,referral
USR-04372,2024-06-15,Canada,organic
USR-04373,2024-02-14,US,email
USR-04374,2025-01-04,Germany,organic
USR-04375,2024-01-28,Germany,organic
USR-04376,2023-12-21,Germany,paid_search
USR-04377,2025-03-21,Italy,email
USR-04378,2024-08-22,Germany,email
USR-04379,2024-02-25,France,social
USR-04380,2025-03-19,UK,organic
USR-04381,2025-06-01,Singapore,paid_search
USR-04382,2024-01-28,UK,organic
USR-04383,2024-07-01,UK,organic
USR-04384,2024-06-02,France,paid_search
USR-04385,2024-11-15,Germany,social
USR-04386,2025-05-23,Canada,organic
USR-04387,2024-07-21,Singapore,organic
USR-04388,2025-01-27,Italy,email
USR-04389,2024-08-26,India,organic
USR-04390,2025-04-05,France,affiliates
USR-04391,2024-04-03,Canada,paid_search
USR-04392,2024-03-19,India,organic
USR-04393,2024-04-17,Spain,affiliates
USR-04394,2025-06-27,France,social
USR-04395,2024-09-07,US,referral
USR-04396,2023-09-24,Germany,paid_search
USR-04397,2023-07-02,US,paid_search
USR-04398,2024-06-29,UK,social
USR-04399,2025-02-02,US,paid_search
USR-04400,2024-05-30,US,social
USR-04401,2024-07-30,India,organic
USR-04402,2025-01-27,Japan,paid_search
USR-04403,2024-06-27,India,organic
USR-04404,2025-04-21,Italy,referral
USR-04405,2024-09-27,Germany,paid_search
USR-04406,2024-12-07,UK,affiliates
USR-04407,2025-01-14,US,organic
USR-04408,2024-09-19,Australia,paid_search
USR-04409,2023-07-09,Germany,paid_search
USR-04410,2024-04-20,Japan,email
USR-04411,2023-09-16,India,referral
USR-04412,2024-06-22,Singapore,paid_search
USR-04413,2023-09-17,Spain,paid_search
USR-04414,2024-06-22,Canada,email
USR-04415,2024-02-17,UK,organic
USR-04416,2023-06-16,Australia,social
USR-04417,2023-09-03,India,email
USR-04418,2024-06-17,Italy,organic
USR-04419,2023-07-30,Germany,social
USR-04420,2025-03-12,Germany,email
USR-04421,2024-12-28,India,organic
USR-04422,2024-11-21,Italy,paid_search
USR-04423,2023-10-09,US,paid_search
USR-04424,2025-01-25,France,referral
USR-04425,2024-09-25,Germany,social
USR-04426,2024-03-23,Singapore,paid_search
USR-04427,2023-06-01,France,paid_search
USR-04428,2024-07-07,UAE,organic
USR-04429,2025-01-25,France,organic
USR-04430,2023-06-26,UAE,organic
USR-04431,2023-07-10,UAE,organic
USR-04432,2024-03-18,Singapore,organic
USR-04433,2024-06-23,Italy,social
USR-04434,2024-05-26,Germany,social
USR-04435,2024-04-19,US,organic
USR-04436,2023-12-11,UAE,social
USR-04437,2023-07-16,UK,organic
USR-04438,2023-06-24,US,paid_search
USR-04439,2023-08-15,Spain,affiliates
USR-04440,2024-11-06,France,social
USR-04441,2025-01-18,France,organic
USR-04442,2024-04-26,Canada,paid_search
USR-04443,2023-07-29,US,email
USR-04444,2024-04-11,UK,organic
USR-04445,2025-06-19,UK,affiliates
USR-04446,2023-12-07,US,paid_search
USR-04447,2024-06-08,Singapore,organic
USR-04448,2024-07-13,Spain,social
USR-04449,2024-02-06,Germany,email
USR-04450,2024-04-28,US,paid_search
USR-04451,2024-05-24,France,affiliates
USR-04452,2024-05-26,UK,affiliates
USR-04453,2024-11-27,UAE,organic
USR-04454,2024-08-15,Germany,organic
USR-04455,2023-07-11,UK,paid_search
USR-04456,2023-06-05,Spain,social
USR-04457,2024-04-08,Spain,social
USR-04458,2025-04-20,US,organic
USR-04459,2023-06-29,UAE,affiliates
USR-04460,2023-07-25,Germany,paid_search
USR-04461,2024-10-29,UK,referral
USR-04462,2024-05-08,US,referral
USR-04463,2023-11-23,UAE,organic
USR-04464,2023-11-05,Australia,organic
USR-04465,2024-10-18,Germany,organic
USR-04466,2024-07-03,Germany,affiliates
USR-04467,2024-09-28,UAE,paid_search
USR-04468,2023-12-30,France,referral
USR-04469,2024-07-05,UK,paid_search
USR-04470,2025-03-15,India,paid_search
USR-04471,2024-01-27,Japan,affiliates
USR-04472,2024-03-28,Spain,paid_search
USR-04473,2023-10-03,Japan,email
USR-04474,2024-09-28,UK,paid_search
USR-04475,2023-06-25,France,organic
USR-04476,2023-12-07,Germany,organic
USR-04477,2024-11-23,US,organic
USR-04478,2023-06-15,US,email
USR-04479,2025-06-21,Spain,paid_search
USR-04480,2024-04-03,UAE,paid_search
USR-04481,2024-03-30,UAE,organic
USR-04482,2024-07-12,US,social
USR-04483,2024-09-28,France,referral
USR-04484,2024-05-15,UK,social
USR-04485,2025-04-03,UK,affiliates
USR-04486,2025-06-01,France,organic
USR-04487,2023-10-31,US,organic
USR-04488,2024-11-19,Australia,paid_search
USR-04489,2024-01-15,France,organic
USR-04490,2025-06-26,UK,email
USR-04491,2023-12-10,UK,referral
USR-04492,2024-01-11,Singapore,organic
USR-04493,2024-11-24,US,affiliates
USR-04494,2025-01-20,US,organic
USR-04495,2023-09-06,India,email
USR-04496,2024-07-27,US,paid_search
USR-04497,2024-02-18,Germany,social
USR-04498,2024-09-07,France,organic
USR-04499,2024-07-28,UK,affiliates
USR-04500,2025-06-19,Spain,affiliates
USR-04501,2025-05-10,India,paid_search
USR-04502,2024-10-10,Germany,paid_search
USR-04503,2024-10-29,UK,social
USR-04504,2025-04-14,UAE,social
USR-04505,2023-10-18,US,social
USR-04506,2024-12-03,France,social
USR-04507,2025-01-07,US,affiliates
USR-04508,2023-09-05,Canada,social
USR-04509,2025-03-31,US,organic
USR-04510,2024-11-13,Japan,affiliates
USR-04511,2024-02-19,Japan,organic
USR-04512,2024-06-03,India,organic
USR-04513,2024-06-07,US,affiliates
USR-04514,2025-04-29,India,organic
USR-04515,2025-06-06,Canada,organic
USR-04516,2025-02-03,Germany,social
USR-04517,2024-10-08,Germany,referral
USR-04518,2023-08-19,UK,organic
USR-04519,2025-04-26,Italy,paid_search
USR-04520,2023-09-10,UK,organic
USR-04521,2023-10-05,UK,paid_search
USR-04522,2023-07-23,US,paid_search
USR-04523,2025-05-21,France,organic
USR-04524,2024-06-09,Japan,affiliates
USR-04525,2023-11-27,Spain,social
USR-04526,2023-08-01,US,referral
USR-04527,2024-04-09,India,affiliates
USR-04528,2024-12-01,Spain,affiliates
USR-04529,2025-06-25,France,email
USR-04530,2024-07-24,US,paid_search
USR-04531,2024-09-04,India,referral
USR-04532,2025-02-25,UAE,social
USR-04533,2025-04-16,Canada,organic
USR-04534,2023-12-30,UAE,paid_search
USR-04535,2025-06-23,UK,paid_search
USR-04536,2024-06-29,Singapore,paid_search
USR-04537,2025-05-07,US,referral
USR-04538,2023-08-29,Italy,paid_search
USR-04539,2023-08-14,India,organic
USR-04540,2025-04-03,US,organic
USR-04541,2024-10-24,France,affiliates
USR-04542,2023-10-12,US,paid_search
USR-04543,2025-04-11,US,paid_search
USR-04544,2023-08-17,Germany,referral
USR-04545,2024-10-31,Spain,referral
USR-04546,2023-11-03,Italy,paid_search
USR-04547,2023-07-24,India,social
USR-04548,2025-02-02,UK,organic
USR-04549,2025-03-06,France,affiliates
USR-04550,2023-08-20,France,social
USR-04551,2023-08-10,US,email
USR-04552,2024-09-09,Japan,organic
USR-04553,2023-06-22,Canada,social
USR-04554,2024-12-19,UK,paid_search
USR-04555,2025-04-26,Spain,paid_search
USR-04556,2024-12-22,UAE,email
USR-04557,2023-11-23,US,referral
USR-04558,2023-10-23,UAE,paid_search
USR-04559,2024-10-30,UK,affiliates
USR-04560,2023-07-17,UK,organic
USR-04561,2024-07-13,Canada,social
USR-04562,2024-05-07,UAE,organic
USR-04563,2024-12-17,US,organic
USR-04564,2023-11-01,France,affiliates
USR-04565,2024-12-31,Australia,organic
USR-04566,2024-11-13,France,affiliates
USR-04567,2023-11-29,Japan,paid_search
USR-04568,2024-02-27,Italy,email
USR-04569,2023-07-21,India,organic
USR-04570,2024-05-07,Singapore,social
USR-04571,2023-12-16,UAE,affiliates
USR-04572,2023-08-26,Spain,social
USR-04573,2024-07-30,India,paid_search
USR-04574,2024-08-05,UK,referral
USR-04575,2023-08-05,US,email
USR-04576,2023-10-19,Germany,organic
USR-04577,2023-08-02,Spain,social
USR-04578,2024-10-29,Singapore,social
USR-04579,2024-02-12,Germany,referral
USR-04580,2023-07-25,UK,paid_search
USR-04581,2023-10-24,UK,paid_search
USR-04582,2025-06-11,Spain,affiliates
USR-04583,2023-12-12,Germany,social
USR-04584,2024-11-02,Spain,paid_search
USR-04585,2024-05-22,US,affiliates
USR-04586,2023-10-17,India,organic
USR-04587,2024-01-20,Japan,paid_search
USR-04588,2023-06-11,US,referral
USR-04589,2024-12-19,UK,email
USR-04590,2024-02-10,UAE,affiliates
USR-04591,2024-06-14,Germany,social
USR-04592,2023-09-25,Australia,paid_search
USR-04593,2025-02-16,Japan,paid_search
USR-04594,2023-11-13,Singapore,organic
USR-04595,2024-08-04,UK,affiliates
USR-04596,2025-03-25,France,organic
USR-04597,2024-11-24,Japan,social
USR-04598,2024-09-01,France,paid_search
USR-04599,2025-04-05,Australia,organic
USR-04600,2023-10-13,UAE,organic
USR-04601,2025-06-02,UK,social
USR-04602,2024-07-28,France,organic
USR-04603,2024-04-07,Singapore,affiliates
USR-04604,2023-12-12,UK,affiliates
USR-04605,2024-12-18,India,organic
USR-04606,2025-06-11,Singapore,affiliates
USR-04607,2024-11-06,UK,paid_search
USR-04608,2023-06-25,India,organic
USR-04609,2024-05-22,UAE,paid_search
USR-04610,2024-12-08,Spain,referral
USR-04611,2024-03-29,France,social
USR-04612,2025-01-08,Australia,organic
USR-04613,2024-11-19,Japan,email
USR-04614,2023-07-22,France,email
USR-04615,2024-07-29,US,email
USR-04616,2023-10-09,Spain,social
USR-04617,2024-06-04,US,referral
USR-04618,2024-03-19,Italy,social
USR-04619,2025-02-03,Germany,organic
USR-04620,2025-03-21,India,referral
USR-04621,2024-05-16,Germany,paid_search
USR-04622,2024-07-13,Germany,email
USR-04623,2024-09-18,Japan,email
USR-04624,2024-10-11,US,paid_search
USR-04625,2024-09-25,Japan,organic
USR-04626,2025-01-16,UK,email
USR-04627,2025-06-16,Spain,referral
USR-04628,2025-02-19,Japan,referral
USR-04629,2023-09-11,India,social
USR-04630,2024-05-27,UK,organic
USR-04631,2024-05-16,Spain,paid_search
USR-04632,2024-06-21,Italy,referral
USR-04633,2024-07-06,India,paid_search
USR-04634,2024-11-27,France,email
USR-04635,2024-04-15,Spain,paid_search
USR-04636,2023-12-18,US,organic
USR-04637,2024-05-13,UAE,social
USR-04638,2025-03-11,France,social
USR-04639,2024-01-23,US,social
USR-04640,2023-06-16,Italy,organic
USR-04641,2025-06-11,India,referral
USR-04642,2023-10-27,Australia,paid_search
USR-04643,2024-09-01,Germany,referral
USR-04644,2025-01-29,France,social
USR-04645,2023-12-26,India,paid_search
USR-04646,2024-02-14,India,email
USR-04647,2023-12-31,Spain,social
USR-04648,2023-09-22,UAE,paid_search
USR-04649,2023-09-25,Spain,social
USR-04650,2023-10-20,India,organic
USR-04651,2024-05-14,US,affiliates
USR-04652,2024-07-08,UK,paid_search
USR-04653,2023-06-13,Spain,organic
USR-04654,2025-03-05,India,referral
USR-04655,2024-10-26,France,organic
USR-04656,2023-07-24,France,affiliates
USR-04657,2025-03-02,France,paid_search
USR-04658,2023-06-24,UAE,organic
USR-04659,2024-07-31,Germany,organic
USR-04660,2024-05-19,Canada,organic
USR-04661,2024-06-16,UK,organic
USR-04662,2025-05-27,Germany,organic
USR-04663,2025-05-05,UK,paid_search
USR-04664,2023-12-30,Spain,paid_search
USR-04665,2024-08-14,Germany,paid_search
USR-04666,2025-05-29,India,organic
USR-04667,2024-12-05,Spain,organic
USR-04668,2025-04-05,France,organic
USR-04669,2024-04-26,US,organic
USR-04670,2024-01-02,France,paid_search
USR-04671,2024-06-23,UK,organic
USR-04672,2025-02-10,Japan,paid_search
USR-04673,2025-05-06,Singapore,affiliates
USR-04674,2024-11-03,Spain,organic
USR-04675,2024-11-18,Italy,organic
USR-04676,2024-06-23,Spain,social
USR-04677,2024-01-29,France,paid_search
USR-04678,2024-04-17,UK,organic
USR-04679,2024-06-13,India,referral
USR-04680,2025-02-09,Australia,email
USR-04681,2024-07-27,Australia,affiliates
USR-04682,2025-01-23,Spain,affiliates
USR-04683,2023-06-21,US,social
USR-04684,2024-12-27,US,email
USR-04685,2024-06-20,Italy,paid_search
USR-04686,2025-06-28,UK,affiliates
USR-04687,2024-05-24,Germany,social
USR-04688,2024-05-29,India,paid_search
USR-04689,2023-09-05,US,organic
USR-04690,2025-02-03,UAE,social
USR-04691,2024-11-15,Australia,social
USR-04692,2025-03-17,Spain,referral
USR-04693,2023-08-10,France,organic
USR-04694,2023-11-08,France,referral
USR-04695,2025-03-28,Japan,organic
USR-04696,2023-07-02,Germany,social
USR-04697,2024-06-21,France,paid_search
USR-04698,2024-04-03,UAE,paid_search
USR-04699,2025-05-14,US,paid_search
USR-04700,2025-03-13,UK,organic
USR-04701,2025-04-12,Italy,organic
USR-04702,2024-01-06,Germany,referral
USR-04703,2024-08-20,US,organic
USR-04704,2024-11-14,US,email
USR-04705,2025-06-05,Canada,email
USR-04706,2023-06-06,UAE,organic
USR-04707,2025-06-12,UAE,affiliates
USR-04708,2024-02-26,UK,referral
USR-04709,2023-09-06,Australia,referral
USR-04710,2024-09-10,Japan,referral
USR-04711,2025-01-14,Germany,social
USR-04712,2023-09-07,US,affiliates
USR-04713,2023-07-01,Singapore,organic
USR-04714,2025-04-12,Italy,organic
USR-04715,2025-05-10,Spain,email
USR-04716,2023-09-27,Canada,organic
USR-04717,2025-04-18,UAE,social
USR-04718,2025-04-22,India,paid_search
USR-04719,2025-06-28,France,paid_search
USR-04720,2023-11-12,Spain,affiliates
USR-04721,2024-08-13,US,organic
USR-04722,2025-06-25,US,organic
USR-04723,2025-04-17,Singapore,social
USR-04724,2024-09-02,France,referral
USR-04725,2023-10-28,Spain,referral
USR-04726,2023-08-04,UK,organic
USR-04727,2023-12-14,India,affiliates
USR-04728,2023-07-20,US,social
USR-04729,2023-10-27,Singapore,referral
USR-04730,2023-07-27,Singapore,organic
USR-04731,2024-12-31,France,paid_search
USR-04732,2024-08-22,France,social
USR-04733,2024-06-28,UK,social
USR-04734,2025-02-05,Singapore,organic
USR-04735,2024-04-08,Canada,social
USR-04736,2024-04-02,Spain,social
USR-04737,2023-11-05,US,paid_search
USR-04738,2024-05-04,UAE,paid_search
USR-04739,2023-10-11,US,organic
USR-04740,2024-08-21,UK,affiliates
USR-04741,2025-06-28,US,social
USR-04742,2024-07-10,UK,social
USR-04743,2024-01-14,US,affiliates
USR-04744,2024-11-04,Spain,social
USR-04745,2025-02-13,US,organic
USR-04746,2024-05-24,Singapore,social
USR-04747,2023-12-08,Australia,affiliates
USR-04748,2024-11-24,Germany,organic
USR-04749,2023-10-21,France,social
USR-04750,2025-06-27,Singapore,organic
USR-04751,2024-01-28,UK,referral
USR-04752,2024-02-22,India,social
USR-04753,2024-12-04,France,affiliates
USR-04754,2023-06-10,Italy,social
USR-04755,2023-11-02,Spain,organic
USR-04756,2023-09-04,Italy,paid_search
USR-04757,2024-03-24,Singapore,affiliates
USR-04758,2024-07-25,Germany,organic
USR-04759,2023-10-15,Italy,organic
USR-04760,2024-02-17,Italy,email
USR-04761,2025-01-07,France,paid_search
USR-04762,2025-05-15,Canada,organic
USR-04763,2023-06-11,Italy,organic
USR-04764,2024-09-19,France,paid_search
USR-04765,2023-06-20,UK,social
USR-04766,2024-06-30,US,paid_search
USR-04767,2025-03-30,Spain,paid_search
USR-04768,2025-01-27,UK,referral
USR-04769,2023-11-24,France,organic
USR-04770,2023-12-14,Germany,email
USR-04771,2025-01-16,Italy,paid_search
USR-04772,2025-02-13,Italy,paid_search
USR-04773,2023-12-31,Spain,social
USR-04774,2023-06-03,India,email
USR-04775,2024-05-03,UK,affiliates
USR-04776,2024-09-13,UAE,organic
USR-04777,2024-05-03,US,organic
USR-04778,2025-05-11,Germany,paid_search
USR-04779,2025-02-08,Canada,social
USR-04780,2025-01-19,Germany,organic
USR-04781,2023-06-16,UAE,affiliates
USR-04782,2025-03-10,UAE,referral
USR-04783,2024-12-25,Italy,paid_search
USR-04784,2024-03-28,France,paid_search
USR-04785,2024-08-22,France,organic
USR-04786,2025-02-16,US,social
USR-04787,2025-04-19,Germany,social
USR-04788,2024-07-23,US,affiliates
USR-04789,2023-07-02,France,paid_search
USR-04790,2024-09-13,Spain,organic
USR-04791,2024-10-29,UK,organic
USR-04792,2023-07-15,Germany,organic
USR-04793,2025-02-11,US,affiliates
USR-04794,2023-11-01,US,referral
USR-04795,2025-04-07,UK,referral
USR-04796,2024-07-23,US,referral
USR-04797,2024-01-31,Canada,organic
USR-04798,2023-07-15,Canada,email
USR-04799,2023-06-14,Singapore,email
USR-04800,2024-12-15,Germany,organic
USR-04801,2024-03-13,Spain,paid_search
USR-04802,2025-02-28,Japan,social
USR-04803,2023-11-23,France,affiliates
USR-04804,2025-04-30,UK,organic
USR-04805,2025-05-16,Singapore,affiliates
USR-04806,2023-08-17,Canada,affiliates
USR-04807,2024-10-04,US,affiliates
USR-04808,2025-05-15,France,organic
USR-04809,2024-02-01,India,organic
USR-04810,2023-07-22,India,email
USR-04811,2025-03-27,Singapore,paid_search
USR-04812,2024-05-26,India,organic
USR-04813,2023-06-21,Australia,referral
USR-04814,2025-02-28,Spain,organic
USR-04815,2024-10-28,UK,paid_search
USR-04816,2023-07-24,Spain,affiliates
USR-04817,2023-12-14,Spain,paid_search
USR-04818,2023-06-14,France,affiliates
USR-04819,2025-05-26,France,paid_search
USR-04820,2023-06-19,Italy,paid_search
USR-04821,2025-01-25,India,organic
USR-04822,2024-06-23,UK,paid_search
USR-04823,2024-08-16,India,paid_search
USR-04824,2025-02-06,US,referral
USR-04825,2025-04-11,UAE,affiliates
USR-04826,2023-09-05,US,organic
USR-04827,2023-06-14,UAE,organic
USR-04828,2023-09-03,France,social
USR-04829,2024-10-31,Italy,paid_search
USR-04830,2024-08-06,France,organic
USR-04831,2023-08-03,Japan,organic
USR-04832,2023-11-26,Japan,organic
USR-04833,2024-07-13,US,social
USR-04834,2024-12-06,UAE,organic
USR-04835,2024-02-16,US,email
USR-04836,2025-05-22,Italy,paid_search
USR-04837,2025-06-24,UAE,paid_search
USR-04838,2025-01-03,US,social
USR-04839,2024-05-11,US,organic
USR-04840,2025-03-28,India,affiliates
USR-04841,2024-12-05,Spain,email
USR-04842,2024-06-29,Spain,affiliates
USR-04843,2024-05-03,UK,paid_search
USR-04844,2025-02-22,US,paid_search
USR-04845,2024-07-28,India,organic
USR-04846,2023-10-18,Germany,social
USR-04847,2025-06-29,UK,social
USR-04848,2023-07-22,India,paid_search
USR-04849,2024-11-10,Japan,organic
USR-04850,2024-10-11,France,organic
USR-04851,2024-08-19,Singapore,organic
USR-04852,2023-07-10,France,paid_search
USR-04853,2024-06-09,France,social
USR-04854,2025-04-09,UAE,affiliates
USR-04855,2023-11-30,US,organic
USR-04856,2024-11-07,US,organic
USR-04857,2025-03-14,Canada,organic
USR-04858,2025-05-24,Italy,organic
USR-04859,2024-06-27,Singapore,email
USR-04860,2024-01-25,UK,organic
USR-04861,2024-11-13,UK,affiliates
USR-04862,2024-06-04,US,affiliates
USR-04863,2024-09-19,Australia,paid_search
USR-04864,2024-12-15,Spain,affiliates
USR-04865,2024-11-21,France,social
USR-04866,2023-12-02,Australia,affiliates
USR-04867,2024-12-26,UK,organic
USR-04868,2024-07-16,Germany,affiliates
USR-04869,2025-05-08,US,organic
USR-04870,2024-10-14,US,paid_search
USR-04871,2025-04-08,Australia,affiliates
USR-04872,2025-06-13,Italy,paid_search
USR-04873,2025-06-25,UK,organic
USR-04874,2024-12-17,US,organic
USR-04875,2024-08-27,Germany,organic
USR-04876,2023-08-29,UK,paid_search
USR-04877,2024-03-20,Germany,paid_search
USR-04878,2024-05-27,Germany,social
USR-04879,2025-01-14,US,referral
USR-04880,2024-08-21,US,organic
USR-04881,2024-04-29,US,referral
USR-04882,2023-09-20,Australia,social
USR-04883,2024-11-26,India,referral
USR-04884,2024-04-24,Germany,referral
USR-04885,2023-06-28,US,affiliates
USR-04886,2024-01-02,Singapore,organic
USR-04887,2025-03-30,UK,social
USR-04888,2023-08-30,UK,affiliates
USR-04889,2024-04-04,Singapore,email
USR-04890,2024-06-24,Singapore,organic
USR-04891,2023-08-03,US,social
USR-04892,2023-10-04,India,referral
USR-04893,2025-05-15,Australia,organic
USR-04894,2024-08-22,UK,social
USR-04895,2023-11-07,US,referral
USR-04896,2023-10-07,France,social
USR-04897,2024-04-19,US,organic
USR-04898,2024-12-01,UAE,social
USR-04899,2024-12-07,Singapore,social
USR-04900,2023-10-27,France,paid_search
USR-04901,2024-12-03,Germany,email
USR-04902,2025-04-12,France,paid_search
USR-04903,2023-11-20,Spain,affiliates
USR-04904,2023-06-20,UK,referral
USR-04905,2025-05-29,India,referral
USR-04906,2024-07-01,UAE,social
USR-04907,2025-01-11,India,organic
USR-04908,2024-01-30,UK,email
USR-04909,2024-01-14,India,organic
USR-04910,2023-11-19,Singapore,paid_search
USR-04911,2023-11-12,UK,organic
USR-04912,2024-05-24,Singapore,social
USR-04913,2023-08-20,Spain,email
USR-04914,2025-03-01,UAE,paid_search
USR-04915,2024-06-23,US,paid_search
USR-04916,2025-04-26,Spain,organic
USR-04917,2024-06-16,US,paid_search
USR-04918,2024-01-17,Japan,paid_search
USR-04919,2024-06-26,Singapore,affiliates
USR-04920,2023-09-26,UK,affiliates
USR-04921,2025-02-16,Spain,affiliates
USR-04922,2024-11-29,France,organic
USR-04923,2023-09-20,France,organic
USR-04924,2024-08-16,India,paid_search
USR-04925,2024-07-13,Germany,social
USR-04926,2023-10-31,Singapore,email
USR-04927,2023-09-01,Japan,referral
USR-04928,2024-12-29,US,paid_search
USR-04929,2023-12-18,UAE,social
USR-04930,2024-06-29,UAE,affiliates
USR-04931,2023-12-06,UAE,organic
USR-04932,2024-10-09,France,referral
USR-04933,2023-07-08,India,email
USR-04934,2024-02-29,Spain,organic
USR-04935,2024-07-20,US,affiliates
USR-04936,2024-04-29,US,affiliates
USR-04937,2024-09-08,Germany,referral
USR-04938,2023-10-16,US,organic
USR-04939,2024-05-01,UK,organic
USR-04940,2024-12-26,UK,email
USR-04941,2024-02-09,Singapore,organic
USR-04942,2023-09-28,Canada,organic
USR-04943,2025-03-06,France,paid_search
USR-04944,2025-01-12,UK,organic
USR-04945,2024-10-30,Spain,email
USR-04946,2025-01-27,US,social
USR-04947,2025-01-12,Canada,organic
USR-04948,2024-12-19,Germany,social
USR-04949,2024-06-22,US,organic
USR-04950,2023-06-15,France,organic
USR-04951,2024-08-27,India,paid_search
USR-04952,2023-12-25,Spain,paid_search
USR-04953,2025-01-08,UK,paid_search
USR-04954,2024-05-21,Italy,social
USR-04955,2025-04-19,Spain,paid_search
USR-04956,2024-08-26,Italy,social
USR-04957,2024-07-23,Japan,paid_search
USR-04958,2025-04-29,US,email
USR-04959,2024-05-27,France,social
USR-04960,2024-03-12,Italy,organic
USR-04961,2024-03-09,India,email
USR-04962,2025-03-27,UK,referral
USR-04963,2024-12-26,US,organic
USR-04964,2023-10-03,US,social
USR-04965,2024-06-09,Italy,referral
USR-04966,2024-03-09,France,organic
USR-04967,2024-10-04,UAE,affiliates
USR-04968,2023-07-10,Australia,paid_search
USR-04969,2024-11-24,US,email
USR-04970,2024-12-16,Spain,affiliates
USR-04971,2023-11-20,UK,affiliates
USR-04972,2023-09-23,UK,social
USR-04973,2024-09-19,US,email
USR-04974,2023-12-13,India,organic
USR-04975,2025-05-16,India,organic
USR-04976,2025-01-10,France,affiliates
USR-04977,2025-05-26,US,paid_search
USR-04978,2024-07-11,UK,referral
USR-04979,2025-05-14,UAE,organic
USR-04980,2023-06-11,UK,organic
USR-04981,2024-01-07,Spain,organic
USR-04982,2023-06-02,Japan,social
USR-04983,2024-10-27,Singapore,organic
USR-04984,2024-06-23,Germany,paid_search
USR-04985,2024-01-05,UAE,affiliates
USR-04986,2024-01-18,UAE,referral
USR-04987,2024-10-02,Australia,referral
USR-04988,2023-10-16,Australia,organic
USR-04989,2024-06-26,India,paid_search
USR-04990,2024-09-09,Germany,email
USR-04991,2023-11-30,Spain,organic
USR-04992,2023-11-21,UK,paid_search
USR-04993,2024-02-25,France,affiliates
USR-04994,2024-08-24,UAE,organic
USR-04995,2023-12-11,Singapore,affiliates
USR-04996,2024-03-15,India,organic
USR-04997,2024-07-18,US,organic
USR-04998,2023-10-20,US,organic
USR-04999,2024-08-06,Germany,affiliates
USR-05000,2023-09-13,Japan,social
USR-05001,2023-09-17,Japan,referral
USR-05002,2023-11-28,India,paid_search
USR-05003,2024-01-04,US,affiliates
USR-05004,2023-06-23,Spain,social
USR-05005,2025-05-31,Singapore,social
USR-05006,2024-01-21,France,referral
USR-05007,2025-02-01,India,referral
USR-05008,2025-04-16,UK,email
USR-05009,2025-01-29,Spain,organic
USR-05010,2025-02-21,Germany,affiliates
USR-05011,2023-08-16,India,organic
USR-05012,2024-03-09,Japan,affiliates
USR-05013,2024-12-19,UAE,paid_search
USR-05014,2024-08-11,Japan,organic
USR-05015,2023-06-05,France,paid_search
USR-05016,2024-08-05,France,social
USR-05017,2025-02-01,Australia,paid_search
USR-05018,2025-02-19,Australia,referral
USR-05019,2024-03-18,Australia,email
USR-05020,2023-11-27,Spain,organic
USR-05021,2024-01-22,France,social
USR-05022,2024-01-12,US,referral
USR-05023,2024-02-19,India,affiliates
USR-05024,2024-01-16,Australia,paid_search
USR-05025,2024-05-13,India,affiliates
USR-05026,2023-07-02,Singapore,organic
USR-05027,2023-12-27,Japan,email
USR-05028,2024-01-26,Canada,referral
USR-05029,2023-09-25,Australia,paid_search
USR-05030,2025-03-29,Germany,organic
USR-05031,2024-10-26,France,email
USR-05032,2025-04-24,Canada,paid_search
USR-05033,2024-07-31,US,organic
USR-05034,2023-08-23,US,organic
USR-05035,2025-04-18,Australia,referral
USR-05036,2024-05-14,UAE,organic
USR-05037,2024-11-02,Germany,paid_search
USR-05038,2024-03-16,UK,affiliates
USR-05039,2024-06-10,France,referral
USR-05040,2024-06-06,Australia,social
USR-05041,2024-01-03,Germany,social
USR-05042,2024-07-26,India,organic
USR-05043,2024-12-09,Germany,paid_search
USR-05044,2023-06-16,Japan,organic
USR-05045,2023-09-08,Japan,organic
USR-05046,2025-03-02,India,organic
USR-05047,2024-08-06,Germany,social
USR-05048,2025-06-09,US,organic
USR-05049,2024-09-02,France,organic
USR-05050,2024-10-09,US,affiliates
USR-05051,2025-04-14,Germany,organic
USR-05052,2024-10-14,Germany,email
USR-05053,2024-02-06,India,paid_search
USR-05054,2024-07-06,US,social
USR-05055,2023-11-27,UK,organic
USR-05056,2024-02-10,UK,organic
USR-05057,2024-10-30,Singapore,referral
USR-05058,2023-09-22,US,paid_search
USR-05059,2024-10-23,UK,organic
USR-05060,2024-08-17,Canada,paid_search
USR-05061,2024-01-21,US,paid_search
USR-05062,2023-07-05,Japan,organic
USR-05063,2024-11-17,Germany,social
USR-05064,2025-02-16,Singapore,social
USR-05065,2024-12-06,Germany,social
USR-05066,2024-04-15,US,referral
USR-05067,2024-10-09,Italy,paid_search
USR-05068,2024-04-11,Italy,affiliates
USR-05069,2024-02-28,India,paid_search
USR-05070,2024-02-04,Spain,paid_search
USR-05071,2023-11-08,Germany,social
USR-05072,2025-06-06,Japan,social
USR-05073,2024-10-19,Spain,organic
USR-05074,2023-10-11,UK,affiliates
USR-05075,2025-03-19,Italy,affiliates
USR-05076,2023-09-23,Australia,organic
USR-05077,2024-08-25,Singapore,social
USR-05078,2023-10-04,UK,referral
USR-05079,2024-03-01,Spain,affiliates
USR-05080,2024-10-13,UAE,social
USR-05081,2025-06-29,India,organic
USR-05082,2025-06-23,Japan,email
USR-05083,2025-04-11,Germany,organic
USR-05084,2023-11-26,Italy,email
USR-05085,2023-08-11,UAE,social
USR-05086,2025-04-19,US,social
USR-05087,2025-05-02,Canada,organic
USR-05088,2023-12-29,Germany,paid_search
USR-05089,2023-06-15,France,social
USR-05090,2024-10-05,India,paid_search
USR-05091,2023-07-28,UK,organic
USR-05092,2023-07-01,UAE,organic
USR-05093,2025-05-13,France,affiliates
USR-05094,2024-06-11,Australia,paid_search
USR-05095,2023-08-25,Australia,social
USR-05096,2024-10-10,Spain,paid_search
USR-05097,2024-03-07,US,referral
USR-05098,2024-07-12,Singapore,paid_search
USR-05099,2025-04-14,UK,organic
USR-05100,2023-11-28,Italy,organic
USR-05101,2024-10-04,France,organic
USR-05102,2025-02-19,Australia,referral
USR-05103,2024-04-18,India,social
USR-05104,2025-06-07,US,referral
USR-05105,2024-05-06,Canada,email
USR-05106,2024-05-14,Germany,referral
USR-05107,2025-04-02,Italy,affiliates
USR-05108,2024-09-26,Japan,social
USR-05109,2025-03-22,France,organic
USR-05110,2025-01-21,France,organic
USR-05111,2024-11-23,Germany,social
USR-05112,2023-12-01,Italy,referral
USR-05113,2024-03-30,Australia,social
USR-05114,2025-03-18,India,paid_search
USR-05115,2024-09-11,Singapore,email
USR-05116,2023-12-30,US,paid_search
USR-05117,2024-02-04,Germany,organic
USR-05118,2025-01-10,Spain,referral
USR-05119,2023-10-14,Japan,social
USR-05120,2023-08-25,France,organic
USR-05121,2025-01-02,India,paid_search
USR-05122,2024-01-06,US,social
USR-05123,2025-01-02,UK,paid_search
USR-05124,2024-07-10,India,organic
USR-05125,2025-06-28,Italy,social
USR-05126,2024-07-03,India,email
USR-05127,2025-03-21,India,organic
USR-05128,2025-03-08,Singapore,social
USR-05129,2023-11-09,US,social
USR-05130,2025-06-27,US,paid_search
USR-05131,2024-12-18,Australia,paid_search
USR-05132,2023-08-21,UK,paid_search
USR-05133,2023-06-05,India,paid_search
USR-05134,2023-12-24,Germany,referral
USR-05135,2023-06-13,US,paid_search
USR-05136,2024-02-27,US,affiliates
USR-05137,2025-06-27,US,paid_search
USR-05138,2024-05-29,India,email
USR-05139,2023-06-19,Japan,social
USR-05140,2024-06-10,France,referral
USR-05141,2023-11-14,India,affiliates
USR-05142,2025-03-12,India,paid_search
USR-05143,2023-08-08,Australia,paid_search
USR-05144,2025-01-06,UK,affiliates
USR-05145,2024-05-04,Italy,affiliates
USR-05146,2023-06-15,India,affiliates
USR-05147,2024-10-24,Australia,organic
USR-05148,2024-05-11,India,organic
USR-05149,2025-01-07,UK,paid_search
USR-05150,2024-09-12,France,email
USR-05151,2025-01-19,US,organic
USR-05152,2024-05-15,Singapore,paid_search
USR-05153,2023-06-07,UAE,social
USR-05154,2023-09-08,UAE,organic
USR-05155,2024-05-14,US,email
USR-05156,2024-03-29,Singapore,organic
USR-05157,2025-01-24,India,referral
USR-05158,2024-04-08,Canada,paid_search
USR-05159,2025-03-15,Singapore,social
USR-05160,2023-10-21,Germany,social
USR-05161,2024-03-19,Italy,organic
USR-05162,2024-12-26,Germany,paid_search
USR-05163,2023-09-03,Germany,referral
USR-05164,2024-01-31,US,social
USR-05165,2024-12-23,UAE,organic
USR-05166,2024-08-21,India,email
USR-05167,2025-01-12,UK,organic
USR-05168,2024-06-26,Spain,paid_search
USR-05169,2025-03-14,UK,paid_search
USR-05170,2025-03-28,UAE,paid_search
USR-05171,2025-06-10,UK,organic
USR-05172,2023-09-01,France,organic
USR-05173,2024-08-23,Italy,organic
USR-05174,2023-08-26,UK,paid_search
USR-05175,2023-11-21,UAE,social
USR-05176,2024-01-15,Germany,social
USR-05177,2024-10-04,Italy,organic
USR-05178,2024-04-23,US,organic
USR-05179,2025-03-19,Spain,social
USR-05180,2024-01-13,France,social
USR-05181,2024-09-12,India,referral
USR-05182,2025-01-01,India,organic
USR-05183,2025-06-15,India,organic
USR-05184,2023-12-04,France,paid_search
USR-05185,2024-12-09,UK,social
USR-05186,2023-08-04,India,paid_search
USR-05187,2024-07-18,UAE,organic
USR-05188,2024-04-10,France,organic
USR-05189,2025-05-29,US,email
USR-05190,2025-01-08,India,organic
USR-05191,2025-05-05,France,social
USR-05192,2025-03-08,UAE,organic
USR-05193,2024-04-08,Japan,paid_search
USR-05194,2024-12-09,Germany,organic
USR-05195,2023-06-24,UAE,affiliates
USR-05196,2024-07-28,UK,organic
USR-05197,2023-07-06,Australia,organic
USR-05198,2024-12-02,India,referral
USR-05199,2025-06-04,India,organic
USR-05200,2024-10-30,US,organic
USR-05201,2025-02-28,UK,organic
USR-05202,2023-11-26,Spain,email
USR-05203,2025-06-25,US,paid_search
USR-05204,2024-07-23,US,referral
USR-05205,2024-10-25,US,email
USR-05206,2025-01-06,Canada,social
USR-05207,2024-09-29,Spain,organic
USR-05208,2024-01-28,Japan,referral
USR-05209,2024-09-07,Italy,affiliates
USR-05210,2024-10-10,Japan,referral
USR-05211,2025-03-13,France,organic
USR-05212,2024-05-31,US,email
USR-05213,2024-06-16,India,email
USR-05214,2024-06-17,US,affiliates
USR-05215,2023-08-26,Singapore,organic
USR-05216,2023-08-08,UK,referral
USR-05217,2023-06-16,UK,email
USR-05218,2024-10-19,UAE,affiliates
USR-05219,2024-04-14,UK,email
USR-05220,2025-03-19,UK,affiliates
USR-05221,2024-11-15,UK,paid_search
USR-05222,2023-09-16,Singapore,organic
USR-05223,2023-08-16,UK,paid_search
USR-05224,2024-03-05,UK,referral
USR-05225,2025-04-30,US,organic
USR-05226,2023-07-07,Singapore,social
USR-05227,2023-10-21,US,affiliates
USR-05228,2023-06-23,UK,affiliates
USR-05229,2024-04-10,Japan,email
USR-05230,2025-06-22,Italy,referral
USR-05231,2024-11-01,US,organic
USR-05232,2024-06-10,US,paid_search
USR-05233,2023-09-18,US,social
USR-05234,2024-02-26,Singapore,referral
USR-05235,2024-07-03,US,organic
USR-05236,2023-12-26,Australia,organic
USR-05237,2024-11-17,Italy,email
USR-05238,2025-06-14,Germany,paid_search
USR-05239,2023-11-04,UK,referral
USR-05240,2023-12-09,Japan,paid_search
USR-05241,2023-09-04,Singapore,referral
USR-05242,2024-12-03,Spain,paid_search
USR-05243,2024-05-16,UK,referral
USR-05244,2024-01-02,Singapore,email
USR-05245,2023-11-14,Spain,organic
USR-05246,2023-07-24,Australia,paid_search
USR-05247,2024-05-27,Germany,affiliates
USR-05248,2024-11-01,France,organic
USR-05249,2023-11-26,India,email
USR-05250,2023-06-02,Singapore,organic
USR-05251,2024-05-25,Japan,referral
USR-05252,2024-10-26,Germany,organic
USR-05253,2024-02-18,US,social
USR-05254,2023-12-08,UK,social
USR-05255,2023-09-26,Germany,organic
USR-05256,2024-12-19,Italy,paid_search
USR-05257,2025-03-16,UK,affiliates
USR-05258,2025-01-06,India,email
USR-05259,2024-06-28,Australia,affiliates
USR-05260,2024-12-02,France,referral
USR-05261,2024-03-28,US,social
USR-05262,2023-06-19,India,social
USR-05263,2024-03-06,India,affiliates
USR-05264,2024-11-16,UK,social
USR-05265,2024-10-04,UAE,paid_search
USR-05266,2025-06-22,Germany,referral
USR-05267,2025-06-28,UAE,affiliates
USR-05268,2023-12-02,Germany,paid_search
USR-05269,2023-06-08,UK,organic
USR-05270,2023-12-26,US,social
USR-05271,2025-03-27,US,email
USR-05272,2025-02-08,UK,paid_search
USR-05273,2023-08-15,Singapore,email
USR-05274,2023-09-30,UK,social
USR-05275,2024-08-02,UAE,paid_search
USR-05276,2024-10-15,US,social
USR-05277,2025-06-16,UK,paid_search
USR-05278,2024-12-25,US,referral
USR-05279,2023-11-09,France,organic
USR-05280,2023-06-29,UAE,referral
USR-05281,2024-09-24,Spain,paid_search
USR-05282,2024-07-25,UK,affiliates
USR-05283,2025-05-01,Germany,referral
USR-05284,2024-08-11,Spain,organic
USR-05285,2024-06-15,India,affiliates
USR-05286,2024-01-17,UK,paid_search
USR-05287,2023-08-05,UK,social
USR-05288,2025-03-28,UK,affiliates
USR-05289,2025-02-17,Japan,affiliates
USR-05290,2023-10-02,India,email
USR-05291,2024-11-16,France,affiliates
USR-05292,2024-03-03,Spain,paid_search
USR-05293,2024-04-28,India,organic
USR-05294,2025-03-06,UAE,organic
USR-05295,2025-03-01,UK,paid_search
USR-05296,2023-10-23,France,social
USR-05297,2024-01-20,UK,paid_search
USR-05298,2025-02-14,US,social
USR-05299,2025-04-27,US,organic
USR-05300,2023-07-31,Singapore,paid_search
USR-05301,2025-02-23,UAE,email
USR-05302,2024-06-06,Singapore,organic
USR-05303,2024-08-22,UK,email
USR-05304,2023-07-28,Canada,referral
USR-05305,2024-10-30,UK,social
USR-05306,2024-10-28,Italy,affiliates
USR-05307,2024-10-16,Singapore,affiliates
USR-05308,2025-01-21,Germany,organic
USR-05309,2025-05-20,France,email
USR-05310,2025-03-07,Singapore,organic
USR-05311,2024-12-18,Singapore,paid_search
USR-05312,2025-06-15,UK,social
USR-05313,2024-10-25,Spain,email
USR-05314,2024-10-23,UK,referral
USR-05315,2024-07-16,France,email
USR-05316,2025-01-05,UAE,referral
USR-05317,2023-07-25,Italy,social
USR-05318,2024-06-19,France,organic
USR-05319,2024-04-19,US,organic
USR-05320,2025-04-24,France,social
USR-05321,2023-07-26,US,email
USR-05322,2024-10-02,France,organic
USR-05323,2023-10-19,France,paid_search
USR-05324,2025-04-02,Spain,organic
USR-05325,2025-03-09,US,social
USR-05326,2023-11-26,US,paid_search
USR-05327,2025-03-24,France,organic
USR-05328,2024-06-12,UK,organic
USR-05329,2025-06-07,US,paid_search
USR-05330,2024-12-06,India,paid_search
USR-05331,2023-06-27,France,affiliates
USR-05332,2023-11-02,US,organic
USR-05333,2024-04-02,Germany,paid_search
USR-05334,2023-11-08,Italy,social
USR-05335,2023-09-09,Germany,social
USR-05336,2025-06-13,US,paid_search
USR-05337,2025-03-22,UK,organic
USR-05338,2024-04-26,UK,affiliates
USR-05339,2023-11-11,Germany,affiliates
USR-05340,2023-10-17,UAE,paid_search
USR-05341,2025-04-26,UK,social
USR-05342,2024-02-07,US,organic
USR-05343,2023-06-10,India,organic
USR-05344,2024-03-29,India,organic
USR-05345,2024-05-11,Australia,email
USR-05346,2024-09-16,US,organic
USR-05347,2024-02-13,UK,organic
USR-05348,2025-05-02,India,organic
USR-05349,2024-10-02,UK,organic
USR-05350,2025-06-19,UK,paid_search
USR-05351,2024-03-05,India,social
USR-05352,2024-10-08,US,social
USR-05353,2024-03-04,UK,paid_search
USR-05354,2024-11-13,Germany,paid_search
USR-05355,2024-12-18,France,referral
USR-05356,2024-01-31,UK,organic
USR-05357,2025-05-13,Italy,organic
USR-05358,2025-03-13,US,affiliates
USR-05359,2025-04-10,Australia,email
USR-05360,2023-11-13,Australia,paid_search
USR-05361,2024-11-27,France,organic
USR-05362,2023-08-20,US,organic
USR-05363,2023-08-20,Italy,organic
USR-05364,2025-06-09,India,affiliates
USR-05365,2023-09-25,US,social
USR-05366,2025-03-18,Germany,organic
USR-05367,2024-04-23,France,organic
USR-05368,2024-01-17,Italy,organic
USR-05369,2023-07-26,Singapore,organic
USR-05370,2024-10-26,Italy,social
USR-05371,2024-11-30,Singapore,paid_search
USR-05372,2024-05-20,UAE,affiliates
USR-05373,2025-02-05,France,email
USR-05374,2024-02-01,Canada,affiliates
USR-05375,2024-07-24,Australia,affiliates
USR-05376,2024-01-04,Italy,affiliates
USR-05377,2024-08-16,Spain,affiliates
USR-05378,2023-09-12,Germany,paid_search
USR-05379,2024-05-27,US,organic
USR-05380,2024-07-22,Italy,organic
USR-05381,2024-07-27,UK,social
USR-05382,2024-05-05,US,email
USR-05383,2024-10-02,India,organic
USR-05384,2024-06-24,Germany,referral
USR-05385,2024-01-02,Germany,referral
USR-05386,2023-11-11,US,social
USR-05387,2024-10-05,UK,paid_search
USR-05388,2025-05-14,US,organic
USR-05389,2024-12-24,India,paid_search
USR-05390,2024-09-28,UK,organic
USR-05391,2025-05-01,Singapore,social
USR-05392,2025-04-14,US,paid_search
USR-05393,2024-06-19,India,organic
USR-05394,2023-08-23,India,paid_search
USR-05395,2024-09-25,France,social
USR-05396,2024-09-16,Italy,paid_search
USR-05397,2023-12-28,UK,affiliates
USR-05398,2025-03-07,India,organic
USR-05399,2025-03-23,Singapore,affiliates
USR-05400,2024-02-07,UK,organic
USR-05401,2024-05-28,Italy,organic
USR-05402,2023-10-27,Australia,affiliates
USR-05403,2023-10-14,Germany,email
USR-05404,2023-12-19,Australia,social
USR-05405,2024-03-04,India,email
USR-05406,2023-12-25,India,paid_search
USR-05407,2023-09-24,UK,referral
USR-05408,2024-05-05,UK,organic
USR-05409,2024-09-16,US,referral
USR-05410,2024-02-03,France,affiliates
USR-05411,2024-07-10,France,affiliates
USR-05412,2023-12-24,US,email
USR-05413,2024-11-16,Germany,social
USR-05414,2024-10-05,US,social
USR-05415,2025-05-30,India,paid_search
USR-05416,2023-07-11,US,affiliates
USR-05417,2025-03-10,Singapore,social
USR-05418,2024-02-14,France,paid_search
USR-05419,2023-07-21,Singapore,referral
USR-05420,2024-11-06,UK,organic
USR-05421,2023-10-09,India,referral
USR-05422,2023-10-12,Australia,referral
USR-05423,2025-06-14,UK,organic
USR-05424,2023-11-15,India,organic
USR-05425,2024-07-20,UK,email
USR-05426,2023-10-31,UK,organic
USR-05427,2023-09-03,France,affiliates
USR-05428,2023-06-01,UK,organic
USR-05429,2023-06-13,France,organic
USR-05430,2024-05-26,Japan,organic
USR-05431,2024-04-25,US,referral
USR-05432,2023-06-30,UK,social
USR-05433,2024-02-21,Italy,referral
USR-05434,2023-12-25,France,affiliates
USR-05435,2024-08-08,Japan,social
USR-05436,2025-06-26,US,organic
USR-05437,2024-11-07,UAE,organic
USR-05438,2025-04-28,Japan,affiliates
USR-05439,2023-10-25,US,organic
USR-05440,2023-11-11,Spain,affiliates
USR-05441,2024-12-22,UAE,affiliates
USR-05442,2024-01-22,Spain,social
USR-05443,2025-03-07,US,social
USR-05444,2024-05-18,France,affiliates
USR-05445,2023-10-31,UK,referral
USR-05446,2025-03-03,Australia,email
USR-05447,2024-07-23,UK,paid_search
USR-05448,2025-01-31,UK,paid_search
USR-05449,2024-05-09,Japan,paid_search
USR-05450,2023-09-04,US,affiliates
USR-05451,2024-10-30,Germany,social
USR-05452,2023-09-03,US,referral
USR-05453,2024-10-17,UAE,organic
USR-05454,2024-04-12,US,affiliates
USR-05455,2025-01-22,France,paid_search
USR-05456,2025-03-23,Germany,email
USR-05457,2024-04-05,India,organic
USR-05458,2025-04-01,US,affiliates
USR-05459,2023-08-24,UK,social
USR-05460,2023-08-21,Singapore,paid_search
USR-05461,2025-06-25,US,paid_search
USR-05462,2024-08-10,US,paid_search
USR-05463,2024-05-08,India,paid_search
USR-05464,2023-09-27,France,organic
USR-05465,2024-01-06,Singapore,paid_search
USR-05466,2024-11-03,India,paid_search
USR-05467,2025-02-14,Italy,paid_search
USR-05468,2025-04-27,UAE,email
USR-05469,2024-04-05,Italy,paid_search
USR-05470,2024-05-11,Singapore,organic
USR-05471,2023-10-03,UK,affiliates
USR-05472,2023-08-03,Canada,paid_search
USR-05473,2024-04-28,Spain,social
USR-05474,2024-08-14,Germany,affiliates
USR-05475,2023-08-19,US,referral
USR-05476,2024-04-06,US,social
USR-05477,2024-09-30,Germany,social
USR-05478,2025-02-06,India,referral
USR-05479,2025-05-14,UAE,referral
USR-05480,2024-02-14,India,organic
USR-05481,2024-03-24,France,social
USR-05482,2025-03-26,US,affiliates
USR-05483,2024-11-08,UK,referral
USR-05484,2023-12-26,UK,organic
USR-05485,2024-11-02,Spain,paid_search
USR-05486,2023-09-28,Germany,paid_search
USR-05487,2024-05-07,Australia,organic
USR-05488,2024-01-19,Singapore,email
USR-05489,2025-06-24,Spain,paid_search
USR-05490,2023-06-27,France,organic
USR-05491,2025-03-13,Spain,paid_search
USR-05492,2023-12-31,Australia,affiliates
USR-05493,2023-06-28,Singapore,affiliates
USR-05494,2024-10-14,UK,referral
USR-05495,2024-10-28,UAE,affiliates
USR-05496,2023-09-17,UK,affiliates
USR-05497,2023-06-30,UK,paid_search
USR-05498,2023-08-24,Singapore,organic
USR-05499,2024-04-06,Italy,referral
USR-05500,2023-09-09,UK,social
USR-05501,2024-11-16,UK,paid_search
USR-05502,2023-07-29,Japan,affiliates
USR-05503,2025-01-20,UK,paid_search
USR-05504,2025-03-26,UK,affiliates
USR-05505,2024-11-26,Singapore,social
USR-05506,2025-05-18,Italy,organic
USR-05507,2025-05-14,France,affiliates
USR-05508,2023-07-06,Germany,referral
USR-05509,2024-02-15,India,social
USR-05510,2024-12-29,US,social
USR-05511,2024-02-14,Singapore,organic
USR-05512,2024-12-12,Italy,organic
USR-05513,2025-01-09,India,organic
USR-05514,2025-06-27,US,organic
USR-05515,2024-02-06,US,paid_search
USR-05516,2024-02-20,UK,social
USR-05517,2023-06-19,US,organic
USR-05518,2024-01-03,UK,social
USR-05519,2023-12-31,Spain,organic
USR-05520,2024-05-10,US,organic
USR-05521,2024-04-16,Singapore,affiliates
USR-05522,2025-03-12,Germany,affiliates
USR-05523,2025-01-09,Italy,referral
USR-05524,2024-12-05,Australia,organic
USR-05525,2023-06-04,India,email
USR-05526,2024-05-24,UK,organic
USR-05527,2024-12-06,Singapore,social
USR-05528,2023-12-03,UK,affiliates
USR-05529,2024-04-18,US,paid_search
USR-05530,2024-12-04,UK,affiliates
USR-05531,2025-01-24,Japan,email
USR-05532,2025-03-11,UK,paid_search
USR-05533,2024-04-22,France,organic
USR-05534,2024-03-30,India,referral
USR-05535,2024-03-17,UAE,paid_search
USR-05536,2024-10-21,US,organic
USR-05537,2024-04-14,Italy,organic
USR-05538,2024-03-31,Singapore,affiliates
USR-05539,2023-10-06,France,organic
USR-05540,2024-05-29,India,affiliates
USR-05541,2023-11-28,Spain,email
USR-05542,2024-07-03,Singapore,paid_search
USR-05543,2025-04-06,India,paid_search
USR-05544,2025-01-10,India,referral
USR-05545,2024-05-29,UK,paid_search
USR-05546,2025-06-12,UK,organic
USR-05547,2025-06-14,UK,organic
USR-05548,2024-05-03,UK,affiliates
USR-05549,2025-01-01,UK,email
USR-05550,2024-02-16,Italy,paid_search
USR-05551,2025-03-29,Spain,organic
USR-05552,2024-03-10,Italy,paid_search
USR-05553,2023-12-14,UAE,referral
USR-05554,2023-09-10,UAE,organic
USR-05555,2025-03-02,UK,affiliates
USR-05556,2024-01-12,Singapore,affiliates
USR-05557,2025-02-08,US,paid_search
USR-05558,2023-08-05,France,affiliates
USR-05559,2024-06-15,Australia,email
USR-05560,2024-04-21,Italy,social
USR-05561,2024-04-29,US,organic
USR-05562,2023-10-06,Singapore,affiliates
USR-05563,2023-07-27,UK,paid_search
USR-05564,2024-02-19,UK,referral
USR-05565,2024-05-23,UK,organic
USR-05566,2025-01-24,US,paid_search
USR-05567,2024-05-17,Singapore,affiliates
USR-05568,2023-12-04,India,paid_search
USR-05569,2023-12-17,UK,organic
USR-05570,2024-09-08,Canada,referral
USR-05571,2024-04-27,Germany,organic
USR-05572,2025-04-15,India,affiliates
USR-05573,2024-04-30,France,affiliates
USR-05574,2024-08-04,France,organic
USR-05575,2023-07-19,France,social
USR-05576,2023-10-26,Germany,affiliates
USR-05577,2025-03-08,Japan,affiliates
USR-05578,2024-02-18,US,social
USR-05579,2024-04-15,France,email
USR-05580,2024-08-22,UK,social
USR-05581,2023-07-14,Italy,organic
USR-05582,2024-06-20,US,social
USR-05583,2024-02-19,US,paid_search
USR-05584,2023-09-21,Canada,paid_search
USR-05585,2024-04-13,Germany,paid_search
USR-05586,2024-05-05,UK,affiliates
USR-05587,2023-10-20,US,organic
USR-05588,2024-07-17,India,organic
USR-05589,2024-12-19,Canada,organic
USR-05590,2023-12-21,France,organic
USR-05591,2025-06-04,US,affiliates
USR-05592,2024-09-08,Germany,paid_search
USR-05593,2025-01-08,India,organic
USR-05594,2023-07-24,UK,affiliates
USR-05595,2025-01-04,Italy,organic
USR-05596,2024-02-11,UK,paid_search
USR-05597,2024-11-21,Japan,referral
USR-05598,2025-02-01,Spain,referral
USR-05599,2023-12-08,UK,organic
USR-05600,2023-12-15,Singapore,email
USR-05601,2023-07-16,Spain,social
USR-05602,2024-09-02,Germany,email
USR-05603,2025-01-09,Germany,organic
USR-05604,2024-04-07,UK,referral
USR-05605,2023-10-01,UK,social
USR-05606,2024-01-27,Singapore,email
USR-05607,2024-04-02,UK,affiliates
USR-05608,2025-04-27,US,affiliates
USR-05609,2023-09-03,France,referral
USR-05610,2024-02-16,US,organic
USR-05611,2024-09-27,Spain,organic
USR-05612,2023-11-27,Spain,social
USR-05613,2025-04-03,Italy,organic
USR-05614,2025-04-22,UK,email
USR-05615,2024-03-15,India,email
USR-05616,2024-12-18,Italy,social
USR-05617,2024-12-26,India,organic
USR-05618,2024-10-31,Singapore,affiliates
USR-05619,2023-10-20,Germany,social
USR-05620,2023-07-08,India,paid_search
USR-05621,2024-02-19,US,social
USR-05622,2023-09-08,UAE,organic
USR-05623,2024-01-09,UK,email
USR-05624,2024-09-28,Italy,organic
USR-05625,2024-08-21,Germany,social
USR-05626,2023-11-07,UK,organic
USR-05627,2023-06-14,Singapore,organic
USR-05628,2023-11-19,France,organic
USR-05629,2024-05-11,US,organic
USR-05630,2025-01-13,Australia,affiliates
USR-05631,2024-03-04,Singapore,referral
USR-05632,2024-01-04,Germany,organic
USR-05633,2024-07-24,Italy,organic
USR-05634,2023-07-25,Germany,referral
USR-05635,2023-11-19,France,organic
USR-05636,2023-06-28,US,paid_search
USR-05637,2024-07-04,UK,organic
USR-05638,2024-05-02,France,social
USR-05639,2024-08-16,France,affiliates
USR-05640,2024-09-12,Singapore,organic
USR-05641,2024-03-27,France,affiliates
USR-05642,2025-03-22,Germany,affiliates
USR-05643,2025-04-28,Italy,affiliates
USR-05644,2023-08-24,Canada,referral
USR-05645,2025-04-30,India,affiliates
USR-05646,2023-10-28,Japan,social
USR-05647,2023-12-06,Spain,affiliates
USR-05648,2024-07-07,UK,organic
USR-05649,2023-06-23,India,email
USR-05650,2024-03-03,US,social
USR-05651,2023-10-26,UAE,organic
USR-05652,2024-06-01,Germany,organic
USR-05653,2025-02-09,France,organic
USR-05654,2025-05-03,Spain,paid_search
USR-05655,2023-11-09,India,organic
USR-05656,2024-07-19,India,organic
USR-05657,2024-05-26,Italy,organic
USR-05658,2024-04-11,Canada,social
USR-05659,2024-09-23,Spain,organic
USR-05660,2025-06-21,US,organic
USR-05661,2024-04-03,UK,paid_search
USR-05662,2023-07-20,US,paid_search
USR-05663,2025-04-27,India,organic
USR-05664,2025-05-09,US,affiliates
USR-05665,2024-01-31,Japan,paid_search
USR-05666,2024-06-16,UAE,organic
USR-05667,2025-03-17,India,social
USR-05668,2024-06-17,US,affiliates
USR-05669,2024-05-31,India,paid_search
USR-05670,2025-05-01,France,organic
USR-05671,2025-02-19,Singapore,social
USR-05672,2024-06-20,UK,paid_search
USR-05673,2023-10-01,Italy,paid_search
USR-05674,2024-04-29,UK,affiliates
USR-05675,2024-10-27,US,affiliates
USR-05676,2023-12-25,Canada,social
USR-05677,2024-07-13,US,organic
USR-05678,2024-10-13,UK,social
USR-05679,2023-08-04,UAE,affiliates
USR-05680,2024-08-06,India,affiliates
USR-05681,2024-12-12,UK,organic
USR-05682,2023-11-10,UK,organic
USR-05683,2024-07-21,UK,organic
USR-05684,2024-11-21,France,referral
USR-05685,2023-07-04,US,paid_search
USR-05686,2024-10-02,Spain,paid_search
USR-05687,2023-12-15,Italy,paid_search
USR-05688,2024-03-28,UK,organic
USR-05689,2024-10-05,India,affiliates
USR-05690,2023-06-04,UK,paid_search
USR-05691,2023-06-13,US,organic
USR-05692,2024-05-05,US,email
USR-05693,2025-05-22,Spain,social
USR-05694,2023-06-05,India,email
USR-05695,2025-01-20,France,referral
USR-05696,2023-07-27,UAE,organic
USR-05697,2024-06-06,Italy,organic
USR-05698,2024-04-23,US,organic
USR-05699,2024-05-21,US,email
USR-05700,2023-08-02,Canada,affiliates
USR-05701,2024-12-24,India,paid_search
USR-05702,2023-12-27,UAE,referral
USR-05703,2025-01-06,UAE,email
USR-05704,2024-10-11,France,affiliates
USR-05705,2024-07-23,US,paid_search
USR-05706,2024-01-21,UK,organic
USR-05707,2024-10-08,France,referral
USR-05708,2025-06-28,France,referral
USR-05709,2025-05-02,Spain,email
USR-05710,2025-04-27,Singapore,affiliates
USR-05711,2023-11-14,Japan,paid_search
USR-05712,2024-08-18,Canada,email
USR-05713,2024-03-29,Singapore,organic
USR-05714,2025-06-04,UK,paid_search
USR-05715,2025-05-23,India,organic
USR-05716,2025-03-21,Germany,organic
USR-05717,2023-10-02,Germany,organic
USR-05718,2024-01-29,US,email
USR-05719,2024-11-22,Germany,affiliates
USR-05720,2024-12-21,India,paid_search
USR-05721,2024-02-22,India,paid_search
USR-05722,2023-09-12,Italy,organic
USR-05723,2023-09-13,India,paid_search
USR-05724,2024-11-02,France,organic
USR-05725,2024-05-11,Germany,social
USR-05726,2024-06-08,Germany,affiliates
USR-05727,2025-02-09,US,paid_search
USR-05728,2023-06-13,Germany,email
USR-05729,2024-12-25,India,email
USR-05730,2023-12-26,UAE,organic
USR-05731,2025-05-08,UK,paid_search
USR-05732,2025-05-27,Canada,organic
USR-05733,2024-06-16,Spain,paid_search
USR-05734,2024-01-27,India,affiliates
USR-05735,2023-11-25,US,paid_search
USR-05736,2023-10-16,India,paid_search
USR-05737,2025-06-29,Singapore,organic
USR-05738,2023-10-21,UAE,paid_search
USR-05739,2024-05-05,Singapore,affiliates
USR-05740,2024-05-30,Japan,paid_search
USR-05741,2024-10-29,France,email
USR-05742,2025-03-02,UAE,organic
USR-05743,2024-07-29,France,organic
USR-05744,2024-12-28,UAE,paid_search
USR-05745,2024-08-04,France,affiliates
USR-05746,2024-04-28,Spain,organic
USR-05747,2023-09-28,UK,email
USR-05748,2023-11-06,US,organic
USR-05749,2024-04-24,US,social
USR-05750,2023-07-06,Australia,social
USR-05751,2024-01-27,France,social
USR-05752,2024-05-17,India,organic
USR-05753,2024-05-25,India,organic
USR-05754,2025-02-09,France,affiliates
USR-05755,2025-06-05,Italy,social
USR-05756,2024-12-06,Australia,organic
USR-05757,2023-07-31,Italy,paid_search
USR-05758,2024-04-06,Italy,organic
USR-05759,2024-12-06,US,paid_search
USR-05760,2024-08-25,US,paid_search
USR-05761,2024-05-13,Germany,organic
USR-05762,2024-04-27,UAE,paid_search
USR-05763,2024-04-04,US,social
USR-05764,2024-08-14,Singapore,affiliates
USR-05765,2023-10-14,US,email
USR-05766,2024-06-28,US,paid_search
USR-05767,2023-11-04,US,referral
USR-05768,2024-10-30,Italy,organic
USR-05769,2025-03-19,Singapore,social
USR-05770,2024-06-20,Germany,organic
USR-05771,2024-03-21,Spain,organic
USR-05772,2025-05-15,Spain,social
USR-05773,2024-10-14,India,organic
USR-05774,2024-04-21,Spain,email
USR-05775,2023-06-22,US,social
USR-05776,2023-06-13,France,organic
USR-05777,2023-11-16,UK,paid_search
USR-05778,2023-11-27,India,social
USR-05779,2024-11-30,France,email
USR-05780,2024-06-15,UK,referral
USR-05781,2025-06-29,France,paid_search
USR-05782,2024-07-15,UAE,referral
USR-05783,2025-04-17,Germany,paid_search
USR-05784,2024-07-24,UK,organic
USR-05785,2024-02-28,UK,social
USR-05786,2024-11-25,India,organic
USR-05787,2024-05-07,Italy,organic
USR-05788,2023-12-26,Italy,organic
USR-05789,2024-05-25,US,referral
USR-05790,2024-10-18,Singapore,affiliates
USR-05791,2024-03-12,Germany,affiliates
USR-05792,2024-11-17,Canada,paid_search
USR-05793,2025-06-15,UK,paid_search
USR-05794,2024-04-08,Germany,referral
USR-05795,2024-01-11,Germany,paid_search
USR-05796,2024-04-01,US,paid_search
USR-05797,2025-02-27,UK,organic
USR-05798,2023-10-14,UK,social
USR-05799,2025-06-09,France,social
USR-05800,2024-04-10,Singapore,paid_search
USR-05801,2025-03-01,Singapore,organic
USR-05802,2025-01-18,US,email
USR-05803,2025-01-16,Italy,social
USR-05804,2025-04-21,India,organic
USR-05805,2023-10-19,Australia,paid_search
USR-05806,2024-08-25,UK,affiliates
USR-05807,2023-08-15,Italy,social
USR-05808,2024-01-14,Japan,social
USR-05809,2023-07-01,Italy,social
USR-05810,2024-10-31,Spain,affiliates
USR-05811,2024-09-04,India,paid_search
USR-05812,2024-12-14,Singapore,organic
USR-05813,2023-10-12,Germany,paid_search
USR-05814,2024-02-08,India,referral
USR-05815,2024-10-27,Canada,organic
USR-05816,2025-02-18,US,organic
USR-05817,2025-04-04,India,organic
USR-05818,2023-07-27,Japan,social
USR-05819,2024-04-01,US,social
USR-05820,2023-06-09,UK,paid_search
USR-05821,2025-02-12,US,organic
USR-05822,2023-09-02,Singapore,referral
USR-05823,2025-02-14,Italy,organic
USR-05824,2023-09-27,UK,email
USR-05825,2023-06-12,UAE,organic
USR-05826,2025-03-29,Germany,affiliates
USR-05827,2024-04-29,UAE,paid_search
USR-05828,2024-04-18,UAE,social
USR-05829,2024-10-04,Australia,organic
USR-05830,2023-12-26,India,organic
USR-05831,2024-11-07,US,email
USR-05832,2024-04-22,Germany,social
USR-05833,2023-12-25,India,referral
USR-05834,2024-03-27,France,social
USR-05835,2023-06-05,UK,social
USR-05836,2024-01-16,UK,affiliates
USR-05837,2024-08-23,Australia,paid_search
USR-05838,2023-09-13,UK,affiliates
USR-05839,2023-08-30,Germany,paid_search
USR-05840,2024-10-11,Singapore,paid_search
USR-05841,2024-04-21,UK,referral
USR-05842,2023-09-12,US,organic
USR-05843,2024-12-20,India,organic
USR-05844,2025-01-10,France,organic
USR-05845,2023-06-27,India,paid_search
USR-05846,2023-11-01,UAE,social
USR-05847,2024-03-08,US,organic
USR-05848,2024-12-07,UK,organic
USR-05849,2023-07-27,UK,paid_search
USR-05850,2025-02-02,India,organic
USR-05851,2024-01-29,India,organic
USR-05852,2023-09-04,Australia,organic
USR-05853,2025-03-18,UK,referral
USR-05854,2023-08-05,Germany,email
USR-05855,2023-09-07,Germany,organic
USR-05856,2025-05-22,Singapore,organic
USR-05857,2024-06-29,UAE,organic
USR-05858,2024-05-17,UK,paid_search
USR-05859,2024-11-04,UAE,paid_search
USR-05860,2024-09-21,India,affiliates
USR-05861,2024-09-09,Spain,email
USR-05862,2023-06-18,US,paid_search
USR-05863,2024-07-24,Singapore,organic
USR-05864,2023-12-29,UAE,social
USR-05865,2025-02-03,UAE,affiliates
USR-05866,2024-06-19,US,organic
USR-05867,2023-09-03,UAE,referral
USR-05868,2025-04-04,Singapore,organic
USR-05869,2024-01-03,France,email
USR-05870,2023-12-24,India,organic
USR-05871,2025-05-12,US,social
USR-05872,2025-01-10,US,organic
USR-05873,2025-03-15,Spain,social
USR-05874,2024-10-16,India,social
USR-05875,2025-04-22,Singapore,social
USR-05876,2023-08-27,Singapore,email
USR-05877,2024-08-29,UAE,organic
USR-05878,2024-01-09,UAE,email
USR-05879,2024-03-29,Germany,organic
USR-05880,2023-11-28,France,email
USR-05881,2023-11-03,US,organic
USR-05882,2024-05-02,Italy,paid_search
USR-05883,2025-04-28,Australia,paid_search
USR-05884,2024-09-25,France,affiliates
USR-05885,2024-02-21,Australia,social
USR-05886,2024-04-25,Canada,organic
USR-05887,2024-07-07,France,email
USR-05888,2023-12-03,Singapore,organic
USR-05889,2024-07-01,UAE,organic
USR-05890,2024-11-10,US,paid_search
USR-05891,2023-12-02,UK,referral
USR-05892,2024-08-18,France,affiliates
USR-05893,2024-11-20,Spain,affiliates
USR-05894,2024-06-29,India,organic
USR-05895,2024-01-08,Spain,organic
USR-05896,2024-07-26,UAE,referral
USR-05897,2025-01-23,Singapore,organic
USR-05898,2023-11-16,US,social
USR-05899,2024-08-10,France,affiliates
USR-05900,2024-10-30,US,organic
USR-05901,2024-01-31,US,paid_search
USR-05902,2024-03-21,UK,affiliates
USR-05903,2025-04-06,UK,social
USR-05904,2024-03-03,US,affiliates
USR-05905,2024-08-28,Germany,social
USR-05906,2023-09-22,France,paid_search
USR-05907,2025-05-04,US,referral
USR-05908,2024-08-27,Italy,referral
USR-05909,2024-12-29,France,affiliates
USR-05910,2024-09-01,Japan,paid_search
USR-05911,2024-02-26,UAE,paid_search
USR-05912,2024-02-14,UK,paid_search
USR-05913,2024-11-14,Japan,organic
USR-05914,2025-03-15,Italy,affiliates
USR-05915,2023-09-06,UAE,affiliates
USR-05916,2025-03-04,Germany,social
USR-05917,2025-02-20,France,affiliates
USR-05918,2023-08-22,France,paid_search
USR-05919,2023-08-22,Spain,referral
USR-05920,2024-11-10,France,social
USR-05921,2025-03-02,US,email
USR-05922,2024-03-26,UK,email
USR-05923,2024-09-29,UK,social
USR-05924,2025-06-29,US,affiliates
USR-05925,2024-02-01,India,paid_search
USR-05926,2023-11-19,Japan,referral
USR-05927,2025-06-23,US,organic
USR-05928,2023-12-31,India,organic
USR-05929,2024-05-25,US,email
USR-05930,2024-05-02,Germany,referral
USR-05931,2024-07-02,Germany,affiliates
USR-05932,2023-12-22,Germany,organic
USR-05933,2024-10-29,Australia,organic
USR-05934,2024-11-07,Canada,paid_search
USR-05935,2023-10-31,Italy,affiliates
USR-05936,2024-05-31,Spain,affiliates
USR-05937,2023-07-14,India,affiliates
USR-05938,2023-11-15,Germany,paid_search
USR-05939,2025-06-20,India,affiliates
USR-05940,2024-06-19,Spain,organic
USR-05941,2024-09-16,US,affiliates
USR-05942,2025-04-06,US,social
USR-05943,2024-11-24,UK,paid_search
USR-05944,2025-01-23,Germany,social
USR-05945,2024-11-23,UAE,referral
USR-05946,2024-06-14,UK,organic
USR-05947,2024-09-23,France,organic
USR-05948,2024-01-06,India,email
USR-05949,2025-04-07,Spain,affiliates
USR-05950,2023-10-15,UK,social
USR-05951,2025-04-02,UK,organic
USR-05952,2025-03-29,UAE,social
USR-05953,2023-09-17,Germany,organic
USR-05954,2024-11-21,Italy,paid_search
USR-05955,2025-06-22,Germany,organic
USR-05956,2024-08-08,Australia,paid_search
USR-05957,2024-02-14,India,paid_search
USR-05958,2025-03-30,India,organic
USR-05959,2024-06-24,Canada,paid_search
USR-05960,2023-09-01,UK,social
USR-05961,2023-12-07,Spain,organic
USR-05962,2024-10-31,UK,organic
USR-05963,2024-05-12,France,social
USR-05964,2023-11-12,UK,referral
USR-05965,2025-01-28,Germany,referral
USR-05966,2023-08-31,Spain,paid_search
USR-05967,2023-11-14,UK,email
USR-05968,2024-05-19,US,referral
USR-05969,2023-07-01,India,email
USR-05970,2024-03-21,US,social
USR-05971,2025-04-22,India,organic
USR-05972,2025-05-16,Australia,organic
USR-05973,2025-03-24,UK,paid_search
USR-05974,2024-02-02,India,paid_search
USR-05975,2023-07-20,France,affiliates
USR-05976,2025-02-09,US,organic
USR-05977,2024-03-10,US,social
USR-05978,2024-12-21,Singapore,affiliates
USR-05979,2023-08-30,Germany,social
USR-05980,2024-10-20,Spain,organic
USR-05981,2024-08-19,India,affiliates
USR-05982,2025-04-30,Germany,paid_search
USR-05983,2023-08-17,Japan,organic
USR-05984,2024-04-06,Italy,paid_search
USR-05985,2025-06-22,Japan,organic
USR-05986,2024-03-23,US,referral
USR-05987,2024-10-13,Canada,organic
USR-05988,2023-10-01,Spain,referral
USR-05989,2024-12-05,Spain,organic
USR-05990,2023-12-27,UAE,affiliates
USR-05991,2024-08-08,Canada,organic
USR-05992,2025-03-30,France,affiliates
USR-05993,2024-10-15,Singapore,organic
USR-05994,2024-05-26,Singapore,affiliates
USR-05995,2023-10-23,Singapore,referral
USR-05996,2024-02-15,Singapore,social
USR-05997,2025-03-07,US,organic
USR-05998,2023-11-12,India,social
USR-05999,2024-10-11,India,social
USR-06000,2024-06-03,Singapore,social
USR-06001,2024-01-30,Singapore,social
USR-06002,2024-11-26,Italy,affiliates
USR-06003,2024-03-02,Spain,affiliates
USR-06004,2024-01-04,Germany,social
USR-06005,2024-07-07,UK,organic
USR-06006,2024-12-27,UAE,organic
USR-06007,2025-03-18,Japan,email
USR-06008,2024-09-21,UAE,affiliates
USR-06009,2024-10-16,Japan,paid_search
USR-06010,2025-01-19,Canada,organic
USR-06011,2023-12-22,India,paid_search
USR-06012,2023-12-08,Singapore,paid_search
USR-06013,2024-06-02,Germany,affiliates
USR-06014,2024-09-22,France,email
USR-06015,2024-10-03,US,organic
USR-06016,2023-09-25,US,paid_search
USR-06017,2025-01-14,US,organic
USR-06018,2024-03-03,UAE,social
USR-06019,2025-03-28,UK,email
USR-06020,2024-12-02,France,organic
USR-06021,2025-06-17,France,paid_search
USR-06022,2024-09-23,France,affiliates
USR-06023,2024-07-05,Italy,referral
USR-06024,2023-10-21,France,social
USR-06025,2024-03-29,UK,paid_search
USR-06026,2025-03-14,Canada,affiliates
USR-06027,2024-03-17,Italy,email
USR-06028,2023-07-11,UAE,affiliates
USR-06029,2023-12-04,Singapore,organic
USR-06030,2024-08-26,UK,organic
USR-06031,2024-09-21,Spain,organic
USR-06032,2025-06-17,US,affiliates
USR-06033,2025-05-10,France,email
USR-06034,2024-07-08,US,organic
USR-06035,2024-07-26,Singapore,affiliates
USR-06036,2025-01-29,US,affiliates
USR-06037,2023-07-07,US,organic
USR-06038,2024-08-26,UK,social
USR-06039,2024-05-26,Singapore,social
USR-06040,2025-01-16,US,organic
USR-06041,2025-01-29,France,email
USR-06042,2024-10-11,India,organic
USR-06043,2024-10-12,Spain,affiliates
USR-06044,2024-11-07,US,referral
USR-06045,2024-08-14,Australia,affiliates
USR-06046,2023-11-21,India,referral
USR-06047,2024-01-03,UK,organic
USR-06048,2024-12-15,US,paid_search
USR-06049,2024-09-12,UK,email
USR-06050,2023-11-28,France,paid_search
USR-06051,2025-03-29,US,email
USR-06052,2025-06-15,Japan,paid_search
USR-06053,2024-09-18,France,organic
USR-06054,2023-11-21,US,paid_search
USR-06055,2025-05-14,France,email
USR-06056,2023-11-27,US,paid_search
USR-06057,2024-04-24,US,social
USR-06058,2025-03-14,US,paid_search
USR-06059,2024-06-30,UK,referral
USR-06060,2023-12-02,US,social
USR-06061,2023-07-31,Australia,social
USR-06062,2024-03-01,UAE,paid_search
USR-06063,2024-10-23,Japan,social
USR-06064,2024-11-25,US,organic
USR-06065,2023-11-17,Italy,social
USR-06066,2023-09-29,India,organic
USR-06067,2024-11-15,UK,affiliates
USR-06068,2023-09-29,Spain,referral
USR-06069,2023-07-19,UK,social
USR-06070,2024-06-04,India,referral
USR-06071,2024-08-07,Spain,email
USR-06072,2023-12-03,Germany,organic
USR-06073,2023-11-08,France,email
USR-06074,2023-11-27,India,affiliates
USR-06075,2024-02-16,UK,organic
USR-06076,2023-06-08,Canada,organic
USR-06077,2023-06-09,US,social
USR-06078,2024-03-08,US,paid_search
USR-06079,2023-06-16,US,social
USR-06080,2024-01-28,Japan,social
USR-06081,2024-08-15,Spain,referral
USR-06082,2023-06-24,France,organic
USR-06083,2024-09-12,Australia,paid_search
USR-06084,2024-09-15,UK,affiliates
USR-06085,2024-08-09,Japan,paid_search
USR-06086,2024-09-19,UK,paid_search
USR-06087,2025-02-05,India,organic
USR-06088,2023-07-24,UK,organic
USR-06089,2023-10-07,Canada,paid_search
USR-06090,2024-01-27,Japan,paid_search
USR-06091,2024-11-04,Germany,email
USR-06092,2025-03-25,US,social
USR-06093,2025-04-29,US,affiliates
USR-06094,2024-08-16,France,affiliates
USR-06095,2024-04-07,India,organic
USR-06096,2024-04-09,UK,organic
USR-06097,2023-07-16,UAE,affiliates
USR-06098,2024-05-19,Germany,paid_search
USR-06099,2024-06-24,Japan,paid_search
USR-06100,2023-11-06,France,organic
USR-06101,2025-01-04,India,email
USR-06102,2025-02-07,France,organic
USR-06103,2024-01-16,US,organic
USR-06104,2025-04-25,UAE,paid_search
USR-06105,2023-08-21,Spain,referral
USR-06106,2025-04-23,UK,organic
USR-06107,2025-01-04,India,email
USR-06108,2023-11-18,Italy,paid_search
USR-06109,2024-10-07,France,paid_search
USR-06110,2024-01-23,Germany,paid_search
USR-06111,2025-01-28,Singapore,organic
USR-06112,2023-10-01,Germany,paid_search
USR-06113,2023-12-04,UK,affiliates
USR-06114,2024-01-20,Spain,organic
USR-06115,2023-10-30,Japan,affiliates
USR-06116,2024-02-08,UK,organic
USR-06117,2024-08-31,UK,paid_search
USR-06118,2024-09-24,Singapore,social
USR-06119,2024-07-25,Germany,referral
USR-06120,2023-10-23,India,organic
USR-06121,2023-11-01,Germany,organic
USR-06122,2025-04-29,Singapore,social
USR-06123,2023-12-09,France,organic
USR-06124,2023-08-18,UK,social
USR-06125,2024-05-11,UK,referral
USR-06126,2023-06-06,France,organic
USR-06127,2024-02-16,Japan,referral
USR-06128,2025-03-11,Germany,organic
USR-06129,2023-12-21,India,affiliates
USR-06130,2024-11-16,Japan,affiliates
USR-06131,2024-06-07,India,social
USR-06132,2024-02-26,France,affiliates
USR-06133,2024-10-15,UK,referral
USR-06134,2024-08-26,Singapore,organic
USR-06135,2024-01-28,Singapore,organic
USR-06136,2023-11-17,Spain,organic
USR-06137,2025-04-27,India,paid_search
USR-06138,2023-10-06,France,social
USR-06139,2025-05-30,US,paid_search
USR-06140,2024-05-24,Australia,email
USR-06141,2025-06-27,UK,paid_search
USR-06142,2024-02-24,UAE,organic
USR-06143,2024-08-03,Singapore,organic
USR-06144,2024-09-10,UK,affiliates
USR-06145,2024-02-13,India,paid_search
USR-06146,2023-11-13,UK,paid_search
USR-06147,2024-06-30,Germany,organic
USR-06148,2024-10-16,Canada,affiliates
USR-06149,2023-12-16,India,organic
USR-06150,2025-01-03,Canada,social
USR-06151,2024-09-28,UK,organic
USR-06152,2023-10-05,India,organic
USR-06153,2025-05-14,Japan,email
USR-06154,2023-07-04,Italy,social
USR-06155,2024-10-09,India,email
USR-06156,2024-04-30,UAE,organic
USR-06157,2024-10-09,Japan,affiliates
USR-06158,2025-01-09,Spain,social
USR-06159,2024-11-04,UAE,affiliates
USR-06160,2024-10-07,UK,organic
USR-06161,2025-03-01,UK,paid_search
USR-06162,2024-11-15,Germany,paid_search
USR-06163,2025-02-08,France,referral
USR-06164,2024-04-02,US,email
USR-06165,2023-11-02,US,paid_search
USR-06166,2023-11-26,India,organic
USR-06167,2024-09-08,France,organic
USR-06168,2024-07-09,India,organic
USR-06169,2023-07-29,India,referral
USR-06170,2023-11-03,UK,organic
USR-06171,2025-06-05,Italy,organic
USR-06172,2024-12-03,Germany,paid_search
USR-06173,2024-12-25,UK,organic
USR-06174,2023-10-28,India,affiliates
USR-06175,2023-07-19,India,paid_search
USR-06176,2024-01-08,Germany,affiliates
USR-06177,2025-03-13,Germany,email
USR-06178,2024-06-19,UAE,social
USR-06179,2025-01-17,Singapore,paid_search
USR-06180,2024-06-04,UK,email
USR-06181,2024-06-07,US,email
USR-06182,2024-08-30,UK,organic
USR-06183,2025-05-29,France,affiliates
USR-06184,2024-04-28,India,paid_search
USR-06185,2024-08-26,Singapore,paid_search
USR-06186,2025-04-29,US,paid_search
USR-06187,2024-03-09,UAE,email
USR-06188,2025-02-28,US,paid_search
USR-06189,2024-07-11,India,paid_search
USR-06190,2025-03-30,Singapore,organic
USR-06191,2024-05-21,UK,paid_search
USR-06192,2024-09-21,India,organic
USR-06193,2024-02-01,India,affiliates
USR-06194,2024-09-25,Singapore,paid_search
USR-06195,2024-02-03,US,affiliates
USR-06196,2024-09-05,Australia,email
USR-06197,2025-01-20,Canada,referral
USR-06198,2024-04-26,Spain,affiliates
USR-06199,2024-04-22,US,organic
USR-06200,2024-01-31,UAE,social
USR-06201,2024-12-07,UK,organic
USR-06202,2024-08-23,Italy,organic
USR-06203,2024-06-27,France,paid_search
USR-06204,2023-06-20,US,email
USR-06205,2023-08-23,India,referral
USR-06206,2023-06-06,Spain,organic
USR-06207,2025-03-08,Italy,email
USR-06208,2025-03-09,France,organic
USR-06209,2023-07-22,France,organic
USR-06210,2023-07-06,Singapore,organic
USR-06211,2025-01-14,Italy,social
USR-06212,2024-07-03,Spain,paid_search
USR-06213,2024-01-21,India,organic
USR-06214,2024-09-10,UAE,organic
USR-06215,2023-11-27,Italy,social
USR-06216,2023-10-29,UK,referral
USR-06217,2024-03-06,India,organic
USR-06218,2025-04-11,UK,email
USR-06219,2025-01-04,India,social
USR-06220,2023-10-23,Spain,paid_search
USR-06221,2024-07-31,US,organic
USR-06222,2025-04-03,Germany,affiliates
USR-06223,2025-05-24,UK,paid_search
USR-06224,2024-12-31,Japan,paid_search
USR-06225,2023-09-06,Italy,affiliates
USR-06226,2023-11-30,France,referral
USR-06227,2023-11-14,Singapore,email
USR-06228,2023-09-23,UK,referral
USR-06229,2023-10-12,Italy,organic
USR-06230,2024-01-27,Singapore,referral
USR-06231,2024-07-27,UK,paid_search
USR-06232,2024-03-29,Canada,affiliates
USR-06233,2024-04-15,UK,paid_search
USR-06234,2023-12-04,UAE,organic
USR-06235,2023-09-23,US,paid_search
USR-06236,2025-06-29,Singapore,referral
USR-06237,2024-08-29,UK,paid_search
USR-06238,2023-11-22,UK,referral
USR-06239,2025-02-05,France,organic
USR-06240,2025-02-21,Canada,organic
USR-06241,2025-06-04,US,social
USR-06242,2023-09-29,Germany,paid_search
USR-06243,2024-09-29,France,email
USR-06244,2025-06-14,Italy,affiliates
USR-06245,2025-02-03,US,social
USR-06246,2023-11-19,Germany,paid_search
USR-06247,2025-04-09,Australia,social
USR-06248,2024-04-16,India,affiliates
USR-06249,2024-06-06,France,email
USR-06250,2024-07-29,Japan,referral
USR-06251,2025-01-07,India,paid_search
USR-06252,2023-08-31,India,email
USR-06253,2024-07-14,US,organic
USR-06254,2025-02-10,Spain,email
USR-06255,2024-07-21,Australia,affiliates
USR-06256,2023-12-26,UAE,affiliates
USR-06257,2023-07-13,UAE,organic
USR-06258,2024-07-22,India,referral
USR-06259,2024-11-16,UK,organic
USR-06260,2024-07-22,US,paid_search
USR-06261,2025-06-14,UK,email
USR-06262,2024-09-01,UK,paid_search
USR-06263,2024-06-21,UAE,paid_search
USR-06264,2023-07-13,UK,email
USR-06265,2024-07-29,UK,social
USR-06266,2023-10-07,India,social
USR-06267,2024-12-02,US,social
USR-06268,2023-10-01,UK,email
USR-06269,2025-04-20,UK,paid_search
USR-06270,2024-01-16,US,organic
USR-06271,2024-04-25,Germany,social
USR-06272,2023-09-19,Singapore,email
USR-06273,2023-11-08,Italy,organic
USR-06274,2025-05-01,Singapore,organic
USR-06275,2024-01-02,UAE,affiliates
USR-06276,2024-06-24,Japan,affiliates
USR-06277,2025-06-15,France,social
USR-06278,2024-09-16,UAE,referral
USR-06279,2023-07-02,India,affiliates
USR-06280,2024-02-27,India,social
USR-06281,2024-03-21,India,organic
USR-06282,2023-12-27,UK,social
USR-06283,2023-12-01,Spain,affiliates
USR-06284,2024-06-17,UK,email
USR-06285,2024-03-13,UAE,organic
USR-06286,2024-01-10,Italy,affiliates
USR-06287,2024-04-09,France,referral
USR-06288,2024-02-17,UK,paid_search
USR-06289,2023-11-21,India,affiliates
USR-06290,2024-05-10,India,email
USR-06291,2025-05-17,Canada,referral
USR-06292,2024-06-19,Singapore,affiliates
USR-06293,2024-08-28,Singapore,organic
USR-06294,2025-06-18,France,referral
USR-06295,2024-09-09,Singapore,paid_search
USR-06296,2023-11-17,Singapore,affiliates
USR-06297,2024-03-29,UK,affiliates
USR-06298,2024-06-05,US,referral
USR-06299,2024-05-26,UK,referral
USR-06300,2023-09-22,France,referral
USR-06301,2023-08-20,Italy,organic
USR-06302,2024-02-21,Germany,paid_search
USR-06303,2025-04-25,France,organic
USR-06304,2024-11-27,Japan,referral
USR-06305,2025-03-01,US,social
USR-06306,2023-10-11,UK,social
USR-06307,2024-04-10,Japan,organic
USR-06308,2024-08-15,Japan,social
USR-06309,2024-04-26,UAE,paid_search
USR-06310,2024-04-12,US,affiliates
USR-06311,2024-02-29,Australia,affiliates
USR-06312,2023-07-10,Spain,social
USR-06313,2025-03-13,UAE,referral
USR-06314,2025-05-10,US,organic
USR-06315,2023-08-01,France,organic
USR-06316,2024-04-10,Italy,social
USR-06317,2024-06-28,Italy,email
USR-06318,2025-01-16,Germany,organic
USR-06319,2025-06-19,France,organic
USR-06320,2024-04-12,Singapore,social
USR-06321,2024-12-21,France,organic
USR-06322,2025-05-13,India,paid_search
USR-06323,2025-02-21,UK,paid_search
USR-06324,2024-01-07,UK,affiliates
USR-06325,2025-02-11,Spain,paid_search
USR-06326,2024-04-09,UK,organic
USR-06327,2023-06-14,UK,organic
USR-06328,2024-12-28,Japan,organic
USR-06329,2025-02-24,Singapore,referral
USR-06330,2024-02-17,UK,paid_search
USR-06331,2024-05-08,India,organic
USR-06332,2024-03-03,Spain,affiliates
USR-06333,2023-08-28,India,referral
USR-06334,2025-06-26,France,organic
USR-06335,2023-06-18,France,organic
USR-06336,2024-07-27,US,referral
USR-06337,2023-06-12,Singapore,email
USR-06338,2024-11-05,UK,affiliates
USR-06339,2025-04-15,France,organic
USR-06340,2024-10-02,US,referral
USR-06341,2024-09-03,UK,organic
USR-06342,2025-02-19,UK,paid_search
USR-06343,2025-06-10,Italy,referral
USR-06344,2025-03-16,US,email
USR-06345,2023-11-23,US,organic
USR-06346,2024-08-02,UK,organic
USR-06347,2025-02-12,Singapore,referral
USR-06348,2024-01-10,France,organic
USR-06349,2024-10-26,Australia,paid_search
USR-06350,2023-06-18,UAE,organic
USR-06351,2025-03-28,Germany,organic
USR-06352,2024-09-09,UAE,referral
USR-06353,2024-12-16,UK,organic
USR-06354,2025-02-17,Australia,social
USR-06355,2023-11-14,Australia,email
USR-06356,2024-05-08,US,organic
USR-06357,2025-03-14,UAE,social
USR-06358,2023-10-04,US,paid_search
USR-06359,2025-02-15,Germany,referral
USR-06360,2024-01-05,Spain,referral
USR-06361,2024-08-11,Australia,referral
USR-06362,2024-06-22,India,paid_search
USR-06363,2024-11-03,Singapore,referral
USR-06364,2025-02-25,Singapore,social
USR-06365,2024-02-21,US,paid_search
USR-06366,2023-10-09,UAE,organic
USR-06367,2024-04-17,UAE,organic
USR-06368,2024-09-08,Spain,organic
USR-06369,2024-12-22,Canada,organic
USR-06370,2024-12-24,UK,affiliates
USR-06371,2024-02-14,US,affiliates
USR-06372,2025-05-12,UK,organic
USR-06373,2023-08-03,UK,affiliates
USR-06374,2023-08-28,France,email
USR-06375,2023-06-19,Italy,paid_search
USR-06376,2025-05-05,France,affiliates
USR-06377,2023-10-15,UAE,email
USR-06378,2024-08-31,India,social
USR-06379,2025-02-07,India,organic
USR-06380,2025-01-03,Italy,organic
USR-06381,2025-05-22,UAE,affiliates
USR-06382,2023-07-11,India,organic
USR-06383,2024-04-05,Japan,organic
USR-06384,2024-06-19,France,organic
USR-06385,2024-11-11,US,paid_search
USR-06386,2024-09-16,France,paid_search
USR-06387,2024-07-30,UAE,affiliates
USR-06388,2024-01-20,India,paid_search
USR-06389,2023-08-20,Italy,affiliates
USR-06390,2024-04-24,Germany,social
USR-06391,2023-12-15,France,social
USR-06392,2024-07-26,Italy,organic
USR-06393,2025-01-26,France,organic
USR-06394,2024-07-24,India,affiliates
USR-06395,2024-08-17,UK,referral
USR-06396,2023-07-02,India,paid_search
USR-06397,2024-10-02,India,affiliates
USR-06398,2024-04-30,US,referral
USR-06399,2023-09-03,Germany,organic
USR-06400,2023-11-10,UK,social
USR-06401,2025-01-14,US,referral
USR-06402,2025-04-27,Germany,referral
USR-06403,2024-06-20,US,organic
USR-06404,2025-06-12,UAE,organic
USR-06405,2023-10-15,Singapore,paid_search
USR-06406,2024-01-14,US,organic
USR-06407,2025-05-07,UK,organic
USR-06408,2023-10-12,France,social
USR-06409,2024-10-14,UK,paid_search
USR-06410,2023-11-14,France,organic
USR-06411,2024-02-07,Singapore,social
USR-06412,2024-05-29,UAE,organic
USR-06413,2024-02-29,France,paid_search
USR-06414,2025-03-26,Australia,referral
USR-06415,2025-06-09,UK,affiliates
USR-06416,2024-06-15,Japan,organic
USR-06417,2024-07-04,Spain,affiliates
USR-06418,2023-07-13,India,affiliates
USR-06419,2023-11-25,UK,social
USR-06420,2023-07-01,UK,affiliates
USR-06421,2025-03-13,Japan,organic
USR-06422,2023-11-20,US,organic
USR-06423,2024-02-14,Italy,referral
USR-06424,2025-03-02,France,paid_search
USR-06425,2024-11-24,France,paid_search
USR-06426,2024-09-15,Germany,organic
USR-06427,2023-06-30,US,organic
USR-06428,2024-08-01,India,organic
USR-06429,2024-07-31,Australia,organic
USR-06430,2024-01-29,US,affiliates
USR-06431,2024-12-18,Japan,organic
USR-06432,2025-05-07,Canada,referral
USR-06433,2023-12-14,UK,organic
USR-06434,2024-02-07,Germany,paid_search
USR-06435,2024-01-31,US,affiliates
USR-06436,2025-02-24,UAE,organic
USR-06437,2023-07-30,Canada,organic
USR-06438,2025-04-11,Japan,referral
USR-06439,2025-01-10,Japan,organic
USR-06440,2024-06-02,US,organic
USR-06441,2024-08-17,Germany,affiliates
USR-06442,2025-04-10,US,paid_search
USR-06443,2025-01-06,Japan,social
USR-06444,2023-12-28,US,organic
USR-06445,2023-07-09,UK,organic
USR-06446,2024-10-13,UK,paid_search
USR-06447,2023-09-19,US,email
USR-06448,2023-08-06,US,organic
USR-06449,2025-06-16,UK,affiliates
USR-06450,2024-05-26,Italy,referral
USR-06451,2024-10-07,Spain,social
USR-06452,2023-11-13,US,paid_search
USR-06453,2023-08-17,Spain,social
USR-06454,2023-07-18,India,email
USR-06455,2024-02-25,Spain,organic
USR-06456,2023-06-03,India,affiliates
USR-06457,2024-04-15,Germany,paid_search
USR-06458,2024-02-02,India,affiliates
USR-06459,2024-07-05,US,affiliates
USR-06460,2024-08-22,Germany,organic
USR-06461,2024-01-21,Singapore,paid_search
USR-06462,2024-05-11,Singapore,social
USR-06463,2023-07-30,India,social
USR-06464,2024-01-16,France,referral
USR-06465,2025-06-13,Spain,organic
USR-06466,2025-06-23,UK,social
USR-06467,2024-06-04,UK,affiliates
USR-06468,2025-05-15,India,affiliates
USR-06469,2024-06-15,US,organic
USR-06470,2023-09-04,India,affiliates
USR-06471,2025-03-21,UK,organic
USR-06472,2024-04-11,Germany,social
USR-06473,2024-09-08,UAE,organic
USR-06474,2024-10-06,Spain,social
USR-06475,2024-01-21,UAE,organic
USR-06476,2024-12-09,India,organic
USR-06477,2024-06-15,Australia,paid_search
USR-06478,2024-03-05,Singapore,affiliates
USR-06479,2024-01-13,France,social
USR-06480,2024-12-19,US,email
USR-06481,2023-12-07,UAE,email
USR-06482,2023-09-03,Germany,paid_search
USR-06483,2025-04-01,UAE,organic
USR-06484,2024-02-08,Spain,organic
USR-06485,2024-09-30,Japan,paid_search
USR-06486,2024-11-26,Australia,affiliates
USR-06487,2025-02-27,UAE,organic
USR-06488,2024-09-18,Australia,email
USR-06489,2024-11-20,Japan,referral
USR-06490,2025-02-26,UK,affiliates
USR-06491,2025-05-17,UAE,organic
USR-06492,2023-07-06,US,affiliates
USR-06493,2024-12-16,US,social
USR-06494,2023-10-11,US,paid_search
USR-06495,2025-04-08,France,referral
USR-06496,2023-07-07,UK,organic
USR-06497,2023-12-05,US,referral
USR-06498,2023-10-25,UK,social
USR-06499,2024-09-01,UAE,referral
USR-06500,2023-06-04,Japan,affiliates
USR-06501,2023-06-13,Canada,social
USR-06502,2024-06-18,France,organic
USR-06503,2025-06-08,US,organic
USR-06504,2024-07-06,Italy,affiliates
USR-06505,2024-05-04,UK,social
USR-06506,2024-10-12,Canada,affiliates
USR-06507,2024-07-24,Singapore,paid_search
USR-06508,2024-03-19,France,paid_search
USR-06509,2024-08-21,UK,affiliates
USR-06510,2023-06-03,UK,referral
USR-06511,2023-12-03,Germany,paid_search
USR-06512,2024-10-25,India,organic
USR-06513,2024-02-15,Italy,affiliates
USR-06514,2023-07-12,UAE,referral
USR-06515,2023-09-03,France,paid_search
USR-06516,2025-03-20,US,social
USR-06517,2024-02-06,France,organic
USR-06518,2023-06-18,US,paid_search
USR-06519,2024-12-05,UAE,organic
USR-06520,2024-07-08,Germany,organic
USR-06521,2024-05-09,Spain,referral
USR-06522,2025-04-11,France,paid_search
USR-06523,2024-01-25,US,referral
USR-06524,2024-08-09,Italy,paid_search
USR-06525,2024-12-18,Singapore,organic
USR-06526,2024-09-05,Singapore,paid_search
USR-06527,2023-11-06,France,organic
USR-06528,2024-10-31,Italy,email
USR-06529,2024-12-16,US,affiliates
USR-06530,2023-09-02,India,referral
USR-06531,2023-10-04,Spain,referral
USR-06532,2024-10-25,UK,affiliates
USR-06533,2023-08-30,Spain,referral
USR-06534,2025-03-31,India,social
USR-06535,2023-08-23,UK,email
USR-06536,2025-06-10,UK,paid_search
USR-06537,2024-10-23,Italy,organic
USR-06538,2024-05-02,Spain,email
USR-06539,2023-12-21,US,email
USR-06540,2024-02-17,UK,organic
USR-06541,2024-12-20,US,affiliates
USR-06542,2024-12-24,US,organic
USR-06543,2023-11-06,Singapore,email
USR-06544,2024-07-17,US,affiliates
USR-06545,2025-06-24,US,paid_search
USR-06546,2023-12-13,UK,affiliates
USR-06547,2024-11-08,Germany,referral
USR-06548,2023-10-09,UAE,email
USR-06549,2025-02-23,UAE,affiliates
USR-06550,2023-10-08,Germany,social
USR-06551,2024-01-13,Australia,paid_search
USR-06552,2024-05-14,France,email
USR-06553,2024-03-08,Italy,paid_search
USR-06554,2023-10-08,UAE,paid_search
USR-06555,2024-09-30,UK,organic
USR-06556,2023-06-15,Spain,paid_search
USR-06557,2025-06-17,Germany,referral
USR-06558,2023-07-10,UAE,affiliates
USR-06559,2024-02-09,US,affiliates
USR-06560,2025-05-07,France,organic
USR-06561,2023-09-26,Japan,social
USR-06562,2023-07-26,US,social
USR-06563,2024-12-17,UK,organic
USR-06564,2023-07-26,US,social
USR-06565,2025-04-14,France,paid_search
USR-06566,2024-05-08,Italy,affiliates
USR-06567,2025-03-22,UAE,organic
USR-06568,2023-12-04,Japan,referral
USR-06569,2023-09-16,France,affiliates
USR-06570,2025-06-01,India,email
USR-06571,2024-12-31,US,organic
USR-06572,2025-04-23,US,organic
USR-06573,2024-01-30,Singapore,affiliates
USR-06574,2024-04-03,UK,organic
USR-06575,2024-08-12,US,organic
USR-06576,2024-05-07,Japan,affiliates
USR-06577,2023-12-02,Germany,referral
USR-06578,2024-03-12,UK,email
USR-06579,2024-09-05,Singapore,organic
USR-06580,2023-06-29,France,paid_search
USR-06581,2024-02-11,Italy,referral
USR-06582,2024-01-09,UAE,paid_search
USR-06583,2023-07-24,UK,organic
USR-06584,2023-09-02,US,organic
USR-06585,2024-06-11,US,social
USR-06586,2023-08-17,Singapore,organic
USR-06587,2024-02-18,France,affiliates
USR-06588,2024-07-31,Singapore,organic
USR-06589,2025-03-26,France,organic
USR-06590,2023-08-15,India,affiliates
USR-06591,2024-04-26,UK,affiliates
USR-06592,2023-08-18,US,email
USR-06593,2024-04-21,India,affiliates
USR-06594,2024-05-31,Germany,organic
USR-06595,2025-01-28,Australia,paid_search
USR-06596,2024-05-02,US,organic
USR-06597,2025-05-11,UAE,paid_search
USR-06598,2023-09-13,UK,referral
USR-06599,2023-07-11,Singapore,referral
USR-06600,2023-06-04,UK,organic
USR-06601,2024-02-27,UAE,paid_search
USR-06602,2023-10-25,US,affiliates
USR-06603,2023-08-09,US,social
USR-06604,2023-11-27,Germany,organic
USR-06605,2025-06-10,India,paid_search
USR-06606,2025-01-29,France,paid_search
USR-06607,2023-06-15,US,paid_search
USR-06608,2025-04-26,Australia,paid_search
USR-06609,2023-11-03,US,paid_search
USR-06610,2024-04-04,Germany,paid_search
USR-06611,2024-02-05,Italy,paid_search
USR-06612,2024-04-03,UAE,organic
USR-06613,2024-12-30,India,organic
USR-06614,2024-11-23,Germany,paid_search
USR-06615,2024-08-25,UK,affiliates
USR-06616,2024-09-19,Germany,referral
USR-06617,2024-12-04,France,organic
USR-06618,2023-10-18,Singapore,paid_search
USR-06619,2024-03-27,Italy,social
USR-06620,2023-08-21,US,paid_search
USR-06621,2024-11-17,UK,email
USR-06622,2024-04-28,India,affiliates
USR-06623,2024-09-27,Germany,organic
USR-06624,2024-08-03,India,paid_search
USR-06625,2023-12-25,UAE,paid_search
USR-06626,2023-09-14,France,social
USR-06627,2025-06-09,Australia,organic
USR-06628,2024-01-09,India,social
USR-06629,2023-08-23,UK,organic
USR-06630,2024-01-19,US,email
USR-06631,2025-04-16,Germany,social
USR-06632,2023-12-16,US,paid_search
USR-06633,2025-06-19,US,affiliates
USR-06634,2024-05-16,India,referral
USR-06635,2025-03-16,Singapore,social
USR-06636,2024-10-09,Australia,affiliates
USR-06637,2023-07-04,India,referral
USR-06638,2024-06-22,US,organic
USR-06639,2024-04-12,India,social
USR-06640,2023-11-01,India,social
USR-06641,2024-07-22,Canada,social
USR-06642,2023-08-18,France,affiliates
USR-06643,2024-11-12,UAE,paid_search
USR-06644,2025-02-14,Japan,organic
USR-06645,2023-08-10,UAE,paid_search
USR-06646,2024-05-30,US,referral
USR-06647,2024-10-10,Germany,paid_search
USR-06648,2023-07-18,India,organic
USR-06649,2024-03-22,India,paid_search
USR-06650,2023-12-14,Canada,email
USR-06651,2023-06-30,US,organic
USR-06652,2025-02-01,France,paid_search
USR-06653,2024-05-03,UK,organic
USR-06654,2024-12-23,US,paid_search
USR-06655,2024-08-20,Germany,organic
USR-06656,2025-03-27,Singapore,organic
USR-06657,2025-06-27,UAE,email
USR-06658,2024-08-31,India,organic
USR-06659,2024-02-23,UK,organic
USR-06660,2024-04-17,France,social
USR-06661,2025-02-17,France,organic
USR-06662,2024-04-20,Spain,organic
USR-06663,2024-06-30,UAE,paid_search
USR-06664,2023-10-26,Italy,paid_search
USR-06665,2025-06-22,Spain,social
USR-06666,2024-10-07,India,affiliates
USR-06667,2024-02-06,UAE,paid_search
USR-06668,2024-08-18,Singapore,social
USR-06669,2024-03-31,Australia,affiliates
USR-06670,2023-09-26,India,paid_search
USR-06671,2025-03-26,UAE,referral
USR-06672,2025-04-04,India,social
USR-06673,2025-02-24,Singapore,social
USR-06674,2024-03-07,Japan,affiliates
USR-06675,2023-12-12,Japan,organic
USR-06676,2023-07-08,UK,affiliates
USR-06677,2024-12-07,US,paid_search
USR-06678,2024-02-05,Singapore,social
USR-06679,2025-04-09,UAE,paid_search
USR-06680,2025-03-23,Japan,organic
USR-06681,2023-09-06,India,organic
USR-06682,2025-04-27,Italy,affiliates
USR-06683,2023-09-15,UAE,social
USR-06684,2024-06-07,US,affiliates
USR-06685,2024-05-26,UK,organic
USR-06686,2025-05-27,Singapore,organic
USR-06687,2024-10-12,UK,paid_search
USR-06688,2025-03-27,Spain,organic
USR-06689,2024-08-26,Germany,paid_search
USR-06690,2025-02-17,France,affiliates
USR-06691,2025-03-09,US,affiliates
USR-06692,2025-03-15,Canada,paid_search
USR-06693,2024-04-08,Singapore,paid_search
USR-06694,2024-03-17,Spain,social
USR-06695,2025-06-18,Spain,social
USR-06696,2024-12-26,Germany,email
USR-06697,2025-04-28,Australia,social
USR-06698,2024-08-12,Germany,organic
USR-06699,2025-05-07,France,organic
USR-06700,2024-11-28,US,affiliates
USR-06701,2024-12-16,US,email
USR-06702,2023-10-14,Singapore,affiliates
USR-06703,2024-08-04,India,paid_search
USR-06704,2024-12-07,Singapore,social
USR-06705,2024-12-30,Australia,paid_search
USR-06706,2025-05-28,France,affiliates
USR-06707,2024-02-04,UK,organic
USR-06708,2024-01-17,UAE,email
USR-06709,2025-06-06,UK,organic
USR-06710,2025-06-19,Spain,organic
USR-06711,2023-10-15,France,organic
USR-06712,2024-03-14,France,social
USR-06713,2025-05-21,Germany,referral
USR-06714,2023-10-30,France,affiliates
USR-06715,2025-01-16,India,social
USR-06716,2023-08-25,US,social
USR-06717,2023-10-14,India,referral
USR-06718,2025-01-17,Japan,organic
USR-06719,2024-09-04,UK,referral
USR-06720,2024-07-26,India,referral
USR-06721,2025-03-13,US,social
USR-06722,2024-01-20,India,organic
USR-06723,2024-06-17,UK,organic
USR-06724,2024-09-05,Spain,paid_search
USR-06725,2024-12-14,UK,affiliates
USR-06726,2024-02-08,UAE,social
USR-06727,2024-09-24,US,paid_search
USR-06728,2024-05-06,France,paid_search
USR-06729,2024-07-16,US,referral
USR-06730,2025-03-17,Singapore,paid_search
USR-06731,2024-03-26,Australia,organic
USR-06732,2024-10-20,US,email
USR-06733,2025-05-16,Australia,paid_search
USR-06734,2024-12-31,India,paid_search
USR-06735,2025-06-21,Germany,paid_search
USR-06736,2024-08-17,Singapore,organic
USR-06737,2024-01-01,US,affiliates
USR-06738,2025-06-23,France,referral
USR-06739,2024-10-02,UK,affiliates
USR-06740,2023-12-01,Singapore,affiliates
USR-06741,2024-01-28,India,paid_search
USR-06742,2023-12-17,Japan,paid_search
USR-06743,2025-02-23,US,email
USR-06744,2023-08-10,Japan,organic
USR-06745,2024-12-14,UK,affiliates
USR-06746,2024-07-26,Germany,organic
USR-06747,2023-07-26,US,social
USR-06748,2024-09-09,US,social
USR-06749,2024-12-24,UK,affiliates
USR-06750,2024-12-03,UAE,social
USR-06751,2024-07-06,US,social
USR-06752,2024-02-10,Germany,paid_search
USR-06753,2023-10-03,Canada,social
USR-06754,2023-06-10,India,email
USR-06755,2024-02-29,UK,paid_search
USR-06756,2024-09-23,UK,referral
USR-06757,2023-06-29,UK,organic
USR-06758,2025-06-29,France,paid_search
USR-06759,2024-08-19,Singapore,affiliates
USR-06760,2024-01-10,US,paid_search
USR-06761,2025-06-01,UK,social
USR-06762,2023-10-18,UAE,paid_search
USR-06763,2025-05-28,US,affiliates
USR-06764,2024-01-01,Germany,organic
USR-06765,2024-03-15,Australia,organic
USR-06766,2024-04-19,US,affiliates
USR-06767,2025-06-26,France,social
USR-06768,2023-12-08,Spain,social
USR-06769,2025-06-09,Singapore,paid_search
USR-06770,2024-02-19,Singapore,paid_search
USR-06771,2024-01-03,Spain,affiliates
USR-06772,2024-09-28,Germany,email
USR-06773,2024-11-09,Germany,affiliates
USR-06774,2024-02-18,Singapore,affiliates
USR-06775,2023-09-10,Singapore,social
USR-06776,2024-03-28,UAE,social
USR-06777,2024-07-15,India,social
USR-06778,2023-07-01,Italy,referral
USR-06779,2023-07-30,US,social
USR-06780,2025-04-28,UK,organic
USR-06781,2023-06-28,India,affiliates
USR-06782,2024-04-05,US,social
USR-06783,2025-01-01,UAE,affiliates
USR-06784,2024-02-05,US,paid_search
USR-06785,2024-06-11,UAE,paid_search
USR-06786,2023-08-05,France,email
USR-06787,2025-01-24,UK,referral
USR-06788,2024-09-24,US,organic
USR-06789,2025-03-09,France,paid_search
USR-06790,2025-03-18,Singapore,referral
USR-06791,2024-02-22,India,affiliates
USR-06792,2023-07-02,US,organic
USR-06793,2024-02-19,US,organic
USR-06794,2023-09-19,UK,paid_search
USR-06795,2024-07-10,UK,organic
USR-06796,2023-09-20,Canada,organic
USR-06797,2025-05-01,UK,social
USR-06798,2024-08-31,UK,social
USR-06799,2023-12-10,Italy,paid_search
USR-06800,2025-05-01,UAE,paid_search
USR-06801,2025-01-05,France,affiliates
USR-06802,2024-04-28,UAE,paid_search
USR-06803,2023-09-20,Australia,referral
USR-06804,2024-02-17,UK,organic
USR-06805,2024-08-17,US,referral
USR-06806,2025-01-03,Italy,referral
USR-06807,2023-12-17,Spain,organic
USR-06808,2024-12-16,Canada,social
USR-06809,2024-01-01,India,email
USR-06810,2023-12-05,Australia,paid_search
USR-06811,2024-05-05,India,referral
USR-06812,2023-10-01,Singapore,paid_search
USR-06813,2024-04-03,Japan,paid_search
USR-06814,2024-02-27,US,affiliates
USR-06815,2023-12-30,US,organic
USR-06816,2025-01-10,Germany,organic
USR-06817,2024-02-08,Italy,organic
USR-06818,2024-11-10,UK,affiliates
USR-06819,2024-11-29,Italy,organic
USR-06820,2024-10-19,India,organic
USR-06821,2023-12-22,India,email
USR-06822,2025-02-20,India,referral
USR-06823,2023-11-27,Japan,social
USR-06824,2023-12-28,UK,affiliates
USR-06825,2025-03-26,Germany,organic
USR-06826,2024-02-14,UK,social
USR-06827,2024-11-11,Japan,social
USR-06828,2023-07-03,Spain,paid_search
USR-06829,2024-09-09,US,affiliates
USR-06830,2025-03-22,US,social
USR-06831,2024-11-20,India,organic
USR-06832,2024-08-16,India,organic
USR-06833,2025-03-07,Spain,organic
USR-06834,2024-01-13,Germany,affiliates
USR-06835,2024-03-13,India,organic
USR-06836,2023-07-23,Singapore,affiliates
USR-06837,2024-11-12,France,organic
USR-06838,2024-12-01,UK,affiliates
USR-06839,2024-12-23,UK,referral
USR-06840,2024-12-21,India,organic
USR-06841,2023-09-05,Germany,organic
USR-06842,2024-10-19,UK,referral
USR-06843,2025-01-01,Germany,organic
USR-06844,2023-11-02,US,organic
USR-06845,2024-05-28,Singapore,referral
USR-06846,2025-04-25,UK,affiliates
USR-06847,2024-04-11,France,referral
USR-06848,2024-12-24,UK,affiliates
USR-06849,2024-07-08,India,social
USR-06850,2024-10-12,UK,referral
USR-06851,2024-09-19,France,paid_search
USR-06852,2024-10-07,Spain,referral
USR-06853,2025-01-13,UK,email
USR-06854,2025-04-18,Singapore,social
USR-06855,2024-01-11,Germany,affiliates
USR-06856,2025-05-06,France,paid_search
USR-06857,2024-09-20,Germany,social
USR-06858,2024-08-26,India,paid_search
USR-06859,2024-02-05,Singapore,organic
USR-06860,2024-04-12,Spain,paid_search
USR-06861,2024-10-08,Spain,affiliates
USR-06862,2024-03-03,US,paid_search
USR-06863,2024-01-05,UAE,email
USR-06864,2025-02-12,UK,social
USR-06865,2024-04-11,France,affiliates
USR-06866,2024-10-02,UK,referral
USR-06867,2023-06-24,US,organic
USR-06868,2023-07-29,UAE,paid_search
USR-06869,2025-03-06,Italy,email
USR-06870,2023-09-17,UK,organic
USR-06871,2025-01-25,Germany,paid_search
USR-06872,2025-04-15,UAE,paid_search
USR-06873,2024-05-31,Australia,organic
USR-06874,2025-04-03,UAE,affiliates
USR-06875,2024-04-20,UK,affiliates
USR-06876,2025-05-24,UK,email
USR-06877,2023-11-28,UAE,organic
USR-06878,2024-04-21,US,affiliates
USR-06879,2024-03-22,Japan,social
USR-06880,2025-01-16,Japan,affiliates
USR-06881,2023-07-04,Australia,organic
USR-06882,2025-02-19,US,organic
USR-06883,2023-06-18,Singapore,email
USR-06884,2024-01-26,UAE,affiliates
USR-06885,2024-08-27,UK,organic
USR-06886,2023-09-19,US,paid_search
USR-06887,2024-06-07,US,social
USR-06888,2025-06-27,India,affiliates
USR-06889,2025-02-15,Australia,referral
USR-06890,2023-06-23,Italy,affiliates
USR-06891,2024-08-23,US,email
USR-06892,2024-08-27,Germany,affiliates
USR-06893,2023-07-22,US,paid_search
USR-06894,2024-10-07,US,organic
USR-06895,2024-06-30,UK,email
USR-06896,2024-10-31,UAE,social
USR-06897,2024-01-13,UAE,paid_search
USR-06898,2023-12-12,Italy,organic
USR-06899,2024-12-11,Italy,referral
USR-06900,2024-11-30,US,referral
USR-06901,2023-10-01,Singapore,paid_search
USR-06902,2023-11-12,UK,affiliates
USR-06903,2024-08-19,India,paid_search
USR-06904,2025-02-20,France,organic
USR-06905,2023-11-01,UK,organic
USR-06906,2023-11-14,UK,paid_search
USR-06907,2025-02-03,US,organic
USR-06908,2024-11-11,UK,email
USR-06909,2025-04-16,Australia,referral
USR-06910,2025-01-16,US,social
USR-06911,2025-05-25,France,affiliates
USR-06912,2023-10-22,Canada,affiliates
USR-06913,2023-12-24,Germany,paid_search
USR-06914,2023-11-28,India,organic
USR-06915,2023-07-13,Japan,organic
USR-06916,2025-01-13,US,social
USR-06917,2024-10-15,US,paid_search
USR-06918,2023-08-05,Germany,email
USR-06919,2023-10-29,India,social
USR-06920,2023-10-23,Spain,social
USR-06921,2024-04-02,UK,organic
USR-06922,2024-05-12,Germany,organic
USR-06923,2024-01-06,Singapore,paid_search
USR-06924,2025-05-07,Canada,referral
USR-06925,2023-11-09,UK,email
USR-06926,2024-08-01,US,social
USR-06927,2024-04-28,Australia,email
USR-06928,2024-03-21,UAE,paid_search
USR-06929,2025-02-17,UK,organic
USR-06930,2025-06-13,UK,organic
USR-06931,2023-06-05,Spain,organic
USR-06932,2024-05-18,Germany,organic
USR-06933,2023-08-30,Germany,paid_search
USR-06934,2024-04-25,Italy,referral
USR-06935,2024-09-11,US,organic
USR-06936,2024-04-08,US,organic
USR-06937,2024-01-21,Germany,organic
USR-06938,2024-01-24,Japan,organic
USR-06939,2024-01-14,US,organic
USR-06940,2024-02-03,UAE,organic
USR-06941,2024-03-11,UK,organic
USR-06942,2024-11-04,US,affiliates
USR-06943,2023-08-12,Japan,paid_search
USR-06944,2023-07-02,UK,organic
USR-06945,2024-06-27,UK,paid_search
USR-06946,2024-10-31,Spain,organic
USR-06947,2023-12-14,India,social
USR-06948,2023-10-31,India,paid_search
USR-06949,2024-09-17,Spain,affiliates
USR-06950,2024-03-18,US,affiliates
USR-06951,2024-12-11,UAE,email
USR-06952,2023-09-20,India,organic
USR-06953,2023-09-01,UK,paid_search
USR-06954,2024-07-25,UAE,paid_search
USR-06955,2024-03-25,India,referral
USR-06956,2024-12-06,Italy,organic
USR-06957,2024-06-19,Japan,social
USR-06958,2024-02-25,Italy,paid_search
USR-06959,2023-09-30,India,paid_search
USR-06960,2023-10-03,US,paid_search
USR-06961,2024-12-26,Japan,paid_search
USR-06962,2023-11-20,France,email
USR-06963,2024-06-16,Singapore,social
USR-06964,2025-02-11,Italy,organic
USR-06965,2025-04-13,US,organic
USR-06966,2023-12-21,UK,affiliates
USR-06967,2023-08-23,UAE,paid_search
USR-06968,2025-01-09,Germany,social
USR-06969,2024-11-04,US,paid_search
USR-06970,2024-02-07,Germany,social
USR-06971,2024-08-25,Spain,social
USR-06972,2023-10-22,India,organic
USR-06973,2024-11-14,US,social
USR-06974,2024-12-04,Singapore,paid_search
USR-06975,2024-01-14,Spain,organic
USR-06976,2024-05-22,Australia,email
USR-06977,2024-02-09,UK,organic
USR-06978,2023-06-24,Japan,organic
USR-06979,2023-09-05,Spain,referral
USR-06980,2025-05-30,Singapore,affiliates
USR-06981,2024-05-12,India,organic
USR-06982,2023-09-21,UK,email
USR-06983,2023-07-04,France,organic
USR-06984,2024-02-24,US,email
USR-06985,2025-06-16,US,paid_search
USR-06986,2024-03-19,Japan,referral
USR-06987,2025-06-29,UK,paid_search
USR-06988,2024-06-06,Australia,paid_search
USR-06989,2025-01-01,France,referral
USR-06990,2025-01-17,Italy,organic
USR-06991,2023-06-22,US,organic
USR-06992,2023-06-05,UAE,paid_search
USR-06993,2025-05-02,Germany,social
USR-06994,2025-05-09,Japan,organic
USR-06995,2023-09-09,US,social
USR-06996,2024-10-03,US,paid_search
USR-06997,2025-05-03,Australia,social
USR-06998,2025-05-23,UK,affiliates
USR-06999,2024-01-12,UAE,paid_search
USR-07000,2025-02-11,UK,social
USR-07001,2024-10-04,UK,paid_search
USR-07002,2025-05-06,Germany,organic
USR-07003,2023-09-20,Germany,referral
USR-07004,2024-08-30,Germany,affiliates
USR-07005,2023-06-19,France,referral
USR-07006,2024-02-27,Singapore,affiliates
USR-07007,2023-06-09,Canada,paid_search
USR-07008,2024-05-02,US,social
USR-07009,2025-02-06,India,organic
USR-07010,2024-10-13,India,affiliates
USR-07011,2024-01-27,Spain,social
USR-07012,2024-04-20,India,organic
USR-07013,2024-03-06,UAE,referral
USR-07014,2024-12-08,France,social
USR-07015,2023-12-20,Germany,affiliates
USR-07016,2023-08-09,Italy,referral
USR-07017,2024-06-20,France,affiliates
USR-07018,2025-02-20,France,social
USR-07019,2024-05-28,US,paid_search
USR-07020,2023-11-03,France,referral
USR-07021,2023-07-06,US,organic
USR-07022,2025-05-18,Italy,organic
USR-07023,2024-12-30,India,affiliates
USR-07024,2023-09-27,UK,affiliates
USR-07025,2023-07-27,US,affiliates
USR-07026,2023-09-07,Germany,organic
USR-07027,2024-03-13,Japan,organic
USR-07028,2025-02-07,US,affiliates
USR-07029,2023-09-30,US,organic
USR-07030,2025-02-12,India,paid_search
USR-07031,2023-06-02,Australia,paid_search
USR-07032,2024-12-13,Italy,affiliates
USR-07033,2024-01-01,UK,paid_search
USR-07034,2025-05-31,Germany,organic
USR-07035,2024-05-27,Spain,social
USR-07036,2023-12-23,Spain,organic
USR-07037,2023-12-02,France,email
USR-07038,2025-02-18,Singapore,social
USR-07039,2024-04-02,Germany,social
USR-07040,2024-02-23,US,paid_search
USR-07041,2024-12-11,UK,organic
USR-07042,2024-07-13,India,organic
USR-07043,2024-10-17,UK,affiliates
USR-07044,2024-05-04,India,paid_search
USR-07045,2023-07-19,Italy,paid_search
USR-07046,2023-06-05,Italy,paid_search
USR-07047,2023-06-30,UK,affiliates
USR-07048,2024-08-10,UK,referral
USR-07049,2024-06-25,UAE,organic
USR-07050,2024-12-20,France,social
USR-07051,2025-04-10,UK,paid_search
USR-07052,2023-10-11,Spain,referral
USR-07053,2025-05-28,US,affiliates
USR-07054,2025-05-09,UK,email
USR-07055,2024-09-11,Singapore,affiliates
USR-07056,2024-07-08,Germany,paid_search
USR-07057,2023-10-13,India,paid_search
USR-07058,2023-10-14,Singapore,social
USR-07059,2023-06-15,Japan,email
USR-07060,2024-10-03,UK,organic
USR-07061,2024-04-25,UAE,paid_search
USR-07062,2023-10-24,US,organic
USR-07063,2023-09-10,France,organic
USR-07064,2023-07-19,India,affiliates
USR-07065,2024-09-30,India,organic
USR-07066,2024-11-02,US,referral
USR-07067,2024-09-23,Spain,paid_search
USR-07068,2023-08-24,India,social
USR-07069,2023-07-02,Japan,affiliates
USR-07070,2023-08-20,India,referral
USR-07071,2024-12-23,Italy,referral
USR-07072,2024-12-14,Germany,organic
USR-07073,2024-01-11,India,paid_search
USR-07074,2023-07-12,Singapore,email
USR-07075,2024-01-29,Spain,referral
USR-07076,2025-02-05,France,referral
USR-07077,2023-09-17,India,email
USR-07078,2025-01-26,Germany,organic
USR-07079,2024-05-18,Germany,organic
USR-07080,2023-09-16,India,affiliates
USR-07081,2025-05-10,Singapore,social
USR-07082,2024-06-28,India,referral
USR-07083,2024-10-23,France,social
USR-07084,2023-08-13,Germany,affiliates
USR-07085,2024-03-09,Canada,affiliates
USR-07086,2024-09-23,US,organic
USR-07087,2024-10-03,US,affiliates
USR-07088,2023-07-18,US,paid_search
USR-07089,2024-09-02,UAE,paid_search
USR-07090,2025-05-18,France,affiliates
USR-07091,2025-01-18,India,paid_search
USR-07092,2023-11-05,US,organic
USR-07093,2025-04-24,Japan,social
USR-07094,2024-10-31,France,affiliates
USR-07095,2023-07-14,Germany,organic
USR-07096,2023-09-06,UK,email
USR-07097,2025-05-01,UK,social
USR-07098,2023-11-07,UK,paid_search
USR-07099,2023-08-13,India,email
USR-07100,2024-05-08,France,social
USR-07101,2024-07-04,US,referral
USR-07102,2024-08-09,India,email
USR-07103,2024-10-13,UK,affiliates
USR-07104,2025-06-29,India,referral
USR-07105,2024-12-29,UK,organic
USR-07106,2023-06-20,UK,referral
USR-07107,2023-08-07,UK,social
USR-07108,2023-06-01,Singapore,organic
USR-07109,2024-03-27,Australia,social
USR-07110,2024-02-22,UAE,referral
USR-07111,2025-05-10,UK,organic
USR-07112,2024-03-05,Canada,paid_search
USR-07113,2023-06-24,Canada,social
USR-07114,2025-04-02,France,paid_search
USR-07115,2023-12-15,UK,affiliates
USR-07116,2025-04-24,Singapore,organic
USR-07117,2025-01-09,Australia,referral
USR-07118,2025-03-31,Spain,referral
USR-07119,2025-02-12,UAE,paid_search
USR-07120,2023-09-17,Germany,social
USR-07121,2024-09-18,Canada,organic
USR-07122,2024-04-09,UK,organic
USR-07123,2024-09-20,UK,social
USR-07124,2024-12-18,Italy,organic
USR-07125,2024-06-15,UK,referral
USR-07126,2024-01-24,India,social
USR-07127,2025-04-27,US,organic
USR-07128,2024-10-17,US,paid_search
USR-07129,2025-04-04,UK,affiliates
USR-07130,2023-11-28,Germany,organic
USR-07131,2025-02-27,India,email
USR-07132,2024-02-01,Germany,organic
USR-07133,2024-05-15,US,affiliates
USR-07134,2025-03-15,Australia,paid_search
USR-07135,2024-02-25,Germany,paid_search
USR-07136,2023-12-08,Australia,social
USR-07137,2025-04-26,India,paid_search
USR-07138,2025-06-02,UK,email
USR-07139,2024-01-23,Spain,organic
USR-07140,2024-01-19,Italy,organic
USR-07141,2023-11-21,UK,organic
USR-07142,2023-06-18,UAE,social
USR-07143,2024-07-25,UAE,affiliates
USR-07144,2023-12-11,UK,organic
USR-07145,2025-03-07,Germany,affiliates
USR-07146,2023-10-09,US,referral
USR-07147,2024-09-25,UK,organic
USR-07148,2024-06-20,Italy,organic
USR-07149,2024-09-08,France,paid_search
USR-07150,2023-08-25,Spain,organic
USR-07151,2024-05-20,Singapore,referral
USR-07152,2024-09-18,Canada,paid_search
USR-07153,2024-02-15,France,paid_search
USR-07154,2025-03-26,India,email
USR-07155,2024-07-07,US,organic
USR-07156,2024-03-02,UAE,affiliates
USR-07157,2023-06-24,France,social
USR-07158,2023-10-07,Singapore,paid_search
USR-07159,2024-05-28,India,social
USR-07160,2024-03-31,UK,organic
USR-07161,2025-03-24,Italy,affiliates
USR-07162,2025-01-18,Italy,paid_search
USR-07163,2023-09-29,India,affiliates
USR-07164,2024-08-23,Singapore,affiliates
USR-07165,2024-05-11,France,social
USR-07166,2023-08-16,Spain,email
USR-07167,2024-10-19,India,social
USR-07168,2024-07-13,Germany,organic
USR-07169,2023-08-06,UK,affiliates
USR-07170,2024-05-21,US,paid_search
USR-07171,2024-12-08,Spain,affiliates
USR-07172,2024-02-04,India,social
USR-07173,2024-02-27,UK,organic
USR-07174,2023-08-23,US,paid_search
USR-07175,2023-11-03,India,organic
USR-07176,2025-06-15,Singapore,organic
USR-07177,2024-09-14,India,email
USR-07178,2023-10-12,Singapore,organic
USR-07179,2024-06-01,Italy,affiliates
USR-07180,2023-10-25,India,paid_search
USR-07181,2024-05-02,Spain,paid_search
USR-07182,2023-09-19,UK,organic
USR-07183,2024-09-13,India,organic
USR-07184,2024-08-07,UK,social
USR-07185,2024-09-24,UK,paid_search
USR-07186,2024-05-03,UK,social
USR-07187,2024-01-04,UK,social
USR-07188,2023-12-07,Italy,organic
USR-07189,2023-11-11,Germany,paid_search
USR-07190,2024-04-22,Australia,paid_search
USR-07191,2024-05-09,Germany,organic
USR-07192,2024-10-24,UAE,referral
USR-07193,2023-07-10,US,organic
USR-07194,2024-01-01,Germany,organic
USR-07195,2025-03-09,India,social
USR-07196,2025-04-26,Australia,paid_search
USR-07197,2025-05-08,Australia,affiliates
USR-07198,2024-01-19,US,referral
USR-07199,2023-09-13,UAE,referral
USR-07200,2023-10-29,UAE,paid_search
USR-07201,2023-09-09,Germany,paid_search
USR-07202,2025-05-26,UK,organic
USR-07203,2025-04-02,UAE,referral
USR-07204,2025-02-06,Spain,paid_search
USR-07205,2024-12-06,India,paid_search
USR-07206,2024-02-16,France,social
USR-07207,2024-05-27,UK,referral
USR-07208,2025-03-01,Australia,social
USR-07209,2025-02-08,UK,organic
USR-07210,2024-06-29,US,affiliates
USR-07211,2025-02-26,US,organic
USR-07212,2024-02-19,Italy,affiliates
USR-07213,2024-04-10,Singapore,paid_search
USR-07214,2025-02-28,UK,affiliates
USR-07215,2024-03-13,US,affiliates
USR-07216,2024-12-23,Singapore,paid_search
USR-07217,2024-05-10,India,referral
USR-07218,2024-01-13,UK,organic
USR-07219,2023-11-14,Australia,organic
USR-07220,2024-09-04,UK,paid_search
USR-07221,2024-05-30,France,social
USR-07222,2024-03-07,US,organic
USR-07223,2024-12-16,Singapore,paid_search
USR-07224,2023-06-01,Spain,affiliates
USR-07225,2023-08-10,India,affiliates
USR-07226,2025-05-31,UAE,organic
USR-07227,2024-10-17,Japan,social
USR-07228,2024-07-22,Spain,organic
USR-07229,2023-06-12,India,organic
USR-07230,2024-08-28,France,affiliates
USR-07231,2024-04-26,Japan,affiliates
USR-07232,2024-08-29,UK,organic
USR-07233,2023-07-02,UK,organic
USR-07234,2024-07-23,US,paid_search
USR-07235,2024-08-13,Italy,paid_search
USR-07236,2024-01-07,UK,organic
USR-07237,2023-07-12,US,organic
USR-07238,2025-06-08,UAE,paid_search
USR-07239,2024-11-21,US,organic
USR-07240,2024-09-15,US,referral
USR-07241,2025-01-03,France,referral
USR-07242,2024-10-22,US,social
USR-07243,2023-09-11,Canada,paid_search
USR-07244,2024-05-11,US,referral
USR-07245,2025-04-06,Italy,organic
USR-07246,2024-01-05,France,affiliates
USR-07247,2025-06-08,UK,organic
USR-07248,2023-07-19,UK,affiliates
USR-07249,2024-02-07,France,organic
USR-07250,2024-02-22,India,referral
USR-07251,2024-09-12,US,organic
USR-07252,2023-10-12,Australia,referral
USR-07253,2023-11-22,France,social
USR-07254,2024-10-16,Japan,organic
USR-07255,2024-01-03,US,referral
USR-07256,2025-03-30,US,organic
USR-07257,2025-03-23,Germany,social
USR-07258,2024-01-17,US,paid_search
USR-07259,2024-07-30,US,referral
USR-07260,2024-02-08,UK,affiliates
USR-07261,2024-02-18,UK,paid_search
USR-07262,2024-10-22,Singapore,referral
USR-07263,2024-01-09,US,affiliates
USR-07264,2023-09-22,Canada,email
USR-07265,2023-12-14,US,paid_search
USR-07266,2025-05-07,India,paid_search
USR-07267,2023-12-15,India,organic
USR-07268,2024-03-03,France,paid_search
USR-07269,2024-09-20,Italy,organic
USR-07270,2023-08-16,Italy,referral
USR-07271,2023-12-22,UK,social
USR-07272,2023-10-11,India,social
USR-07273,2025-05-03,Italy,organic
USR-07274,2025-05-09,UK,organic
USR-07275,2024-12-26,Germany,referral
USR-07276,2023-12-05,US,social
USR-07277,2024-09-11,India,affiliates
USR-07278,2024-10-16,India,social
USR-07279,2025-03-22,India,organic
USR-07280,2023-09-27,Japan,email
USR-07281,2024-12-11,Germany,email
USR-07282,2023-10-26,Japan,organic
USR-07283,2024-08-06,Singapore,email
USR-07284,2025-03-30,India,organic
USR-07285,2023-07-18,France,organic
USR-07286,2023-09-21,India,organic
USR-07287,2025-02-07,Italy,social
USR-07288,2023-06-15,US,email
USR-07289,2024-11-02,Australia,organic
USR-07290,2024-06-15,Germany,referral
USR-07291,2024-02-19,Germany,referral
USR-07292,2025-03-17,France,paid_search
USR-07293,2025-03-07,Germany,organic
USR-07294,2024-02-03,UAE,organic
USR-07295,2023-06-04,UAE,organic
USR-07296,2023-09-06,US,affiliates
USR-07297,2023-08-21,Germany,referral
USR-07298,2025-06-16,India,organic
USR-07299,2024-08-27,UAE,paid_search
USR-07300,2024-10-27,Germany,organic
USR-07301,2023-11-23,US,organic
USR-07302,2025-03-08,Singapore,paid_search
USR-07303,2024-12-01,France,organic
USR-07304,2024-12-23,Germany,organic
USR-07305,2024-05-21,UAE,paid_search
USR-07306,2024-11-12,UAE,paid_search
USR-07307,2024-07-18,Singapore,paid_search
USR-07308,2024-03-19,US,social
USR-07309,2024-08-25,UK,paid_search
USR-07310,2024-02-02,UAE,paid_search
USR-07311,2025-05-25,US,paid_search
USR-07312,2024-11-26,UK,affiliates
USR-07313,2024-12-13,UK,organic
USR-07314,2024-11-26,India,social
USR-07315,2024-05-06,Canada,organic
USR-07316,2025-05-23,UK,paid_search
USR-07317,2023-11-05,US,social
USR-07318,2024-08-06,Japan,referral
USR-07319,2023-07-23,Australia,affiliates
USR-07320,2024-01-10,US,paid_search
USR-07321,2024-08-10,Japan,organic
USR-07322,2024-06-07,UK,referral
USR-07323,2025-05-16,Spain,organic
USR-07324,2024-09-09,UK,paid_search
USR-07325,2024-04-08,India,referral
USR-07326,2024-04-20,US,paid_search
USR-07327,2024-09-07,Singapore,social
USR-07328,2025-01-22,UK,organic
USR-07329,2023-12-28,France,organic
USR-07330,2024-08-18,Singapore,affiliates
USR-07331,2024-08-10,UK,organic
USR-07332,2023-06-08,Japan,paid_search
USR-07333,2025-04-24,India,paid_search
USR-07334,2024-08-07,US,paid_search
USR-07335,2023-12-01,US,organic
USR-07336,2024-09-24,India,organic
USR-07337,2024-10-28,US,paid_search
USR-07338,2025-04-26,France,paid_search
USR-07339,2023-06-26,UAE,referral
USR-07340,2024-04-10,France,paid_search
USR-07341,2023-10-15,India,affiliates
USR-07342,2024-08-10,Spain,organic
USR-07343,2024-06-16,US,paid_search
USR-07344,2024-05-26,UAE,affiliates
USR-07345,2025-06-16,Japan,referral
USR-07346,2024-07-09,US,paid_search
USR-07347,2024-04-08,Germany,paid_search
USR-07348,2023-07-22,Australia,referral
USR-07349,2024-01-07,France,organic
USR-07350,2025-04-12,Canada,organic
USR-07351,2024-05-09,India,social
USR-07352,2025-04-22,Germany,referral
USR-07353,2024-07-09,India,social
USR-07354,2024-07-21,UK,paid_search
USR-07355,2024-04-22,Canada,affiliates
USR-07356,2024-07-27,US,organic
USR-07357,2023-07-21,Canada,referral
USR-07358,2023-07-14,UAE,organic
USR-07359,2024-05-27,Japan,email
USR-07360,2024-08-28,Australia,social
USR-07361,2024-07-23,Germany,organic
USR-07362,2024-04-22,Canada,social
USR-07363,2024-01-10,Spain,affiliates
USR-07364,2024-11-20,France,paid_search
USR-07365,2024-09-02,UAE,organic
USR-07366,2023-07-06,US,organic
USR-07367,2024-05-09,UK,social
USR-07368,2024-11-22,US,email
USR-07369,2025-01-16,France,paid_search
USR-07370,2024-01-05,US,organic
USR-07371,2025-05-03,France,email
USR-07372,2024-10-08,UAE,paid_search
USR-07373,2024-04-28,UAE,organic
USR-07374,2024-09-19,Japan,paid_search
USR-07375,2025-03-24,Australia,social
USR-07376,2023-11-20,Japan,affiliates
USR-07377,2023-09-23,UAE,social
USR-07378,2024-04-30,US,organic
USR-07379,2023-08-03,Australia,referral
USR-07380,2025-02-25,US,organic
USR-07381,2025-06-07,UK,affiliates
USR-07382,2024-09-03,India,paid_search
USR-07383,2025-06-14,Germany,affiliates
USR-07384,2023-07-23,UAE,affiliates
USR-07385,2024-09-23,UK,affiliates
USR-07386,2024-05-02,Spain,organic
USR-07387,2023-12-28,US,referral
USR-07388,2024-01-23,US,email
USR-07389,2024-07-19,India,paid_search
USR-07390,2024-09-30,India,paid_search
USR-07391,2023-10-03,Spain,social
USR-07392,2024-09-10,UK,affiliates
USR-07393,2025-05-05,US,referral
USR-07394,2023-06-08,UK,paid_search
USR-07395,2025-03-29,Spain,social
USR-07396,2024-09-04,Canada,organic
USR-07397,2024-02-16,UAE,paid_search
USR-07398,2024-12-10,Germany,referral
USR-07399,2024-09-12,Japan,social
USR-07400,2025-01-05,US,referral
USR-07401,2023-08-01,UK,paid_search
USR-07402,2023-07-15,France,paid_search
USR-07403,2024-09-30,US,email
USR-07404,2024-01-17,France,organic
USR-07405,2023-11-29,France,affiliates
USR-07406,2024-04-16,India,affiliates
USR-07407,2024-12-03,France,affiliates
USR-07408,2023-10-15,India,affiliates
USR-07409,2025-06-09,UK,paid_search
USR-07410,2024-04-15,Italy,paid_search
USR-07411,2023-09-23,Singapore,referral
USR-07412,2023-07-25,UK,organic
USR-07413,2025-03-13,UK,referral
USR-07414,2023-08-26,UK,organic
USR-07415,2024-04-14,UK,affiliates
USR-07416,2024-10-21,UK,social
USR-07417,2024-06-24,UK,referral
USR-07418,2023-12-17,Italy,paid_search
USR-07419,2023-08-22,Italy,social
USR-07420,2024-11-22,Spain,affiliates
USR-07421,2024-06-07,Germany,paid_search
USR-07422,2023-07-07,Singapore,organic
USR-07423,2023-10-16,Singapore,organic
USR-07424,2024-08-01,Japan,social
USR-07425,2023-10-06,Singapore,social
USR-07426,2024-03-24,Singapore,social
USR-07427,2023-09-03,Spain,organic
USR-07428,2025-01-26,Germany,organic
USR-07429,2024-09-22,US,affiliates
USR-07430,2025-01-16,UK,email
USR-07431,2023-07-10,India,organic
USR-07432,2024-03-12,UK,organic
USR-07433,2023-12-21,US,organic
USR-07434,2024-09-16,UK,referral
USR-07435,2025-02-14,US,email
USR-07436,2023-11-20,Australia,social
USR-07437,2025-01-05,India,social
USR-07438,2024-08-15,US,affiliates
USR-07439,2025-02-16,India,paid_search
USR-07440,2023-08-01,US,paid_search
USR-07441,2025-06-23,UAE,paid_search
USR-07442,2024-04-26,UAE,affiliates
USR-07443,2023-12-30,UK,social
USR-07444,2023-10-17,France,social
USR-07445,2025-06-18,UK,referral
USR-07446,2025-04-02,UAE,organic
USR-07447,2023-09-08,Australia,paid_search
USR-07448,2024-05-04,Japan,social
USR-07449,2024-12-09,US,affiliates
USR-07450,2024-08-22,Singapore,organic
USR-07451,2023-10-22,Spain,paid_search
USR-07452,2024-02-29,Italy,affiliates
USR-07453,2024-03-06,US,email
USR-07454,2024-01-06,France,social
USR-07455,2025-05-31,US,organic
USR-07456,2023-11-02,UK,organic
USR-07457,2024-11-19,UAE,paid_search
USR-07458,2025-04-24,France,organic
USR-07459,2025-01-25,US,referral
USR-07460,2025-01-28,Italy,email
USR-07461,2023-09-29,France,referral
USR-07462,2023-09-10,Canada,organic
USR-07463,2025-01-16,Spain,paid_search
USR-07464,2024-12-19,Italy,referral
USR-07465,2024-12-15,Spain,organic
USR-07466,2024-04-14,UK,organic
USR-07467,2024-07-02,UK,paid_search
USR-07468,2023-06-12,Japan,organic
USR-07469,2024-01-08,UK,organic
USR-07470,2024-07-06,India,paid_search
USR-07471,2023-09-04,Germany,affiliates
USR-07472,2023-09-07,US,organic
USR-07473,2023-07-05,US,social
USR-07474,2023-11-07,France,social
USR-07475,2025-06-24,India,social
USR-07476,2024-11-10,UAE,paid_search
USR-07477,2025-05-21,UK,organic
USR-07478,2023-12-13,France,organic
USR-07479,2024-08-29,US,paid_search
USR-07480,2025-04-08,Germany,affiliates
USR-07481,2024-02-23,UK,paid_search
USR-07482,2024-10-12,US,paid_search
USR-07483,2024-11-08,Spain,affiliates
USR-07484,2025-02-22,US,referral
USR-07485,2025-06-06,Singapore,referral
USR-07486,2024-09-10,US,paid_search
USR-07487,2024-08-16,US,affiliates
USR-07488,2025-03-22,US,social
USR-07489,2024-11-02,Japan,social
USR-07490,2024-03-01,India,referral
USR-07491,2024-09-21,US,paid_search
USR-07492,2024-07-22,Germany,affiliates
USR-07493,2023-11-21,India,affiliates
USR-07494,2024-06-27,Spain,social
USR-07495,2024-09-16,Canada,organic
USR-07496,2025-04-17,France,referral
USR-07497,2024-08-15,France,paid_search
USR-07498,2023-10-04,India,social
USR-07499,2025-06-20,Canada,organic
USR-07500,2024-08-13,France,referral
USR-07501,2024-01-05,US,affiliates
USR-07502,2024-12-25,Australia,organic
USR-07503,2024-03-19,Australia,email
USR-07504,2024-03-08,France,affiliates
USR-07505,2025-02-27,India,organic
USR-07506,2025-03-21,UAE,organic
USR-07507,2024-07-03,Italy,paid_search
USR-07508,2024-03-10,France,referral
USR-07509,2025-03-18,India,paid_search
USR-07510,2023-10-10,US,organic
USR-07511,2024-12-19,India,organic
USR-07512,2024-08-17,UK,paid_search
USR-07513,2025-03-11,Spain,organic
USR-07514,2024-04-15,UK,social
USR-07515,2025-02-22,India,organic
USR-07516,2023-06-12,Italy,referral
USR-07517,2024-12-28,India,email
USR-07518,2023-07-24,US,affiliates
USR-07519,2024-10-01,Australia,organic
USR-07520,2023-10-27,UK,social
USR-07521,2025-06-02,Japan,referral
USR-07522,2025-01-05,UK,paid_search
USR-07523,2023-08-19,India,organic
USR-07524,2025-04-08,UAE,organic
USR-07525,2023-12-09,India,social
USR-07526,2024-07-19,Germany,paid_search
USR-07527,2023-08-04,US,affiliates
USR-07528,2023-08-20,Germany,referral
USR-07529,2023-12-01,UK,email
USR-07530,2024-07-11,Spain,affiliates
USR-07531,2024-07-17,Germany,email
USR-07532,2025-03-12,France,organic
USR-07533,2023-10-04,UK,organic
USR-07534,2024-12-21,France,referral
USR-07535,2023-06-05,Germany,paid_search
USR-07536,2024-01-08,US,affiliates
USR-07537,2023-10-12,UAE,organic
USR-07538,2023-09-03,UK,organic
USR-07539,2024-08-18,US,referral
USR-07540,2025-04-15,Singapore,referral
USR-07541,2024-10-19,UK,affiliates
USR-07542,2025-03-11,US,organic
USR-07543,2024-08-23,UAE,paid_search
USR-07544,2023-07-11,Singapore,social
USR-07545,2024-02-18,UK,affiliates
USR-07546,2025-02-15,UK,organic
USR-07547,2023-07-04,France,social
USR-07548,2023-08-13,Germany,organic
USR-07549,2025-02-23,France,email
USR-07550,2023-07-19,UAE,organic
USR-07551,2025-05-30,Singapore,affiliates
USR-07552,2024-12-28,Australia,organic
USR-07553,2024-10-18,India,email
USR-07554,2024-07-12,US,referral
USR-07555,2023-08-07,US,organic
USR-07556,2024-04-11,UK,organic
USR-07557,2025-02-03,India,social
USR-07558,2025-04-17,Italy,social
USR-07559,2024-05-05,India,email
USR-07560,2025-02-27,UK,social
USR-07561,2025-01-11,France,organic
USR-07562,2023-07-14,Canada,affiliates
USR-07563,2024-09-14,US,organic
USR-07564,2024-09-11,Spain,social
USR-07565,2024-07-17,Italy,affiliates
USR-07566,2025-01-07,India,affiliates
USR-07567,2025-04-07,Germany,organic
USR-07568,2024-07-23,France,organic
USR-07569,2024-01-30,US,social
USR-07570,2025-06-17,India,paid_search
USR-07571,2025-06-02,UK,email
USR-07572,2024-11-03,Singapore,social
USR-07573,2024-09-29,Italy,organic
USR-07574,2023-08-19,US,paid_search
USR-07575,2024-04-01,Germany,email
USR-07576,2023-10-29,US,referral
USR-07577,2024-06-26,UK,paid_search
USR-07578,2025-02-17,UAE,organic
USR-07579,2023-11-18,UK,paid_search
USR-07580,2025-06-27,Spain,social
USR-07581,2023-09-07,US,referral
USR-07582,2023-08-14,Spain,affiliates
USR-07583,2025-06-10,India,affiliates
USR-07584,2023-08-16,India,social
USR-07585,2024-12-10,Singapore,affiliates
USR-07586,2025-01-01,France,organic
USR-07587,2024-02-06,US,social
USR-07588,2023-07-19,Italy,social
USR-07589,2024-01-21,India,referral
USR-07590,2023-07-23,UK,referral
USR-07591,2024-10-23,India,organic
USR-07592,2025-04-06,Germany,affiliates
USR-07593,2025-06-27,Germany,affiliates
USR-07594,2025-01-29,Italy,affiliates
USR-07595,2025-01-09,Germany,paid_search
USR-07596,2025-03-31,US,affiliates
USR-07597,2025-01-06,US,referral
USR-07598,2024-10-07,UK,social
USR-07599,2025-06-27,Singapore,paid_search
USR-07600,2024-02-01,UK,referral
USR-07601,2024-04-09,Germany,referral
USR-07602,2025-04-19,Germany,social
USR-07603,2024-01-23,Spain,affiliates
USR-07604,2024-01-14,UK,organic
USR-07605,2023-09-24,US,social
USR-07606,2023-12-27,Japan,paid_search
USR-07607,2024-08-25,Germany,paid_search
USR-07608,2025-04-04,France,paid_search
USR-07609,2023-09-12,Singapore,paid_search
USR-07610,2024-10-30,Japan,paid_search
USR-07611,2025-01-03,US,organic
USR-07612,2025-04-11,Japan,organic
USR-07613,2024-12-22,UK,email
USR-07614,2023-09-27,Canada,paid_search
USR-07615,2024-06-06,US,organic
USR-07616,2025-05-24,US,organic
USR-07617,2025-04-21,UK,organic
USR-07618,2024-09-08,Spain,organic
USR-07619,2025-06-02,Canada,affiliates
USR-07620,2024-10-20,US,social
USR-07621,2023-07-20,India,paid_search
USR-07622,2025-04-25,US,social
USR-07623,2023-10-06,UK,organic
USR-07624,2024-03-16,Spain,email
USR-07625,2023-11-28,UK,affiliates
USR-07626,2024-11-28,Australia,organic
USR-07627,2023-06-23,Japan,organic
USR-07628,2024-09-29,UK,social
USR-07629,2025-03-18,France,organic
USR-07630,2025-01-19,Canada,organic
USR-07631,2024-01-20,Italy,email
USR-07632,2025-04-12,Singapore,social
USR-07633,2024-03-02,UK,organic
USR-07634,2024-10-29,UK,referral
USR-07635,2024-06-20,Spain,organic
USR-07636,2023-07-22,India,paid_search
USR-07637,2023-06-03,UAE,email
USR-07638,2023-10-18,Singapore,social
USR-07639,2025-05-11,India,social
USR-07640,2025-05-26,UK,email
USR-07641,2024-04-07,India,social
USR-07642,2025-06-06,Italy,affiliates
USR-07643,2023-07-08,India,social
USR-07644,2025-06-05,UK,paid_search
USR-07645,2023-11-23,Australia,referral
USR-07646,2023-06-28,UAE,organic
USR-07647,2024-12-27,Germany,referral
USR-07648,2024-03-17,Italy,organic
USR-07649,2024-01-09,India,paid_search
USR-07650,2024-12-29,Canada,email
USR-07651,2024-02-09,Italy,social
USR-07652,2024-12-24,US,organic
USR-07653,2023-10-27,India,paid_search
USR-07654,2023-08-05,US,referral
USR-07655,2024-02-02,UAE,affiliates
USR-07656,2024-09-06,UAE,paid_search
USR-07657,2023-11-18,France,organic
USR-07658,2023-09-17,Australia,paid_search
USR-07659,2024-12-21,France,paid_search
USR-07660,2024-06-09,Spain,organic
USR-07661,2024-04-23,UAE,affiliates
USR-07662,2023-11-30,France,social
USR-07663,2023-06-14,UK,paid_search
USR-07664,2023-07-11,UAE,paid_search
USR-07665,2024-10-30,UAE,organic
USR-07666,2023-07-31,UK,paid_search
USR-07667,2023-12-05,Spain,paid_search
USR-07668,2025-04-23,France,paid_search
USR-07669,2024-02-17,India,social
USR-07670,2024-12-17,Italy,paid_search
USR-07671,2024-02-16,India,social
USR-07672,2025-05-09,UAE,affiliates
USR-07673,2025-02-14,Germany,paid_search
USR-07674,2024-05-23,UK,paid_search
USR-07675,2024-11-02,India,affiliates
USR-07676,2024-04-10,US,paid_search
USR-07677,2025-05-18,US,paid_search
USR-07678,2024-02-28,UAE,referral
USR-07679,2025-02-25,UK,social
USR-07680,2024-09-11,Australia,affiliates
USR-07681,2024-10-02,India,paid_search
USR-07682,2024-02-23,US,paid_search
USR-07683,2025-02-22,Japan,organic
USR-07684,2024-12-19,France,organic
USR-07685,2025-02-09,Germany,social
USR-07686,2025-01-30,Singapore,organic
USR-07687,2023-09-28,Italy,paid_search
USR-07688,2025-03-27,UK,organic
USR-07689,2025-03-01,UK,organic
USR-07690,2023-12-02,Canada,paid_search
USR-07691,2025-06-16,UK,social
USR-07692,2024-07-05,Singapore,paid_search
USR-07693,2024-01-31,Germany,referral
USR-07694,2023-11-17,Germany,organic
USR-07695,2024-03-04,Spain,organic
USR-07696,2023-06-29,Canada,affiliates
USR-07697,2024-11-06,UK,affiliates
USR-07698,2024-11-19,Germany,paid_search
USR-07699,2024-10-20,Singapore,paid_search
USR-07700,2024-07-22,US,affiliates
USR-07701,2024-03-02,Japan,social
USR-07702,2024-12-02,France,organic
USR-07703,2025-03-24,US,organic
USR-07704,2023-08-06,Italy,organic
USR-07705,2024-03-17,Australia,referral
USR-07706,2025-06-26,UK,social
USR-07707,2025-03-17,Singapore,organic
USR-07708,2025-06-25,US,organic
USR-07709,2023-10-18,UK,organic
USR-07710,2024-05-19,US,email
USR-07711,2023-09-08,Italy,affiliates
USR-07712,2025-03-20,UK,social
USR-07713,2024-06-29,UK,referral
USR-07714,2023-12-03,Singapore,organic
USR-07715,2023-08-08,India,social
USR-07716,2024-12-12,UK,paid_search
USR-07717,2025-02-07,US,organic
USR-07718,2025-03-30,Spain,paid_search
USR-07719,2025-06-08,UAE,referral
USR-07720,2025-02-09,Spain,organic
USR-07721,2025-01-18,UK,paid_search
USR-07722,2025-02-06,France,affiliates
USR-07723,2025-06-29,Spain,referral
USR-07724,2024-05-17,US,paid_search
USR-07725,2024-12-28,US,organic
USR-07726,2025-02-13,India,referral
USR-07727,2023-08-28,India,organic
USR-07728,2024-11-06,US,organic
USR-07729,2024-02-13,Australia,organic
USR-07730,2023-09-09,France,paid_search
USR-07731,2023-10-08,Germany,social
USR-07732,2023-08-26,UK,referral
USR-07733,2025-04-13,Germany,paid_search
USR-07734,2025-01-07,Germany,affiliates
USR-07735,2023-08-17,Australia,social
USR-07736,2024-09-18,India,social
USR-07737,2024-10-14,Spain,organic
USR-07738,2024-06-29,US,organic
USR-07739,2024-09-03,Germany,social
USR-07740,2025-04-20,Japan,email
USR-07741,2024-06-29,UAE,organic
USR-07742,2024-10-14,Singapore,paid_search
USR-07743,2024-08-08,Italy,paid_search
USR-07744,2024-03-28,Japan,paid_search
USR-07745,2025-04-08,US,organic
USR-07746,2024-04-10,US,organic
USR-07747,2025-01-28,Germany,paid_search
USR-07748,2024-09-02,Canada,affiliates
USR-07749,2024-11-02,France,referral
USR-07750,2024-12-29,India,organic
USR-07751,2024-12-11,Germany,organic
USR-07752,2024-08-02,UK,paid_search
USR-07753,2024-09-10,US,organic
USR-07754,2024-06-21,UK,referral
USR-07755,2024-02-13,UK,paid_search
USR-07756,2024-12-04,Singapore,affiliates
USR-07757,2025-03-29,India,organic
USR-07758,2024-11-18,US,affiliates
USR-07759,2025-01-07,France,referral
USR-07760,2025-02-21,India,email
USR-07761,2024-03-06,India,affiliates
USR-07762,2023-07-18,India,paid_search
USR-07763,2024-02-12,UK,organic
USR-07764,2024-12-25,UAE,paid_search
USR-07765,2025-02-09,UK,referral
USR-07766,2024-06-25,US,affiliates
USR-07767,2025-01-12,US,paid_search
USR-07768,2023-07-27,India,email
USR-07769,2024-10-02,US,organic
USR-07770,2024-10-29,India,organic
USR-07771,2024-06-20,US,social
USR-07772,2024-11-26,UK,paid_search
USR-07773,2024-06-08,Italy,organic
USR-07774,2024-07-02,US,referral
USR-07775,2024-09-02,UK,social
USR-07776,2025-01-24,France,social
USR-07777,2023-12-07,UK,organic
USR-07778,2024-01-15,Spain,organic
USR-07779,2024-04-14,UK,email
USR-07780,2023-11-01,France,affiliates
USR-07781,2024-02-10,Australia,organic
USR-07782,2024-02-22,UK,referral
USR-07783,2024-01-25,US,referral
USR-07784,2024-04-07,Germany,referral
USR-07785,2024-06-18,Canada,social
USR-07786,2024-11-10,India,paid_search
USR-07787,2024-01-17,UAE,referral
USR-07788,2025-03-04,UK,paid_search
USR-07789,2024-05-30,UAE,organic
USR-07790,2024-11-29,US,paid_search
USR-07791,2023-08-27,Germany,paid_search
USR-07792,2023-10-11,UK,paid_search
USR-07793,2024-05-10,France,affiliates
USR-07794,2024-03-05,US,paid_search
USR-07795,2024-06-12,UAE,organic
USR-07796,2023-09-29,Singapore,affiliates
USR-07797,2024-05-25,Italy,organic
USR-07798,2024-11-03,Canada,organic
USR-07799,2024-12-05,France,referral
USR-07800,2023-12-06,UAE,affiliates
USR-07801,2024-02-17,UK,email
USR-07802,2024-07-04,Japan,paid_search
USR-07803,2024-06-28,Germany,social
USR-07804,2025-01-22,India,referral
USR-07805,2024-03-23,France,affiliates
USR-07806,2024-10-22,Singapore,organic
USR-07807,2025-04-02,Italy,affiliates
USR-07808,2024-01-13,Spain,social
USR-07809,2025-02-15,France,organic
USR-07810,2024-02-08,India,organic
USR-07811,2024-02-10,Australia,organic
USR-07812,2024-10-09,UAE,affiliates
USR-07813,2024-09-15,Germany,paid_search
USR-07814,2024-07-22,Germany,email
USR-07815,2023-11-23,UAE,organic
USR-07816,2023-08-13,Singapore,referral
USR-07817,2025-04-21,Germany,paid_search
USR-07818,2025-03-26,Italy,affiliates
USR-07819,2025-04-04,Italy,social
USR-07820,2024-06-24,France,referral
USR-07821,2025-04-03,US,social
USR-07822,2024-05-25,Germany,social
USR-07823,2023-07-28,UAE,affiliates
USR-07824,2023-10-29,France,paid_search
USR-07825,2023-12-25,Japan,affiliates
USR-07826,2024-03-13,UK,organic
USR-07827,2025-05-14,US,social
USR-07828,2024-02-08,Italy,affiliates
USR-07829,2024-09-08,Australia,affiliates
USR-07830,2023-12-23,India,paid_search
USR-07831,2024-10-01,US,paid_search
USR-07832,2024-08-05,India,referral
USR-07833,2023-09-23,France,paid_search
USR-07834,2024-05-17,France,affiliates
USR-07835,2023-08-20,US,organic
USR-07836,2025-04-06,India,organic
USR-07837,2024-11-17,UAE,referral
USR-07838,2025-05-16,UAE,paid_search
USR-07839,2025-03-27,UAE,paid_search
USR-07840,2023-11-14,India,paid_search
USR-07841,2024-11-19,India,affiliates
USR-07842,2023-08-16,India,social
USR-07843,2025-05-31,Australia,affiliates
USR-07844,2025-01-17,India,paid_search
USR-07845,2024-10-30,Germany,paid_search
USR-07846,2025-06-26,France,organic
USR-07847,2025-03-05,Italy,paid_search
USR-07848,2025-03-18,India,organic
USR-07849,2023-08-16,France,organic
USR-07850,2023-06-19,Italy,paid_search
USR-07851,2025-05-31,US,email
USR-07852,2023-12-08,Germany,paid_search
USR-07853,2024-04-20,India,paid_search
USR-07854,2023-07-03,Canada,paid_search
USR-07855,2024-09-16,Singapore,social
USR-07856,2025-02-13,UK,referral
USR-07857,2025-03-01,Italy,referral
USR-07858,2024-08-15,Singapore,referral
USR-07859,2024-10-15,Germany,organic
USR-07860,2024-06-25,US,paid_search
USR-07861,2024-05-05,UK,referral
USR-07862,2024-07-26,UAE,affiliates
USR-07863,2025-05-12,France,social
USR-07864,2023-12-09,Italy,paid_search
USR-07865,2024-05-23,US,referral
USR-07866,2024-08-31,UAE,affiliates
USR-07867,2024-08-07,US,paid_search
USR-07868,2023-06-24,UAE,organic
USR-07869,2024-01-05,UK,referral
USR-07870,2024-10-03,India,email
USR-07871,2024-11-09,US,organic
USR-07872,2024-12-10,Germany,paid_search
USR-07873,2025-06-23,India,social
USR-07874,2024-10-24,Spain,email
USR-07875,2024-08-14,UK,referral
USR-07876,2024-02-08,Germany,organic
USR-07877,2024-03-08,Germany,organic
USR-07878,2025-02-17,UK,email
USR-07879,2024-05-22,UK,organic
USR-07880,2024-11-25,US,paid_search
USR-07881,2023-09-03,Germany,social
USR-07882,2023-09-06,Australia,paid_search
USR-07883,2023-11-11,UK,referral
USR-07884,2023-10-27,Singapore,organic
USR-07885,2024-09-04,Singapore,referral
USR-07886,2024-09-27,UAE,social
USR-07887,2024-07-29,France,paid_search
USR-07888,2024-01-06,Australia,affiliates
USR-07889,2024-08-12,France,organic
USR-07890,2023-08-30,Italy,referral
USR-07891,2024-05-25,US,organic
USR-07892,2023-09-26,Spain,affiliates
USR-07893,2023-07-29,Canada,organic
USR-07894,2023-10-04,Japan,social
USR-07895,2023-08-24,US,organic
USR-07896,2024-05-29,Italy,paid_search
USR-07897,2024-07-19,UK,organic
USR-07898,2024-09-04,UAE,organic
USR-07899,2024-04-30,India,organic
USR-07900,2023-10-13,UAE,organic
USR-07901,2023-06-16,India,email
USR-07902,2024-11-23,UK,paid_search
USR-07903,2025-06-16,US,organic
USR-07904,2023-12-31,UK,affiliates
USR-07905,2023-11-03,India,social
USR-07906,2024-01-23,Italy,organic
USR-07907,2023-11-10,Singapore,paid_search
USR-07908,2023-11-17,Spain,paid_search
USR-07909,2024-06-10,Spain,social
USR-07910,2025-01-17,India,affiliates
USR-07911,2024-11-23,France,social
USR-07912,2025-05-30,France,affiliates
USR-07913,2024-02-27,UK,email
USR-07914,2024-06-09,Germany,affiliates
USR-07915,2024-03-16,Singapore,social
USR-07916,2023-07-02,Germany,email
USR-07917,2024-03-22,Singapore,email
USR-07918,2023-12-16,UK,referral
USR-07919,2024-05-29,Spain,organic
USR-07920,2023-09-29,US,organic
USR-07921,2024-12-15,Italy,organic
USR-07922,2025-03-02,US,organic
USR-07923,2025-05-31,France,affiliates
USR-07924,2023-08-04,France,email
USR-07925,2023-08-29,US,organic
USR-07926,2025-06-04,India,paid_search
USR-07927,2025-03-06,US,organic
USR-07928,2024-08-21,Germany,referral
USR-07929,2024-01-31,Japan,affiliates
USR-07930,2024-06-28,India,organic
USR-07931,2024-07-12,France,paid_search
USR-07932,2025-03-05,Italy,affiliates
USR-07933,2024-07-07,France,social
USR-07934,2023-06-21,Italy,affiliates
USR-07935,2024-11-13,France,paid_search
USR-07936,2025-01-11,France,organic
USR-07937,2024-01-13,UK,email
USR-07938,2023-08-28,UK,organic
USR-07939,2023-09-17,Germany,referral
USR-07940,2025-02-28,Italy,referral
USR-07941,2024-05-06,UK,paid_search
USR-07942,2024-07-07,Japan,paid_search
USR-07943,2025-05-31,India,referral
USR-07944,2023-07-17,India,affiliates
USR-07945,2023-11-04,Japan,paid_search
USR-07946,2025-02-23,Japan,referral
USR-07947,2024-07-15,France,organic
USR-07948,2023-06-21,US,affiliates
USR-07949,2024-11-16,US,email
USR-07950,2023-09-14,US,organic
USR-07951,2025-01-15,Spain,email
USR-07952,2025-01-27,India,email
USR-07953,2025-02-16,Singapore,email
USR-07954,2024-05-19,US,paid_search
USR-07955,2023-12-21,France,email
USR-07956,2025-03-31,India,referral
USR-07957,2024-07-29,France,paid_search
USR-07958,2024-09-25,Germany,organic
USR-07959,2023-09-12,Canada,affiliates
USR-07960,2024-09-16,Japan,social
USR-07961,2024-08-14,Singapore,paid_search
USR-07962,2024-01-09,UK,affiliates
USR-07963,2025-01-03,Japan,organic
USR-07964,2023-09-10,Japan,referral
USR-07965,2024-11-28,Japan,paid_search
USR-07966,2025-05-31,France,organic
USR-07967,2024-08-05,US,affiliates
USR-07968,2023-08-19,Singapore,referral
USR-07969,2024-07-25,India,organic
USR-07970,2024-07-07,India,affiliates
USR-07971,2024-07-24,India,affiliates
USR-07972,2023-12-25,Germany,referral
USR-07973,2024-09-18,India,organic
USR-07974,2023-12-18,UAE,organic
USR-07975,2024-07-28,UAE,referral
USR-07976,2024-08-25,France,affiliates
USR-07977,2024-10-03,UK,organic
USR-07978,2025-01-27,Australia,paid_search
USR-07979,2025-04-01,India,organic
USR-07980,2025-01-11,France,paid_search
USR-07981,2025-01-25,France,social
USR-07982,2025-03-22,India,organic
USR-07983,2023-12-02,UAE,social
USR-07984,2024-01-09,UK,social
USR-07985,2024-07-10,Italy,paid_search
USR-07986,2024-05-19,UK,affiliates
USR-07987,2024-11-15,Canada,organic
USR-07988,2023-06-08,UAE,organic
USR-07989,2023-09-14,UK,paid_search
USR-07990,2024-12-19,Germany,social
USR-07991,2025-02-14,India,organic
USR-07992,2024-01-16,Australia,affiliates
USR-07993,2024-01-23,Singapore,organic
USR-07994,2024-07-31,France,organic
USR-07995,2024-05-28,India,referral
USR-07996,2023-10-07,Canada,affiliates
USR-07997,2024-06-15,UAE,social
USR-07998,2025-02-12,France,organic
USR-07999,2024-12-06,India,paid_search
USR-08000,2025-02-11,India,organic
